{
  "name": "Low-Sodium V8",
  "uid": "00008.xml",
  "foodSource": "crdb",
  "entryType": "food",
  "pCF": 4.0,
  "cCF": 4.0,
  "lCF": 9.0,
  "comments": [
    "\n"
  ],
  "measures": [
    {
      "grams": 1.0,
      "amount": 1.0,
      "description": "g"
    },
    {
      "grams": 242.0,
      "amount": 1.0,
      "description": "cup"
    },
    {
      "grams": 182.0,
      "amount": 6.0,
      "description": "fl oz"
    },
    {
      "grams": 250.0,
      "amount": 250.0,
      "description": "mL"
    }
  ],
  "nutrients": [
    {
      "name": "Energy",
      "amount": 20.0
    },
    {
      "name": "Protein",
      "amount": 0.8
    },
    {
      "name": "Carbs",
      "amount": 4.55
    },
    {
      "name": "Fat",
      "amount": 0.09
    },
    {
      "name": "Water",
      "amount": 93.52
    },
    {
      "name": "Fiber",
      "amount": 1.2
    },
    {
      "name": "Ash",
      "amount": 1.21
    },
    {
      "name": "Calcium",
      "amount": 8.0
    },
    {
      "name": "Copper",
      "amount": 0.12
    },
    {
      "name": "Iron",
      "amount": 0.288
    },
    {
      "name": "Magnesium",
      "amount": 24.0
    },
    {
      "name": "Manganese",
      "amount": 0.12
    },
    {
      "name": "Phosphorus",
      "amount": 17.0
    },
    {
      "name": "Potassium",
      "amount": 340.2
    },
    {
      "name": "Selenium",
      "amount": 0.5
    },
    {
      "name": "Sodium",
      "amount": 48.0
    },
    {
      "name": "Zinc",
      "amount": 0.2
    },
    {
      "name": "Vitamin A",
      "amount": 300.0
    },
    {
      "name": "Alpha-carotene",
      "amount": 210.0
    },
    {
      "name": "Beta-carotene",
      "amount": 830.0
    },
    {
      "name": "Lycopene",
      "amount": 9660.0
    },
    {
      "name": "Lutein+Zeaxanthin",
      "amount": 80.0
    },
    {
      "name": "Folate",
      "amount": 80.0
    },
    {
      "name": "B1 (Thiamine)",
      "amount": 0.043
    },
    {
      "name": "B2 (Riboflavin)",
      "amount": 0.028
    },
    {
      "name": "B3 (Niacin)",
      "amount": 0.8
    },
    {
      "name": "B5 (Pantothenic Acid)",
      "amount": 0.266
    },
    {
      "name": "B6 (Pyridoxine)",
      "amount": 0.12
    },
    {
      "name": "Vitamin C",
      "amount": 24.0
    },
    {
      "name": "Vitamin E",
      "amount": 2.4
    },
    {
      "name": "Vitamin K",
      "amount": 5.3
    },
    {
      "name": "Saturated",
      "amount": 0.013
    },
    {
      "name": "Monounsaturated",
      "amount": 0.014
    },
    {
      "name": "Polyunsaturated",
      "amount": 0.038
    }
  ]
}