{
  "name": "AOR Essential Mix",
  "uid": "00002.xml",
  "foodSource": "crdb",
  "entryType": "food",
  "pCF": 4.0,
  "cCF": 4.0,
  "lCF": 9.0,
  "comments": [],
  "measures": [
    {
      "grams": 1.0,
      "amount": 1.0,
      "description": "g"
    },
    {
      "grams": 12.3,
      "amount": 1.0,
      "description": "Scoop"
    }
  ],
  "nutrients": [
    {
      "name": "Energy",
      "amount": 325.203
    },
    {
      "name": "Calcium",
      "amount": 4390.243902439024
    },
    {
      "name": "Copper",
      "amount": 8.130081300813007
    },
    {
      "name": "Magnesium",
      "amount": 1707.3170731707316
    },
    {
      "name": "Manganese",
      "amount": 18.699186991869915
    },
    {
      "name": "Potassium",
      "amount": 804.8780487804877
    },
    {
      "name": "Selenium",
      "amount": 1626.0162601626014
    },
    {
      "name": "Zinc",
      "amount": 89.43089430894308
    },
    {
      "name": "Retinol",
      "amount": 1219.5121951219512
    },
    {
      "name": "Beta-carotene",
      "amount": 48.78048780487804
    },
    {
      "name": "B1 (Thiamine)",
      "amount": 97.56097560975608
    },
    {
      "name": "B2 (Riboflavin)",
      "amount": 105.69105691056909
    },
    {
      "name": "B3 (Niacin)",
      "amount": 406.50406504065035
    },
    {
      "name": "B5 (Pantothenic Acid)",
      "amount": 813.0081300813007
    },
    {
      "name": "B6 (Pyridoxine)",
      "amount": 138.21138211382112
    },
    {
      "name": "B12 (Cyanocobalamin)",
      "amount": 195.12195121951217
    },
    {
      "name": "Vitamin C",
      "amount": 3658.536585365853
    },
    {
      "name": "Vitamin D",
      "amount": 203.25203252032517
    },
    {
      "name": "Vitamin E",
      "amount": 813.0081300813007
    },
    {
      "name": "Beta Tocopherol",
      "amount": 12.19512195121951
    },
    {
      "name": "Delta Tocopherol",
      "amount": 178.86178861788616
    },
    {
      "name": "Gamma Tocopherol",
      "amount": 422.76422764227635
    },
    {
      "name": "Folate",
      "amount": 6504.0650406504055
    }
  ]
}