{
  "name": "Yu Choi",
  "uid": "00007.xml",
  "foodSource": "crdb",
  "entryType": "food",
  "pCF": 4.0,
  "cCF": 4.0,
  "lCF": 9.0,
  "comments": [],
  "measures": [
    {
      "grams": 1.0,
      "amount": 1.0,
      "description": "g"
    }
  ],
  "nutrients": [
    {
      "name": "Energy",
      "amount": 23.529411764705884
    },
    {
      "name": "Protein",
      "amount": 2.3529411764705883
    },
    {
      "name": "Carbs",
      "amount": 3.5294117647058822
    },
    {
      "name": "Calcium",
      "amount": 235.29411764705884
    },
    {
      "name": "Iron",
      "amount": 1.6941176470588235
    },
    {
      "name": "Vitamin A",
      "amount": 10000.0
    },
    {
      "name": "Vitamin C",
      "amount": 127.05882352941177
    }
  ]
}