{
  "name": "Brewer's Yeast Lewis Labs",
  "uid": "00006.xml",
  "foodSource": "crdb",
  "entryType": "food",
  "pCF": 4.0,
  "cCF": 4.0,
  "lCF": 9.0,
  "comments": [],
  "measures": [
    {
      "grams": 1.0,
      "amount": 1.0,
      "description": "g"
    },
    {
      "grams": 15.0,
      "amount": 1.0,
      "description": "tbsp"
    }
  ],
  "nutrients": [
    {
      "name": "Energy",
      "amount": 386.6666666666667
    },
    {
      "name": "Protein",
      "amount": 53.333333333333336
    },
    {
      "name": "Carbs",
      "amount": 43.333333333333336
    },
    {
      "name": "Fiber",
      "amount": 20.0
    },
    {
      "name": "Chromium",
      "amount": 633.3333333333334
    },
    {
      "name": "Copper",
      "amount": 3.3333333333333335
    },
    {
      "name": "Iron",
      "amount": 6.0
    },
    {
      "name": "Magnesium",
      "amount": 106.66666666666667
    },
    {
      "name": "Potassium",
      "amount": 2110.0
    },
    {
      "name": "Selenium",
      "amount": 211.33333333333334
    },
    {
      "name": "Sodium",
      "amount": 210.0
    },
    {
      "name": "Zinc",
      "amount": 5.0
    },
    {
      "name": "Folate",
      "amount": 200.0
    },
    {
      "name": "B1 (Thiamine)",
      "amount": 4.000000000000001
    },
    {
      "name": "B2 (Riboflavin)",
      "amount": 5.1000000000000005
    },
    {
      "name": "B3 (Niacin)",
      "amount": 33.333333333333336
    },
    {
      "name": "B5 (Pantothenic Acid)",
      "amount": 2.0
    },
    {
      "name": "B6 (Pyridoxine)",
      "amount": 2.666666666666667
    },
    {
      "name": "B12 (Cyanocobalamin)",
      "amount": 1.0000000000000002
    },
    {
      "name": "Biotin",
      "amount": 50.0
    },
    {
      "name": "Choline",
      "amount": 420.0
    },
    {
      "name": "ALA",
      "amount": 4.420000000000001
    },
    {
      "name": "ASP",
      "amount": 4.500000000000001
    },
    {
      "name": "ARG",
      "amount": 3.4899999999999998
    },
    {
      "name": "CYS",
      "amount": 0.71
    },
    {
      "name": "GLU",
      "amount": 6.0
    },
    {
      "name": "GLY",
      "amount": 2.1500000000000004
    },
    {
      "name": "HIS",
      "amount": 1.19
    },
    {
      "name": "ILE",
      "amount": 2.39
    },
    {
      "name": "LEU",
      "amount": 2.92
    },
    {
      "name": "LYS",
      "amount": 2.94
    },
    {
      "name": "MET",
      "amount": 0.8300000000000001
    },
    {
      "name": "PHE",
      "amount": 2.2500000000000004
    },
    {
      "name": "PRO",
      "amount": 1.35
    },
    {
      "name": "SER",
      "amount": 2.08
    },
    {
      "name": "THR",
      "amount": 3.19
    },
    {
      "name": "TRP",
      "amount": 1.01
    },
    {
      "name": "TYR",
      "amount": 3.04
    },
    {
      "name": "VAL",
      "amount": 3.04
    }
  ]
}