{
  "name": "Vinegar, balsamic",
  "uid": "00009.xml",
  "foodSource": "crdb",
  "entryType": "food",
  "pCF": 4.0,
  "cCF": 4.0,
  "lCF": 9.0,
  "comments": [],
  "measures": [
    {
      "grams": 1.0,
      "amount": 1.0,
      "description": "g"
    },
    {
      "grams": 15.0,
      "amount": 1.0,
      "description": "tbsp"
    }
  ],
  "nutrients": [
    {
      "name": "Energy",
      "amount": 53.333333333333336
    },
    {
      "name": "Carbs",
      "amount": 13.333333333333334
    },
    {
      "name": "Water",
      "amount": 93.8
    },
    {
      "name": "Ash",
      "amount": 0.3
    },
    {
      "name": "Calcium",
      "amount": 6.0
    },
    {
      "name": "Copper",
      "amount": 0.04
    },
    {
      "name": "Iron",
      "amount": 0.6
    },
    {
      "name": "Magnesium",
      "amount": 22.0
    },
    {
      "name": "Manganese",
      "amount": 0.24
    },
    {
      "name": "Phosphorus",
      "amount": 9.0
    },
    {
      "name": "Potassium",
      "amount": 100.0
    },
    {
      "name": "Selenium",
      "amount": 0.1
    },
    {
      "name": "Sodium",
      "amount": 1.0
    }
  ]
}