{
  "name": "Psyllium Husks, Raw (University of Minnesota)",
  "uid": "00001.xml",
  "foodSource": "crdb",
  "entryType": "food",
  "pCF": 4.0,
  "cCF": 4.0,
  "lCF": 9.0,
  "comments": [
    "\n1 C = 93 g using my brand, but this will vary depending on how finely\nit is milled. Check your brand and customize the entry accordingly.\n"
  ],
  "measures": [
    {
      "grams": 1.0,
      "amount": 1.0,
      "description": "g"
    },
    {
      "grams": 93.0,
      "amount": 1.0,
      "description": "Cup"
    }
  ],
  "nutrients": [
    {
      "name": "Energy",
      "amount": 50.10637106706976
    },
    {
      "name": "Protein",
      "amount": 2.9000111969544284
    },
    {
      "name": "Carbs",
      "amount": 80.80002239390885
    },
    {
      "name": "Fat",
      "amount": 0.5010637106706975
    },
    {
      "name": "Fiber",
      "amount": 72.00201545179712
    },
    {
      "name": "Sodium",
      "amount": 34.990482588735865
    }
  ]
}