{
  "name": "Asian Mushrooms Trader Joe's",
  "uid": "00004.xml",
  "foodSource": "crdb",
  "entryType": "food",
  "pCF": 4.0,
  "cCF": 4.0,
  "lCF": 9.0,
  "comments": [
    "\n"
  ],
  "measures": [
    {
      "grams": 1.0,
      "amount": 1.0,
      "description": "g"
    },
    {
      "grams": 1.1,
      "amount": 1.0,
      "description": "piece whole"
    },
    {
      "grams": 43.0,
      "amount": 1.0,
      "description": "cup whole"
    }
  ],
  "nutrients": [
    {
      "name": "Energy",
      "amount": 35.0
    },
    {
      "name": "Protein",
      "amount": 2.7
    },
    {
      "name": "Carbs",
      "amount": 6.96
    },
    {
      "name": "Fat",
      "amount": 0.41
    },
    {
      "name": "Water",
      "amount": 89.06
    },
    {
      "name": "Fiber",
      "amount": 2.5
    },
    {
      "name": "Ash",
      "amount": 0.87
    },
    {
      "name": "ALA",
      "amount": 0.19
    },
    {
      "name": "ASP",
      "amount": 0.19
    },
    {
      "name": "ARG",
      "amount": 0.11
    },
    {
      "name": "CYS",
      "amount": 0.02
    },
    {
      "name": "GLU",
      "amount": 0.38
    },
    {
      "name": "GLY",
      "amount": 0.11
    },
    {
      "name": "HIS",
      "amount": 0.07
    },
    {
      "name": "ILE",
      "amount": 0.09
    },
    {
      "name": "LEU",
      "amount": 0.13
    },
    {
      "name": "LYS",
      "amount": 0.13
    },
    {
      "name": "MET",
      "amount": 0.03
    },
    {
      "name": "PHE",
      "amount": 0.15
    },
    {
      "name": "PRO",
      "amount": 0.06
    },
    {
      "name": "SER",
      "amount": 0.09
    },
    {
      "name": "THR",
      "amount": 0.11
    },
    {
      "name": "TRP",
      "amount": 0.04
    },
    {
      "name": "TYR",
      "amount": 0.14
    },
    {
      "name": "VAL",
      "amount": 0.23
    },
    {
      "name": "Calcium",
      "amount": 1.0
    },
    {
      "name": "Copper",
      "amount": 0.084
    },
    {
      "name": "Iron",
      "amount": 1.09
    },
    {
      "name": "Magnesium",
      "amount": 16.0
    },
    {
      "name": "Manganese",
      "amount": 0.08
    },
    {
      "name": "Phosphorus",
      "amount": 112.0
    },
    {
      "name": "Potassium",
      "amount": 368.0
    },
    {
      "name": "Selenium",
      "amount": 2.2
    },
    {
      "name": "Sodium",
      "amount": 3.0
    },
    {
      "name": "Zinc",
      "amount": 0.61
    },
    {
      "name": "Folate",
      "amount": 52.0
    },
    {
      "name": "B1 (Thiamine)",
      "amount": 0.127
    },
    {
      "name": "B2 (Riboflavin)",
      "amount": 0.105
    },
    {
      "name": "B3 (Niacin)",
      "amount": 4.65
    },
    {
      "name": "B5 (Pantothenic Acid)",
      "amount": 0.926
    },
    {
      "name": "B6 (Pyridoxine)",
      "amount": 0.093
    },
    {
      "name": "Vitamin E",
      "amount": 0.01
    },
    {
      "name": "Saturated",
      "amount": 0.044
    },
    {
      "name": "Monounsaturated",
      "amount": 0.007
    },
    {
      "name": "Polyunsaturated",
      "amount": 0.161
    },
    {
      "name": "Omega-3",
      "amount": 0.001
    },
    {
      "name": "Omega-6",
      "amount": 0.16
    }
  ]
}