{
  "name": "Sherm's Mega Muffins",
  "uid": "00003.xml",
  "foodSource": "crdb",
  "entryType": "recipe",
  "pCF": 4.0,
  "cCF": 4.0,
  "lCF": 9.0,
  "comments": [
    "\nMissing ingredients: zinc, calcium, stevia"
  ],
  "measures": [
    {
      "grams": 1.0,
      "amount": 1.0,
      "description": "g"
    },
    {
      "grams": 1759.68,
      "amount": 1.0,
      "description": "full recipe"
    },
    {
      "grams": 85.0,
      "amount": 1.0,
      "description": "Muffin"
    }
  ],
  "nutrients": [],
  "servings": [
    {
      "source": "USDA",
      "grams": 450.0,
      "food": 9318,
      "measure": null
    },
    {
      "source": "USDA",
      "grams": 150.0,
      "food": 1117,
      "measure": null
    },
    {
      "source": "USDA",
      "grams": 118.5,
      "food": 14429,
      "measure": "cup (8 fl oz)"
    },
    {
      "source": "USDA",
      "grams": 106.5,
      "food": 9214,
      "measure": "fl oz"
    },
    {
      "source": "USDA",
      "grams": 100.0,
      "food": 1124,
      "measure": null
    },
    {
      "source": "USDA",
      "grams": 50.0,
      "food": 1123,
      "measure": "large"
    },
    {
      "source": "USDA",
      "grams": 70.0,
      "food": 11124,
      "measure": null
    },
    {
      "source": "USDA",
      "grams": 45.0,
      "food": 9037,
      "measure": null
    },
    {
      "source": "USDA",
      "grams": 118.0,
      "food": 20060,
      "measure": "cup"
    },
    {
      "source": "USDA",
      "grams": 110.88,
      "food": 12220,
      "measure": "cup, whole"
    },
    {
      "source": "USDA",
      "grams": 60.0,
      "food": 18375,
      "measure": null
    },
    {
      "source": "USDA",
      "grams": 65.0,
      "food": 16122,
      "measure": null
    },
    {
      "source": "USDA",
      "grams": 30.0,
      "food": 20078,
      "measure": null
    },
    {
      "source": "USDA",
      "grams": 30.0,
      "food": 12036,
      "measure": null
    },
    {
      "source": "USDA",
      "grams": 20.0,
      "food": 1091,
      "measure": null
    },
    {
      "source": "USDA",
      "grams": 30.0,
      "food": 9298,
      "measure": null
    },
    {
      "source": "USDA",
      "grams": 100.0,
      "food": 9079,
      "measure": null
    },
    {
      "source": "USDA",
      "grams": 6.8,
      "food": 2010,
      "measure": "tbsp"
    },
    {
      "source": "USDA",
      "grams": 1.8,
      "food": 2021,
      "measure": "tsp"
    },
    {
      "source": "USDA",
      "grams": 2.2,
      "food": 2025,
      "measure": "tsp"
    },
    {
      "source": "USDA",
      "grams": 15.0,
      "food": 18371,
      "measure": null
    },
    {
      "source": "CRDB",
      "grams": 80.0,
      "food": 1,
      "measure": null
    }
  ]
}