{
  "name": "Jarrow Whey protein powder",
  "uid": "00005.xml",
  "foodSource": "crdb",
  "entryType": "food",
  "pCF": 4.0,
  "cCF": 4.0,
  "lCF": 9.0,
  "comments": [],
  "measures": [
    {
      "grams": 1.0,
      "amount": 1.0,
      "description": "g"
    },
    {
      "grams": 21.0,
      "amount": 1.0,
      "description": "scoop"
    }
  ],
  "nutrients": [
    {
      "name": "Energy",
      "amount": 380.95238095238096
    },
    {
      "name": "Protein",
      "amount": 85.71428571428572
    },
    {
      "name": "Carbs",
      "amount": 19.047619047619047
    },
    {
      "name": "Fat",
      "amount": 4.761904761904762
    },
    {
      "name": "Ash",
      "amount": 8.35
    },
    {
      "name": "ALA",
      "amount": 0.598
    },
    {
      "name": "ASP",
      "amount": 1.269
    },
    {
      "name": "ARG",
      "amount": 0.375
    },
    {
      "name": "CYS",
      "amount": 0.253
    },
    {
      "name": "GLU",
      "amount": 2.248
    },
    {
      "name": "GLY",
      "amount": 0.28
    },
    {
      "name": "HIS",
      "amount": 0.237
    },
    {
      "name": "ILE",
      "amount": 0.719
    },
    {
      "name": "LEU",
      "amount": 1.186
    },
    {
      "name": "LYS",
      "amount": 1.03
    },
    {
      "name": "MET",
      "amount": 0.241
    },
    {
      "name": "PHE",
      "amount": 0.407
    },
    {
      "name": "PRO",
      "amount": 0.786
    },
    {
      "name": "SER",
      "amount": 0.622
    },
    {
      "name": "THR",
      "amount": 0.817
    },
    {
      "name": "TRP",
      "amount": 0.205
    },
    {
      "name": "TYR",
      "amount": 0.363
    },
    {
      "name": "VAL",
      "amount": 0.697
    },
    {
      "name": "Calcium",
      "amount": 380.95238095238096
    },
    {
      "name": "Copper",
      "amount": 0.07
    },
    {
      "name": "Iron",
      "amount": 0.88
    },
    {
      "name": "Magnesium",
      "amount": 176.0
    },
    {
      "name": "Manganese",
      "amount": 0.009
    },
    {
      "name": "Phosphorus",
      "amount": 932.0
    },
    {
      "name": "Potassium",
      "amount": 2080.0
    },
    {
      "name": "Selenium",
      "amount": 27.2
    },
    {
      "name": "Sodium",
      "amount": 1079.0
    },
    {
      "name": "Zinc",
      "amount": 1.97
    },
    {
      "name": "Vitamin A",
      "amount": 30.0
    },
    {
      "name": "Retinol",
      "amount": 8.0
    },
    {
      "name": "Beta-carotene",
      "amount": 2.0
    },
    {
      "name": "B1 (Thiamine)",
      "amount": 0.519
    },
    {
      "name": "B2 (Riboflavin)",
      "amount": 2.208
    },
    {
      "name": "B3 (Niacin)",
      "amount": 1.258
    },
    {
      "name": "B5 (Pantothenic Acid)",
      "amount": 5.62
    },
    {
      "name": "B6 (Pyridoxine)",
      "amount": 0.584
    },
    {
      "name": "B12 (Cyanocobalamin)",
      "amount": 2.37
    },
    {
      "name": "Vitamin C",
      "amount": 1.5
    },
    {
      "name": "Vitamin E",
      "amount": 0.02
    },
    {
      "name": "Vitamin K",
      "amount": 0.1
    },
    {
      "name": "Folate",
      "amount": 12.0
    },
    {
      "name": "Saturated",
      "amount": 0.684
    },
    {
      "name": "Monounsaturated",
      "amount": 0.297
    },
    {
      "name": "Polyunsaturated",
      "amount": 0.034
    },
    {
      "name": "Cholesterol",
      "amount": 6.0
    }
  ]
}