{
  "name": "Egg Beaters",
  "uid": "00018.xml",
  "foodSource": "crdb",
  "entryType": "food",
  "pCF": 4.0,
  "cCF": 4.0,
  "lCF": 9.0,
  "comments": [],
  "measures": [
    {
      "grams": 1.0,
      "amount": 1.0,
      "description": "g"
    },
    {
      "grams": 244.0,
      "amount": 1.0,
      "description": "cup"
    },
    {
      "grams": 15.25,
      "amount": 1.0,
      "description": "tbsp"
    }
  ],
  "nutrients": [
    {
      "name": "Energy",
      "amount": 49.18032786885246
    },
    {
      "name": "Protein",
      "amount": 9.836065573770492
    },
    {
      "name": "Carbs",
      "amount": 1.639344262295082
    },
    {
      "name": "Sugars",
      "amount": 0.64
    },
    {
      "name": "Water",
      "amount": 82.75
    },
    {
      "name": "Ash",
      "amount": 1.3
    },
    {
      "name": "Calcium",
      "amount": 53.0
    },
    {
      "name": "Copper",
      "amount": 0.023
    },
    {
      "name": "Iron",
      "amount": 2.1
    },
    {
      "name": "Magnesium",
      "amount": 9.0
    },
    {
      "name": "Manganese",
      "amount": 0.007
    },
    {
      "name": "Phosphorus",
      "amount": 121.0
    },
    {
      "name": "Potassium",
      "amount": 330.0
    },
    {
      "name": "Selenium",
      "amount": 24.9
    },
    {
      "name": "Sodium",
      "amount": 177.0
    },
    {
      "name": "Zinc",
      "amount": 1.3
    },
    {
      "name": "Vitamin A",
      "amount": 360.0
    },
    {
      "name": "Beta-carotene",
      "amount": 216.0
    },
    {
      "name": "Folate",
      "amount": 15.0
    },
    {
      "name": "B1 (Thiamine)",
      "amount": 0.11
    },
    {
      "name": "B2 (Riboflavin)",
      "amount": 0.3
    },
    {
      "name": "B3 (Niacin)",
      "amount": 0.11
    },
    {
      "name": "B5 (Pantothenic Acid)",
      "amount": 2.7
    },
    {
      "name": "B6 (Pyridoxine)",
      "amount": 0.003
    },
    {
      "name": "B12 (Cyanocobalamin)",
      "amount": 0.3
    },
    {
      "name": "Vitamin E",
      "amount": 0.27
    },
    {
      "name": "Vitamin K",
      "amount": 0.8
    },
    {
      "name": "Phytosterol",
      "amount": 0.7213114754098361
    },
    {
      "name": "ALA",
      "amount": 0.762
    },
    {
      "name": "ASP",
      "amount": 1.197
    },
    {
      "name": "ARG",
      "amount": 0.784
    },
    {
      "name": "CYS",
      "amount": 0.292
    },
    {
      "name": "GLU",
      "amount": 1.897
    },
    {
      "name": "GLY",
      "amount": 0.492
    },
    {
      "name": "HIS",
      "amount": 0.296
    },
    {
      "name": "ILE",
      "amount": 0.748
    },
    {
      "name": "LEU",
      "amount": 1.082
    },
    {
      "name": "LYS",
      "amount": 0.788
    },
    {
      "name": "MET",
      "amount": 0.425
    },
    {
      "name": "PHE",
      "amount": 0.766
    },
    {
      "name": "PRO",
      "amount": 0.525
    },
    {
      "name": "SER",
      "amount": 0.881
    },
    {
      "name": "THR",
      "amount": 0.553
    },
    {
      "name": "TRP",
      "amount": 0.191
    },
    {
      "name": "TYR",
      "amount": 0.495
    },
    {
      "name": "VAL",
      "amount": 0.887
    }
  ]
}