{
  "name": "Sorrento Fat Free Ricotta",
  "uid": "00012.xml",
  "foodSource": "crdb",
  "entryType": "food",
  "pCF": 4.0,
  "cCF": 4.0,
  "lCF": 9.0,
  "comments": [],
  "measures": [
    {
      "grams": 1.0,
      "amount": 1.0,
      "description": "g"
    },
    {
      "grams": 62.0,
      "amount": 1.0,
      "description": "Serving (1/4 C)"
    }
  ],
  "nutrients": [
    {
      "name": "Energy",
      "amount": 72.58064516129032
    },
    {
      "name": "Protein",
      "amount": 9.032258064516128
    },
    {
      "name": "Carbs",
      "amount": 9.032258064516128
    },
    {
      "name": "Sodium",
      "amount": 117.74193548387098
    },
    {
      "name": "Cholesterol",
      "amount": 0.017741935483870968
    }
  ]
}