{
  "name": "Quorn Tenders",
  "uid": "00010.xml",
  "foodSource": "crdb",
  "entryType": "food",
  "pCF": 4.0,
  "cCF": 4.0,
  "lCF": 9.0,
  "comments": [
    "\"Nutrition Facts\" info taken from UK information: US information is less accurate because of labeling rules for rounding -MR"
  ],
  "measures": [
    {
      "grams": 1.0,
      "amount": 1.0,
      "description": "g"
    }
  ],
  "nutrients": [
    {
      "name": "Energy",
      "amount": 94.11764705882354
    },
    {
      "name": "Protein",
      "amount": 13.0
    },
    {
      "name": "Carbs",
      "amount": 11.3
    },
    {
      "name": "Fiber",
      "amount": 5.0588235294117645
    },
    {
      "name": "Fat",
      "amount": 2.6
    },
    {
      "name": "Calcium",
      "amount": 18.0
    },
    {
      "name": "Copper",
      "amount": 0.1
    },
    {
      "name": "Iron",
      "amount": 0.8235294117647058
    },
    {
      "name": "Magnesium",
      "amount": 37.0
    },
    {
      "name": "Manganese",
      "amount": 2.8
    },
    {
      "name": "Phosphorus",
      "amount": 222.0
    },
    {
      "name": "Potassium",
      "amount": 120.0
    },
    {
      "name": "Sodium",
      "amount": 300.0
    },
    {
      "name": "Zinc",
      "amount": 7.0
    },
    {
      "name": "Retinol",
      "amount": 3.0
    },
    {
      "name": "Folate",
      "amount": 12.0
    },
    {
      "name": "B1 (Thiamine)",
      "amount": 0.2
    },
    {
      "name": "B2 (Riboflavin)",
      "amount": 0.3
    },
    {
      "name": "B3 (Niacin)",
      "amount": 0.6
    },
    {
      "name": "B5 (Pantothenic Acid)",
      "amount": 0.47
    },
    {
      "name": "B6 (Pyridoxine)",
      "amount": 0.08
    },
    {
      "name": "B12 (Cyanocobalamin)",
      "amount": 0.2
    },
    {
      "name": "Saturated",
      "amount": 0.5882352941176471
    },
    {
      "name": "Monounsaturated",
      "amount": 0.5882352941176471
    },
    {
      "name": "Polyunsaturated",
      "amount": 1.1764705882352942
    },
    {
      "name": "Omega-3",
      "amount": 0.35294117647058826
    },
    {
      "name": "Omega-6",
      "amount": 0.8235294117647058
    },
    {
      "name": "Cholesterol",
      "amount": 0.0
    },
    {
      "name": "ALA",
      "amount": 0.45595708639186894
    },
    {
      "name": "ARG",
      "amount": 0.4157559288537549
    },
    {
      "name": "ASP",
      "amount": 0.7905138339920948
    },
    {
      "name": "CYS",
      "amount": 0.11764705882352942
    },
    {
      "name": "GLU",
      "amount": 1.0050612648221342
    },
    {
      "name": "GLY",
      "amount": 0.26669988706945225
    },
    {
      "name": "HIS",
      "amount": 0.11764705882352942
    },
    {
      "name": "ILE",
      "amount": 0.23529411764705885
    },
    {
      "name": "LEU",
      "amount": 0.4705882352941177
    },
    {
      "name": "LYS",
      "amount": 0.35294117647058826
    },
    {
      "name": "MET",
      "amount": 0.11764705882352942
    },
    {
      "name": "PHE",
      "amount": 0.23529411764705885
    },
    {
      "name": "PRO",
      "amount": 0.2810182100508188
    },
    {
      "name": "SER",
      "amount": 0.5253147939017504
    },
    {
      "name": "THR",
      "amount": 0.23529411764705885
    },
    {
      "name": "TRP",
      "amount": 0.11764705882352942
    },
    {
      "name": "TYR",
      "amount": 0.11764705882352942
    },
    {
      "name": "VAL",
      "amount": 0.35294117647058826
    }
  ]
}