{
  "name": "Harvest Hodgepodge Mixed Frozen Vegetables Trader Joe's",
  "uid": "00015.xml",
  "foodSource": "crdb",
  "entryType": "food",
  "pCF": 4.0,
  "cCF": 4.0,
  "lCF": 9.0,
  "comments": [
    "\n"
  ],
  "measures": [
    {
      "grams": 1.0,
      "amount": 1.0,
      "description": "g"
    }
  ],
  "nutrients": [
    {
      "name": "Energy",
      "amount": 34.48275862068966
    },
    {
      "name": "Protein",
      "amount": 2.2988505747126435
    },
    {
      "name": "Carbs",
      "amount": 5.747126436781609
    },
    {
      "name": "Fiber",
      "amount": 2.2988505747126435
    },
    {
      "name": "ALA",
      "amount": 0.08811305070656691
    },
    {
      "name": "ASP",
      "amount": 0.14048212801330007
    },
    {
      "name": "ARG",
      "amount": 0.08146300914380716
    },
    {
      "name": "CYS",
      "amount": 0.014131338320864505
    },
    {
      "name": "GLU",
      "amount": 0.2593516209476309
    },
    {
      "name": "GLY",
      "amount": 0.057356608478802994
    },
    {
      "name": "HIS",
      "amount": 0.03158769742310889
    },
    {
      "name": "ILE",
      "amount": 0.06650041562759768
    },
    {
      "name": "LEU",
      "amount": 0.09975062344139651
    },
    {
      "name": "LYS",
      "amount": 0.08229426433915213
    },
    {
      "name": "MET",
      "amount": 0.0199501246882793
    },
    {
      "name": "PHE",
      "amount": 0.05985037406483791
    },
    {
      "name": "PRO",
      "amount": 0.07231920199501246
    },
    {
      "name": "SER",
      "amount": 0.06317539484621779
    },
    {
      "name": "THR",
      "amount": 0.05901911886949293
    },
    {
      "name": "TRP",
      "amount": 0.01745635910224439
    },
    {
      "name": "TYR",
      "amount": 0.049044056525353284
    },
    {
      "name": "VAL",
      "amount": 0.09393183707398171
    },
    {
      "name": "Copper",
      "amount": 0.1149425287356322
    },
    {
      "name": "Iron",
      "amount": 0.41379310344827586
    },
    {
      "name": "Magnesium",
      "amount": 12.758620689655173
    },
    {
      "name": "Manganese",
      "amount": 0.1149425287356322
    },
    {
      "name": "Phosphorus",
      "amount": 44.94252873563219
    },
    {
      "name": "Potassium",
      "amount": 219.54022988505747
    },
    {
      "name": "Selenium",
      "amount": 0.9195402298850576
    },
    {
      "name": "Sodium",
      "amount": 22.988505747126435
    },
    {
      "name": "Zinc",
      "amount": 0.3448275862068965
    },
    {
      "name": "Vitamin A",
      "amount": 1149.4252873563219
    },
    {
      "name": "Alpha-carotene",
      "amount": 522.9885057471264
    },
    {
      "name": "Beta-carotene",
      "amount": 1211.4942528735633
    },
    {
      "name": "Beta-cryptoxanthin",
      "amount": 96.55172413793103
    },
    {
      "name": "Lycopene",
      "amount": 0.3448275862068965
    },
    {
      "name": "Lutein+Zeaxanthin",
      "amount": 429.88505747126436
    },
    {
      "name": "Folate",
      "amount": 35.632183908045974
    },
    {
      "name": "B1 (Thiamine)",
      "amount": 0.1149425287356322
    },
    {
      "name": "B2 (Riboflavin)",
      "amount": 0.1149425287356322
    },
    {
      "name": "B3 (Niacin)",
      "amount": 0.9195402298850576
    },
    {
      "name": "B5 (Pantothenic Acid)",
      "amount": 0.2298850574712644
    },
    {
      "name": "B6 (Pyridoxine)",
      "amount": 0.1149425287356322
    },
    {
      "name": "Vitamin C",
      "amount": 10.344827586206897
    },
    {
      "name": "Vitamin E",
      "amount": 0.5747126436781609
    },
    {
      "name": "Vitamin K",
      "amount": 27.126436781609197
    }
  ]
}