{
  "name": "SALSA, calorie-corrected",
  "uid": "00014.xml",
  "foodSource": "crdb",
  "entryType": "food",
  "pCF": 4.0,
  "cCF": 4.0,
  "lCF": 9.0,
  "comments": [
    "\n"
  ],
  "measures": [
    {
      "grams": 1.0,
      "amount": 1.0,
      "description": "g"
    },
    {
      "grams": 259.0,
      "amount": 1.0,
      "description": "cup"
    },
    {
      "grams": 33.0,
      "amount": 2.0,
      "description": "tablespoon"
    }
  ],
  "nutrients": [
    {
      "name": "Energy",
      "amount": 30.3030303030303
    },
    {
      "name": "Protein",
      "amount": 1.54
    },
    {
      "name": "Carbs",
      "amount": 6.26
    },
    {
      "name": "Fat",
      "amount": 0.16
    },
    {
      "name": "Water",
      "amount": 89.88
    },
    {
      "name": "Fiber",
      "amount": 1.6
    },
    {
      "name": "Starch",
      "amount": 1.59
    },
    {
      "name": "Ash",
      "amount": 2.17
    },
    {
      "name": "Calcium",
      "amount": 27.0
    },
    {
      "name": "Copper",
      "amount": 0.132
    },
    {
      "name": "Iron",
      "amount": 0.46
    },
    {
      "name": "Magnesium",
      "amount": 15.0
    },
    {
      "name": "Manganese",
      "amount": 0.121
    },
    {
      "name": "Phosphorus",
      "amount": 31.0
    },
    {
      "name": "Potassium",
      "amount": 297.0
    },
    {
      "name": "Selenium",
      "amount": 0.9
    },
    {
      "name": "Sodium",
      "amount": 600.0
    },
    {
      "name": "Zinc",
      "amount": 0.37
    },
    {
      "name": "Vitamin A",
      "amount": 292.0
    },
    {
      "name": "Beta-carotene",
      "amount": 175.0
    },
    {
      "name": "Lycopene",
      "amount": 10515.0
    },
    {
      "name": "Folate",
      "amount": 4.0
    },
    {
      "name": "B1 (Thiamine)",
      "amount": 0.022
    },
    {
      "name": "B2 (Riboflavin)",
      "amount": 0.032
    },
    {
      "name": "B3 (Niacin)",
      "amount": 0.075
    },
    {
      "name": "B5 (Pantothenic Acid)",
      "amount": 0.007
    },
    {
      "name": "B6 (Pyridoxine)",
      "amount": 0.175
    },
    {
      "name": "Vitamin C",
      "amount": 1.9
    },
    {
      "name": "Vitamin E",
      "amount": 1.18
    },
    {
      "name": "Vitamin K",
      "amount": 4.5
    },
    {
      "name": "Saturated",
      "amount": 0.03
    },
    {
      "name": "Monounsaturated",
      "amount": 0.025
    },
    {
      "name": "Polyunsaturated",
      "amount": 0.115
    },
    {
      "name": "Omega-3",
      "amount": 0.005
    },
    {
      "name": "Omega-6",
      "amount": 0.109
    }
  ]
}