{
  "name": "Artichoke Hearts, Canned",
  "uid": "00016.xml",
  "foodSource": "crdb",
  "entryType": "food",
  "pCF": 4.0,
  "cCF": 4.0,
  "lCF": 9.0,
  "comments": [
    "\n"
  ],
  "measures": [
    {
      "grams": 1.0,
      "amount": 1.0,
      "description": "g"
    },
    {
      "grams": 41.0,
      "amount": 1.0,
      "description": "artichoke, medium"
    },
    {
      "grams": 84.0,
      "amount": 0.5,
      "description": "cup hearts"
    }
  ],
  "nutrients": [
    {
      "name": "Energy",
      "amount": 36.58536585365854
    },
    {
      "name": "Protein",
      "amount": 3.658536585365854
    },
    {
      "name": "Carbs",
      "amount": 5.609756097560975
    },
    {
      "name": "Fiber",
      "amount": 3.658536585365854
    },
    {
      "name": "Water",
      "amount": 83.97
    },
    {
      "name": "Ash",
      "amount": 1.21
    },
    {
      "name": "Calcium",
      "amount": 3.658536585365854
    },
    {
      "name": "Copper",
      "amount": 0.233
    },
    {
      "name": "Iron",
      "amount": 1.29
    },
    {
      "name": "Magnesium",
      "amount": 60.0
    },
    {
      "name": "Manganese",
      "amount": 0.259
    },
    {
      "name": "Phosphorus",
      "amount": 86.0
    },
    {
      "name": "Potassium",
      "amount": 354.0
    },
    {
      "name": "Selenium",
      "amount": 0.2
    },
    {
      "name": "Sodium",
      "amount": 95.0
    },
    {
      "name": "Zinc",
      "amount": 0.49
    },
    {
      "name": "Vitamin A",
      "amount": 177.0
    },
    {
      "name": "Beta-carotene",
      "amount": 106.0
    },
    {
      "name": "Lutein+Zeaxanthin",
      "amount": 464.0
    },
    {
      "name": "Folate",
      "amount": 51.0
    },
    {
      "name": "B1 (Thiamine)",
      "amount": 0.065
    },
    {
      "name": "B2 (Riboflavin)",
      "amount": 0.066
    },
    {
      "name": "B3 (Niacin)",
      "amount": 1.001
    },
    {
      "name": "B5 (Pantothenic Acid)",
      "amount": 0.342
    },
    {
      "name": "B6 (Pyridoxine)",
      "amount": 0.111
    },
    {
      "name": "Vitamin C",
      "amount": 10.0
    },
    {
      "name": "Vitamin E",
      "amount": 0.19
    },
    {
      "name": "Vitamin K",
      "amount": 14.8
    },
    {
      "name": "Saturated",
      "amount": 0.037
    },
    {
      "name": "Monounsaturated",
      "amount": 0.005
    },
    {
      "name": "Polyunsaturated",
      "amount": 0.068
    },
    {
      "name": "Omega-3",
      "amount": 0.018
    },
    {
      "name": "Omega-6",
      "amount": 0.049
    }
  ]
}