{
  "name": "Baby Corn",
  "uid": "00011.xml",
  "foodSource": "crdb",
  "entryType": "food",
  "pCF": 4.0,
  "cCF": 4.0,
  "lCF": 9.0,
  "comments": [],
  "measures": [
    {
      "grams": 1.0,
      "amount": 1.0,
      "description": "g"
    },
    {
      "grams": 82.0,
      "amount": 0.5,
      "description": "cup"
    },
    {
      "grams": 284.0,
      "amount": 1.0,
      "description": "package (10 oz)"
    }
  ],
  "nutrients": [
    {
      "name": "Energy",
      "amount": 31.0
    },
    {
      "name": "Protein",
      "amount": 2.2
    },
    {
      "name": "Carbs",
      "amount": 6.7
    },
    {
      "name": "Fiber",
      "amount": 0.5
    },
    {
      "name": "Fat",
      "amount": 0.2
    },
    {
      "name": "Water",
      "amount": 74.92
    },
    {
      "name": "Ash",
      "amount": 0.48
    },
    {
      "name": "Calcium",
      "amount": 12.0
    },
    {
      "name": "Copper",
      "amount": 0.09
    },
    {
      "name": "Iron",
      "amount": 0.65
    },
    {
      "name": "Magnesium",
      "amount": 25.0
    },
    {
      "name": "Manganese",
      "amount": 0.6
    },
    {
      "name": "Phosphorus",
      "amount": 67.5
    },
    {
      "name": "Potassium",
      "amount": 194.0
    },
    {
      "name": "Selenium",
      "amount": 0.7
    },
    {
      "name": "Sodium",
      "amount": 10.0
    },
    {
      "name": "Zinc",
      "amount": 0.8
    },
    {
      "name": "Vitamin A",
      "amount": 30.0
    },
    {
      "name": "Retinol",
      "amount": 0.0
    },
    {
      "name": "Beta-carotene",
      "amount": 2.0
    },
    {
      "name": "Beta-cryptoxanthin",
      "amount": 1.0
    },
    {
      "name": "Lutein+Zeaxanthin",
      "amount": 54.0
    },
    {
      "name": "Folate",
      "amount": 110.0
    },
    {
      "name": "B1 (Thiamine)",
      "amount": 0.09
    },
    {
      "name": "B2 (Riboflavin)",
      "amount": 0.065
    },
    {
      "name": "B3 (Niacin)",
      "amount": 0.125
    },
    {
      "name": "B5 (Pantothenic Acid)",
      "amount": 0.4
    },
    {
      "name": "B6 (Pyridoxine)",
      "amount": 0.178
    },
    {
      "name": "B12 (Cyanocobalamin)",
      "amount": 0.0
    },
    {
      "name": "Vitamin C",
      "amount": 21.5
    },
    {
      "name": "Vitamin D",
      "amount": 0.0
    },
    {
      "name": "Vitamin E",
      "amount": 0.5
    },
    {
      "name": "Vitamin K",
      "amount": 1.0
    },
    {
      "name": "Saturated",
      "amount": 0.119
    },
    {
      "name": "Monounsaturated",
      "amount": 0.227
    },
    {
      "name": "Polyunsaturated",
      "amount": 0.366
    },
    {
      "name": "ALA",
      "amount": 0.276
    },
    {
      "name": "ARG",
      "amount": 0.123
    },
    {
      "name": "ASP",
      "amount": 0.229
    },
    {
      "name": "CYS",
      "amount": 0.025
    },
    {
      "name": "GLU",
      "amount": 0.596
    },
    {
      "name": "GLY",
      "amount": 0.119
    },
    {
      "name": "HIS",
      "amount": 0.083
    },
    {
      "name": "ILE",
      "amount": 0.121
    },
    {
      "name": "LEU",
      "amount": 0.326
    },
    {
      "name": "LYS",
      "amount": 0.128
    },
    {
      "name": "MET",
      "amount": 0.063
    },
    {
      "name": "PHE",
      "amount": 0.141
    },
    {
      "name": "PRO",
      "amount": 0.274
    },
    {
      "name": "SER",
      "amount": 0.143
    },
    {
      "name": "THR",
      "amount": 0.121
    },
    {
      "name": "TRP",
      "amount": 0.021
    },
    {
      "name": "TYR",
      "amount": 0.115
    },
    {
      "name": "VAL",
      "amount": 0.173
    }
  ]
}