{
  "name": "JELL-O, Sugar Free",
  "uid": "00019.xml",
  "foodSource": "crdb",
  "entryType": "food",
  "pCF": 4.0,
  "cCF": 4.0,
  "lCF": 9.0,
  "comments": [],
  "measures": [
    {
      "grams": 1.0,
      "amount": 1.0,
      "description": "g"
    },
    {
      "grams": 250.0,
      "amount": 1.0,
      "description": "Serving"
    }
  ],
  "nutrients": [
    {
      "name": "Energy",
      "amount": 8.0
    },
    {
      "name": "Protein",
      "amount": 1.4
    },
    {
      "name": "Water",
      "amount": 97.8
    },
    {
      "name": "Iron",
      "amount": 0.03
    },
    {
      "name": "Potassium",
      "amount": 3.0
    },
    {
      "name": "Sodium",
      "amount": 49.0
    },
    {
      "name": "ALA",
      "amount": 0.1504
    },
    {
      "name": "ASP",
      "amount": 0.0988
    },
    {
      "name": "ARG",
      "amount": 0.1244
    },
    {
      "name": "GLU",
      "amount": 0.1644
    },
    {
      "name": "GLY",
      "amount": 0.358
    },
    {
      "name": "HIS",
      "amount": 0.0124
    },
    {
      "name": "ILE",
      "amount": 0.21600000000000003
    },
    {
      "name": "LEU",
      "amount": 0.046
    },
    {
      "name": "LYS",
      "amount": 0.06520000000000001
    },
    {
      "name": "MET",
      "amount": 0.011600000000000001
    },
    {
      "name": "PHE",
      "amount": 0.0328
    },
    {
      "name": "PRO",
      "amount": 0.2312
    },
    {
      "name": "SER",
      "amount": 0.048799999999999996
    },
    {
      "name": "THR",
      "amount": 0.27599999999999997
    },
    {
      "name": "TYR",
      "amount": 0.0056
    },
    {
      "name": "VAL",
      "amount": 0.0392
    }
  ]
}