{
  "name": "Tofu, extra firm, Sunrise",
  "uid": "00013.xml",
  "foodSource": "crdb",
  "entryType": "food",
  "pCF": 4.0,
  "cCF": 4.0,
  "lCF": 9.0,
  "comments": [
    "\n"
  ],
  "measures": [
    {
      "grams": 1.0,
      "amount": 1.0,
      "description": "g"
    },
    {
      "grams": 91.0,
      "amount": 0.2,
      "description": "block"
    }
  ],
  "nutrients": [
    {
      "name": "Energy",
      "amount": 152.94117647058823
    },
    {
      "name": "Protein",
      "amount": 15.294117647058824
    },
    {
      "name": "Carbs",
      "amount": 2.3529411764705883
    },
    {
      "name": "Fat",
      "amount": 9.411764705882353
    },
    {
      "name": "Water",
      "amount": 81.28
    },
    {
      "name": "Fiber",
      "amount": 0.4
    },
    {
      "name": "Ash",
      "amount": 1.0
    },
    {
      "name": "ALA",
      "amount": 0.406
    },
    {
      "name": "ASP",
      "amount": 1.093
    },
    {
      "name": "ARG",
      "amount": 0.657
    },
    {
      "name": "CYS",
      "amount": 0.137
    },
    {
      "name": "GLU",
      "amount": 1.709
    },
    {
      "name": "GLY",
      "amount": 0.386
    },
    {
      "name": "HIS",
      "amount": 0.288
    },
    {
      "name": "ILE",
      "amount": 0.49
    },
    {
      "name": "LEU",
      "amount": 0.751
    },
    {
      "name": "LYS",
      "amount": 0.651
    },
    {
      "name": "MET",
      "amount": 0.126
    },
    {
      "name": "PHE",
      "amount": 0.481
    },
    {
      "name": "PRO",
      "amount": 0.533
    },
    {
      "name": "SER",
      "amount": 0.466
    },
    {
      "name": "THR",
      "amount": 0.404
    },
    {
      "name": "TRP",
      "amount": 0.154
    },
    {
      "name": "TYR",
      "amount": 0.331
    },
    {
      "name": "VAL",
      "amount": 0.499
    },
    {
      "name": "Calcium",
      "amount": 117.64705882352942
    },
    {
      "name": "Copper",
      "amount": 0.191
    },
    {
      "name": "Iron",
      "amount": 3.176470588235294
    },
    {
      "name": "Magnesium",
      "amount": 53.0
    },
    {
      "name": "Manganese",
      "amount": 0.759
    },
    {
      "name": "Phosphorus",
      "amount": 136.0
    },
    {
      "name": "Potassium",
      "amount": 132.0
    },
    {
      "name": "Selenium",
      "amount": 13.0
    },
    {
      "name": "Sodium",
      "amount": 8.0
    },
    {
      "name": "Zinc",
      "amount": 1.1
    },
    {
      "name": "Folate",
      "amount": 17.0
    },
    {
      "name": "B1 (Thiamine)",
      "amount": 0.048
    },
    {
      "name": "B2 (Riboflavin)",
      "amount": 0.045
    },
    {
      "name": "B3 (Niacin)",
      "amount": 0.288
    },
    {
      "name": "B5 (Pantothenic Acid)",
      "amount": 0.453
    },
    {
      "name": "B6 (Pyridoxine)",
      "amount": 0.063
    },
    {
      "name": "Vitamin C",
      "amount": 0.5
    },
    {
      "name": "Saturated",
      "amount": 1.7647058823529411
    },
    {
      "name": "Monounsaturated",
      "amount": 4.338
    },
    {
      "name": "Polyunsaturated",
      "amount": 0.542
    }
  ]
}