{
  "name": "Baking Powder, Sodium-Free, Hain",
  "uid": "00017.xml",
  "foodSource": "crdb",
  "entryType": "food",
  "pCF": 4.0,
  "cCF": 4.0,
  "lCF": 9.0,
  "comments": [
    "\n"
  ],
  "measures": [
    {
      "grams": 1.0,
      "amount": 1.0,
      "description": "g"
    },
    {
      "grams": 14.4,
      "amount": 1.0,
      "description": "Tablespoon"
    },
    {
      "grams": 0.48,
      "amount": 1.0,
      "description": "tsp"
    }
  ],
  "nutrients": [
    {
      "name": "Calcium",
      "amount": 6666.666666666667
    },
    {
      "name": "Potassium",
      "amount": 11666.666666666666
    }
  ]
}