{
  "name": "Quorn Dogs",
  "uid": "00022.xml",
  "foodSource": "crdb",
  "entryType": "food",
  "pCF": 4.0,
  "cCF": 4.0,
  "lCF": 9.0,
  "comments": [],
  "measures": [
    {
      "grams": 1.0,
      "amount": 1.0,
      "description": "g"
    },
    {
      "grams": 43.0,
      "amount": 1.0,
      "description": "Dog"
    }
  ],
  "nutrients": [
    {
      "name": "Energy",
      "amount": 186.04651162790697
    },
    {
      "name": "Protein",
      "amount": 11.627906976744185
    },
    {
      "name": "Fat",
      "amount": 9.30232558139535
    },
    {
      "name": "Carbs",
      "amount": 18.6046511627907
    },
    {
      "name": "Fiber",
      "amount": 4.651162790697675
    },
    {
      "name": "Calcium",
      "amount": 33.02325581395349
    },
    {
      "name": "Copper",
      "amount": 0.4651162790697675
    },
    {
      "name": "Iron",
      "amount": 0.39534883720930236
    },
    {
      "name": "Magnesium",
      "amount": 32.093023255813954
    },
    {
      "name": "Manganese",
      "amount": 2.0930232558139537
    },
    {
      "name": "Phosphorus",
      "amount": 200.0
    },
    {
      "name": "Potassium",
      "amount": 500.0
    },
    {
      "name": "Sodium",
      "amount": 581.3953488372093
    },
    {
      "name": "Zinc",
      "amount": 4.651162790697675
    },
    {
      "name": "Vitamin A",
      "amount": 13.953488372093023
    },
    {
      "name": "Folate",
      "amount": 34.883720930232556
    },
    {
      "name": "B1 (Thiamine)",
      "amount": 1.627906976744186
    },
    {
      "name": "B2 (Riboflavin)",
      "amount": 0.18604651162790697
    },
    {
      "name": "B3 (Niacin)",
      "amount": 0.7906976744186047
    },
    {
      "name": "B5 (Pantothenic Acid)",
      "amount": 50.0
    },
    {
      "name": "Vitamin E",
      "amount": 0.16279069767441862
    },
    {
      "name": "Saturated",
      "amount": 1.1627906976744187
    },
    {
      "name": "Monounsaturated",
      "amount": 5.348837209302325
    },
    {
      "name": "Polyunsaturated",
      "amount": 0.2558139534883721
    },
    {
      "name": "Omega-3",
      "amount": 0.930232558139535
    },
    {
      "name": "Omega-6",
      "amount": 1.86046511627907
    },
    {
      "name": "Cholesterol",
      "amount": 0.23255813953488375
    },
    {
      "name": "ALA",
      "amount": 0.4651162790697675
    },
    {
      "name": "ASP",
      "amount": 0.6976744186046512
    },
    {
      "name": "ARG",
      "amount": 0.23255813953488375
    },
    {
      "name": "CYS",
      "amount": 0.23255813953488375
    },
    {
      "name": "GLU",
      "amount": 0.930232558139535
    },
    {
      "name": "GLY",
      "amount": 0.23255813953488375
    },
    {
      "name": "HIS",
      "amount": 0.23255813953488375
    },
    {
      "name": "ILE",
      "amount": 0.4651162790697675
    },
    {
      "name": "LEU",
      "amount": 0.6976744186046512
    },
    {
      "name": "LYS",
      "amount": 0.4651162790697675
    },
    {
      "name": "MET",
      "amount": 0.23255813953488375
    },
    {
      "name": "PHE",
      "amount": 0.4651162790697675
    },
    {
      "name": "PRO",
      "amount": 0.23255813953488375
    },
    {
      "name": "SER",
      "amount": 0.4651162790697675
    },
    {
      "name": "THR",
      "amount": 0.23255813953488375
    },
    {
      "name": "TYR",
      "amount": 0.23255813953488375
    },
    {
      "name": "VAL",
      "amount": 0.4651162790697675
    }
  ]
}