{
  "name": "Tortillas, Low Carb, Trader Joe's",
  "uid": "00026.xml",
  "foodSource": "crdb",
  "entryType": "food",
  "pCF": 4.0,
  "cCF": 4.0,
  "lCF": 9.0,
  "comments": [],
  "measures": [
    {
      "grams": 1.0,
      "amount": 1.0,
      "description": "g"
    },
    {
      "grams": 28.0,
      "amount": 1.0,
      "description": "tortilla"
    }
  ],
  "nutrients": [
    {
      "name": "Energy",
      "amount": 178.57142857142856
    },
    {
      "name": "Protein",
      "amount": 10.714285714285714
    },
    {
      "name": "Fat",
      "amount": 8.928571428571427
    },
    {
      "name": "Carbs",
      "amount": 21.428571428571427
    },
    {
      "name": "Fiber",
      "amount": 7.142857142857142
    },
    {
      "name": "Water",
      "amount": 40.0
    },
    {
      "name": "Ash",
      "amount": 1.9
    },
    {
      "name": "Calcium",
      "amount": 285.71428571428567
    },
    {
      "name": "Copper",
      "amount": 0.417
    },
    {
      "name": "Iron",
      "amount": 1.2857142857142856
    },
    {
      "name": "Magnesium",
      "amount": 65.0
    },
    {
      "name": "Manganese",
      "amount": 1.472
    },
    {
      "name": "Phosphorus",
      "amount": 185.0
    },
    {
      "name": "Potassium",
      "amount": 322.0
    },
    {
      "name": "Selenium",
      "amount": 32.9
    },
    {
      "name": "Sodium",
      "amount": 547.0
    },
    {
      "name": "Zinc",
      "amount": 1.82
    },
    {
      "name": "Vitamin A",
      "amount": 5.0
    },
    {
      "name": "Beta-carotene",
      "amount": 3.0
    },
    {
      "name": "Lutein+Zeaxanthin",
      "amount": 77.0
    },
    {
      "name": "Folate",
      "amount": 116.0
    },
    {
      "name": "B1 (Thiamine)",
      "amount": 0.36
    },
    {
      "name": "B2 (Riboflavin)",
      "amount": 0.394
    },
    {
      "name": "B3 (Niacin)",
      "amount": 4.289
    },
    {
      "name": "B5 (Pantothenic Acid)",
      "amount": 0.42
    },
    {
      "name": "B6 (Pyridoxine)",
      "amount": 0.071
    },
    {
      "name": "Vitamin E",
      "amount": 0.36
    },
    {
      "name": "Vitamin K",
      "amount": 1.3
    },
    {
      "name": "Saturated",
      "amount": 0.33199999999999996
    },
    {
      "name": "Monounsaturated",
      "amount": 0.183
    },
    {
      "name": "Polyunsaturated",
      "amount": 1.009
    },
    {
      "name": "Omega-3",
      "amount": 0.059
    },
    {
      "name": "Omega-6",
      "amount": 0.95
    },
    {
      "name": "ALA",
      "amount": 0.414
    },
    {
      "name": "ASP",
      "amount": 0.734
    },
    {
      "name": "ARG",
      "amount": 0.548
    },
    {
      "name": "CYS",
      "amount": 0.247
    },
    {
      "name": "GLU",
      "amount": 3.689
    },
    {
      "name": "GLY",
      "amount": 0.444
    },
    {
      "name": "HIS",
      "amount": 0.271
    },
    {
      "name": "ILE",
      "amount": 0.471
    },
    {
      "name": "LEU",
      "amount": 0.858
    },
    {
      "name": "LYS",
      "amount": 0.372
    },
    {
      "name": "MET",
      "amount": 0.199
    },
    {
      "name": "PHE",
      "amount": 0.596
    },
    {
      "name": "PRO",
      "amount": 1.222
    },
    {
      "name": "SER",
      "amount": 0.605
    },
    {
      "name": "THR",
      "amount": 0.366
    },
    {
      "name": "TRP",
      "amount": 0.148
    },
    {
      "name": "TYR",
      "amount": 0.362
    },
    {
      "name": "VAL",
      "amount": 0.518
    }
  ]
}