{
  "name": "Cheese, mozzarella, fat free, shredded, Acme",
  "uid": "00020.xml",
  "foodSource": "crdb",
  "entryType": "food",
  "pCF": 4.0,
  "cCF": 4.0,
  "lCF": 9.0,
  "comments": [],
  "measures": [
    {
      "grams": 1.0,
      "amount": 1.0,
      "description": "g"
    },
    {
      "grams": 132.0,
      "amount": 1.0,
      "description": "cup, diced"
    },
    {
      "grams": 113.0,
      "amount": 1.0,
      "description": "cup, shredded"
    },
    {
      "grams": 28.35,
      "amount": 1.0,
      "description": "oz"
    },
    {
      "grams": 18.0,
      "amount": 1.0,
      "description": "cubic inch"
    },
    {
      "grams": 28.0,
      "amount": 1.0,
      "description": "slice (1 oz)"
    }
  ],
  "nutrients": [
    {
      "name": "Energy",
      "amount": 160.7142857142857
    },
    {
      "name": "Protein",
      "amount": 28.57142857142857
    },
    {
      "name": "Fat",
      "amount": 1.7857142857142856
    },
    {
      "name": "Carbs",
      "amount": 7.142857142857142
    },
    {
      "name": "Sugars",
      "amount": 0.6
    },
    {
      "name": "Water",
      "amount": 46.46
    },
    {
      "name": "Ash",
      "amount": 3.72
    },
    {
      "name": "Calcium",
      "amount": 892.8571428571428
    },
    {
      "name": "Copper",
      "amount": 0.027
    },
    {
      "name": "Iron",
      "amount": 0.25
    },
    {
      "name": "Magnesium",
      "amount": 26.0
    },
    {
      "name": "Manganese",
      "amount": 0.011
    },
    {
      "name": "Phosphorus",
      "amount": 524.0
    },
    {
      "name": "Potassium",
      "amount": 95.0
    },
    {
      "name": "Selenium",
      "amount": 16.3
    },
    {
      "name": "Sodium",
      "amount": 528.0
    },
    {
      "name": "Zinc",
      "amount": 3.13
    },
    {
      "name": "Vitamin A",
      "amount": 517.0
    },
    {
      "name": "Retinol",
      "amount": 133.0
    },
    {
      "name": "Beta-carotene",
      "amount": 44.0
    },
    {
      "name": "Folate",
      "amount": 10.0
    },
    {
      "name": "B1 (Thiamine)",
      "amount": 0.101
    },
    {
      "name": "B2 (Riboflavin)",
      "amount": 0.329
    },
    {
      "name": "B3 (Niacin)",
      "amount": 0.119
    },
    {
      "name": "B5 (Pantothenic Acid)",
      "amount": 0.09
    },
    {
      "name": "B6 (Pyridoxine)",
      "amount": 0.079
    },
    {
      "name": "B12 (Cyanocobalamin)",
      "amount": 2.31
    },
    {
      "name": "Vitamin E",
      "amount": 0.37
    },
    {
      "name": "Gamma Tocopherol",
      "amount": 0.08
    },
    {
      "name": "Vitamin K",
      "amount": 1.3
    },
    {
      "name": "Saturated",
      "amount": 0.7142857142857143
    },
    {
      "name": "ALA",
      "amount": 0.828
    },
    {
      "name": "ASP",
      "amount": 1.912
    },
    {
      "name": "ARG",
      "amount": 0.603
    },
    {
      "name": "CYS",
      "amount": 0.135
    },
    {
      "name": "GLU",
      "amount": 5.22
    },
    {
      "name": "GLY",
      "amount": 0.603
    },
    {
      "name": "HIS",
      "amount": 0.603
    },
    {
      "name": "ILE",
      "amount": 1.329
    },
    {
      "name": "LEU",
      "amount": 2.138
    },
    {
      "name": "LYS",
      "amount": 1.13
    },
    {
      "name": "MET",
      "amount": 0.603
    },
    {
      "name": "PHE",
      "amount": 1.184
    },
    {
      "name": "PRO",
      "amount": 2.753
    },
    {
      "name": "SER",
      "amount": 0.86
    },
    {
      "name": "THR",
      "amount": 1.151
    },
    {
      "name": "TRP",
      "amount": 0.603
    },
    {
      "name": "TYR",
      "amount": 1.222
    },
    {
      "name": "VAL",
      "amount": 1.548
    }
  ]
}