{
  "name": "Vegetables, Frozen, Broccoli Normandy, Berkley & Jensen's",
  "uid": "00025.xml",
  "foodSource": "crdb",
  "entryType": "recipe",
  "pCF": 4.0,
  "cCF": 4.0,
  "lCF": 9.0,
  "comments": [],
  "measures": [
    {
      "grams": 1.0,
      "amount": 1.0,
      "description": "g"
    },
    {
      "grams": 450.0,
      "amount": 1.0,
      "description": "full recipe"
    },
    {
      "grams": 156.0,
      "amount": 1.0,
      "description": "cup"
    },
    {
      "grams": 284.0,
      "amount": 1.0,
      "description": "package (10 oz)"
    },
    {
      "grams": 284.0,
      "amount": 1.0,
      "description": "package (10 oz)"
    },
    {
      "grams": 66.0,
      "amount": 0.5,
      "description": "cup (1\" pieces)"
    },
    {
      "grams": 284.0,
      "amount": 1.0,
      "description": "package (10 oz)"
    },
    {
      "grams": 64.0,
      "amount": 0.5,
      "description": "cup slices"
    },
    {
      "grams": 284.0,
      "amount": 1.0,
      "description": "package (10 oz)"
    },
    {
      "grams": 1361.0,
      "amount": 1.0,
      "description": "package (3 lb)"
    },
    {
      "grams": 284.0,
      "amount": 1.0,
      "description": "package (10 oz)"
    },
    {
      "grams": 1361.0,
      "amount": 1.0,
      "description": "package (3 lb)"
    }
  ],
  "nutrients": [
    {
      "name": "Energy",
      "amount": 26.88888888888889
    },
    {
      "name": "Protein",
      "amount": 1.5888888888888888
    },
    {
      "name": "Carbs",
      "amount": 5.533333333333333
    },
    {
      "name": "Fiber",
      "amount": 2.5666666666666664
    },
    {
      "name": "Starch",
      "amount": 0.08666666666666667
    },
    {
      "name": "Sugars",
      "amount": 2.753333333333333
    },
    {
      "name": "Fat",
      "amount": 0.30666666666666664
    },
    {
      "name": "Water",
      "amount": 91.94
    },
    {
      "name": "Ash",
      "amount": 0.6366666666666667
    },
    {
      "name": "Calcium",
      "amount": 33.33333333333333
    },
    {
      "name": "Copper",
      "amount": 0.05111111111111111
    },
    {
      "name": "Iron",
      "amount": 0.5599999999999999
    },
    {
      "name": "Magnesium",
      "amount": 13.555555555555555
    },
    {
      "name": "Manganese",
      "amount": 0.22033333333333333
    },
    {
      "name": "Phosphorus",
      "amount": 36.111111111111114
    },
    {
      "name": "Potassium",
      "amount": 216.77777777777777
    },
    {
      "name": "Selenium",
      "amount": 1.0777777777777775
    },
    {
      "name": "Sodium",
      "amount": 33.77777777777777
    },
    {
      "name": "Zinc",
      "amount": 0.30111111111111105
    },
    {
      "name": "Vitamin A",
      "amount": 4022.6666666666665
    },
    {
      "name": "Alpha-carotene",
      "amount": 966.4444444444443
    },
    {
      "name": "Beta-carotene",
      "amount": 1930.222222222222
    },
    {
      "name": "Beta-cryptoxanthin",
      "amount": 0.2222222222222222
    },
    {
      "name": "Lycopene",
      "amount": 0.6666666666666666
    },
    {
      "name": "Lutein+Zeaxanthin",
      "amount": 879.5555555555555
    },
    {
      "name": "Folate",
      "amount": 34.66666666666667
    },
    {
      "name": "B1 (Thiamine)",
      "amount": 0.04844444444444444
    },
    {
      "name": "B2 (Riboflavin)",
      "amount": 0.058555555555555555
    },
    {
      "name": "B3 (Niacin)",
      "amount": 0.45066666666666666
    },
    {
      "name": "B5 (Pantothenic Acid)",
      "amount": 0.22055555555555556
    },
    {
      "name": "B6 (Pyridoxine)",
      "amount": 0.09899999999999998
    },
    {
      "name": "Vitamin C",
      "amount": 25.388888888888882
    },
    {
      "name": "Vitamin E",
      "amount": 0.5533333333333332
    },
    {
      "name": "Gamma Tocopherol",
      "amount": 0.06
    },
    {
      "name": "Vitamin K",
      "amount": 30.44444444444444
    },
    {
      "name": "Saturated",
      "amount": 0.04055555555555555
    },
    {
      "name": "Monounsaturated",
      "amount": 0.015555555555555555
    },
    {
      "name": "Polyunsaturated",
      "amount": 0.15877777777777777
    },
    {
      "name": "Omega-3",
      "amount": 0.05855555555555555
    },
    {
      "name": "Omega-6",
      "amount": 0.10033333333333334
    },
    {
      "name": "ALA",
      "amount": 0.08399999999999999
    },
    {
      "name": "ARG",
      "amount": 0.07988888888888888
    },
    {
      "name": "ASP",
      "amount": 0.17933333333333332
    },
    {
      "name": "CYS",
      "amount": 0.015222222222222222
    },
    {
      "name": "GLU",
      "amount": 0.24155555555555552
    },
    {
      "name": "GLY",
      "amount": 0.05566666666666666
    },
    {
      "name": "HIS",
      "amount": 0.03144444444444445
    },
    {
      "name": "ILE",
      "amount": 0.065
    },
    {
      "name": "LEU",
      "amount": 0.08544444444444443
    },
    {
      "name": "LYS",
      "amount": 0.08355555555555555
    },
    {
      "name": "MET",
      "amount": 0.019888888888888887
    },
    {
      "name": "PHE",
      "amount": 0.05533333333333333
    },
    {
      "name": "PRO",
      "amount": 0.06288888888888887
    },
    {
      "name": "SER",
      "amount": 0.068
    },
    {
      "name": "THR",
      "amount": 0.05600000000000001
    },
    {
      "name": "TRP",
      "amount": 0.01811111111111111
    },
    {
      "name": "TYR",
      "amount": 0.03766666666666666
    },
    {
      "name": "VAL",
      "amount": 0.07777777777777778
    }
  ],
  "servings": [
    {
      "source": "USDA",
      "grams": 100.0,
      "food": 11092,
      "measure": null
    },
    {
      "source": "USDA",
      "grams": 100.0,
      "food": 11137,
      "measure": null
    },
    {
      "source": "USDA",
      "grams": 150.0,
      "food": 11130,
      "measure": null
    },
    {
      "source": "USDA",
      "grams": 50.0,
      "food": 11479,
      "measure": null
    },
    {
      "source": "USDA",
      "grams": 50.0,
      "food": 11479,
      "measure": null
    }
  ]
}