{
  "name": "Rice Protein, Nutribiotic",
  "uid": "00028.xml",
  "foodSource": "crdb",
  "entryType": "food",
  "pCF": 4.0,
  "cCF": 4.0,
  "lCF": 9.0,
  "comments": [],
  "measures": [
    {
      "grams": 1.0,
      "amount": 1.0,
      "description": "g"
    }
  ],
  "nutrients": [
    {
      "name": "Energy",
      "amount": 413.33333333333337
    },
    {
      "name": "Protein",
      "amount": 80.0
    },
    {
      "name": "Fat",
      "amount": 4.666666666666667
    },
    {
      "name": "Carbs",
      "amount": 12.0
    },
    {
      "name": "Sodium",
      "amount": 66.66666666666667
    },
    {
      "name": "ALA",
      "amount": 4.466666666666667
    },
    {
      "name": "ASP",
      "amount": 7.06
    },
    {
      "name": "ARG",
      "amount": 6.766666666666667
    },
    {
      "name": "CYS",
      "amount": 1.3933333333333333
    },
    {
      "name": "GLU",
      "amount": 14.886666666666668
    },
    {
      "name": "GLY",
      "amount": 3.3800000000000003
    },
    {
      "name": "HIS",
      "amount": 1.8333333333333335
    },
    {
      "name": "ILE",
      "amount": 3.3533333333333335
    },
    {
      "name": "LEU",
      "amount": 8.126666666666667
    },
    {
      "name": "LYS",
      "amount": 2.9
    },
    {
      "name": "MET",
      "amount": 2.22
    },
    {
      "name": "PHE",
      "amount": 4.8533333333333335
    },
    {
      "name": "PRO",
      "amount": 3.0933333333333337
    },
    {
      "name": "SER",
      "amount": 4.193333333333333
    },
    {
      "name": "THR",
      "amount": 2.9933333333333336
    },
    {
      "name": "TRP",
      "amount": 0.6733333333333335
    },
    {
      "name": "TYR",
      "amount": 4.253333333333334
    },
    {
      "name": "VAL",
      "amount": 4.453333333333334
    }
  ]
}