{
  "name": "Mozzarella, Reduced Fat, Shredded, Crystal Farms",
  "uid": "00029.xml",
  "foodSource": "crdb",
  "entryType": "food",
  "pCF": 4.0,
  "cCF": 4.0,
  "lCF": 9.0,
  "comments": [
    "\n"
  ],
  "measures": [
    {
      "grams": 1.0,
      "amount": 1.0,
      "description": "g"
    }
  ],
  "nutrients": [
    {
      "name": "Energy",
      "amount": 249.99999999999997
    },
    {
      "name": "Protein",
      "amount": 28.57142857142857
    },
    {
      "name": "Fat",
      "amount": 12.499999999999998
    },
    {
      "name": "Calcium",
      "amount": 714.2857142857142
    },
    {
      "name": "Sodium",
      "amount": 642.8571428571428
    },
    {
      "name": "Vitamin A",
      "amount": 1071.4285714285713
    },
    {
      "name": "Saturated",
      "amount": 7.142857142857142
    },
    {
      "name": "Cholesterol",
      "amount": 35.71428571428571
    }
  ]
}