{
  "name": "Pomegranate Juice",
  "uid": "00021.xml",
  "foodSource": "crdb",
  "entryType": "food",
  "pCF": 4.0,
  "cCF": 4.0,
  "lCF": 9.0,
  "comments": [],
  "measures": [
    {
      "grams": 1.0,
      "amount": 1.0,
      "description": "g"
    },
    {
      "grams": 250.0,
      "amount": 1.0,
      "description": "Cup (250 mL)"
    },
    {
      "grams": 1.0,
      "amount": 1.0,
      "description": "mL"
    }
  ],
  "nutrients": [
    {
      "name": "Energy",
      "amount": 61.21212121212122
    },
    {
      "name": "Protein",
      "amount": 0.8388888888888889
    },
    {
      "name": "Fat",
      "amount": 0.022222222222222223
    },
    {
      "name": "Carbs",
      "amount": 15.0
    },
    {
      "name": "Fiber",
      "amount": 0.6
    },
    {
      "name": "Sugars",
      "amount": 16.57
    },
    {
      "name": "Water",
      "amount": 80.97
    },
    {
      "name": "Ash",
      "amount": 0.61
    },
    {
      "name": "Calcium",
      "amount": 5.555555555555555
    },
    {
      "name": "Copper",
      "amount": 0.07
    },
    {
      "name": "Iron",
      "amount": 0.5
    },
    {
      "name": "Magnesium",
      "amount": 8.88888888888889
    },
    {
      "name": "Phosphorus",
      "amount": 11.11111111111111
    },
    {
      "name": "Potassium",
      "amount": 244.44444444444443
    },
    {
      "name": "Selenium",
      "amount": 0.6
    },
    {
      "name": "Sodium",
      "amount": 3.0
    },
    {
      "name": "Zinc",
      "amount": 0.16666666666666666
    },
    {
      "name": "Vitamin A",
      "amount": 108.0
    },
    {
      "name": "Alpha-carotene",
      "amount": 50.0
    },
    {
      "name": "Beta-carotene",
      "amount": 40.0
    },
    {
      "name": "Folate",
      "amount": 20.0
    },
    {
      "name": "B1 (Thiamine)",
      "amount": 0.04166666666666667
    },
    {
      "name": "B2 (Riboflavin)",
      "amount": 0.03777777777777778
    },
    {
      "name": "B3 (Niacin)",
      "amount": 0.4444444444444445
    },
    {
      "name": "B5 (Pantothenic Acid)",
      "amount": 0.596
    },
    {
      "name": "B6 (Pyridoxine)",
      "amount": 0.13333333333333333
    },
    {
      "name": "Vitamin C",
      "amount": 6.666666666666666
    },
    {
      "name": "Vitamin E",
      "amount": 1.9999999999999998
    },
    {
      "name": "Vitamin K",
      "amount": 4.6
    },
    {
      "name": "Saturated",
      "amount": 0.038
    },
    {
      "name": "Monounsaturated",
      "amount": 0.046
    },
    {
      "name": "Polyunsaturated",
      "amount": 0.063
    },
    {
      "name": "Omega-6",
      "amount": 0.063
    },
    {
      "name": "Phytosterol",
      "amount": 17.0
    }
  ]
}