{
  "name": "Yogurt, nonfat, plain, organic, Butterworks Farm",
  "uid": "00027.xml",
  "foodSource": "crdb",
  "entryType": "food",
  "pCF": 4.0,
  "cCF": 4.0,
  "lCF": 9.0,
  "comments": [],
  "measures": [
    {
      "grams": 1.0,
      "amount": 1.0,
      "description": "g"
    },
    {
      "grams": 134.0,
      "amount": 1.0,
      "description": "cup (ignore gram weight)"
    },
    {
      "grams": 67.5,
      "amount": 0.5,
      "description": "cup (ignore gram weight)"
    },
    {
      "grams": 42.0,
      "amount": 0.333,
      "description": "cup (ignore gram weight)"
    }
  ],
  "nutrients": [
    {
      "name": "Energy",
      "amount": 56.0
    },
    {
      "name": "Protein",
      "amount": 5.970149253731343
    },
    {
      "name": "Fat",
      "amount": 0.18
    },
    {
      "name": "Carbs",
      "amount": 8.955223880597014
    },
    {
      "name": "Sugars",
      "amount": 8.208955223880597
    },
    {
      "name": "Water",
      "amount": 85.23
    },
    {
      "name": "Ash",
      "amount": 1.18
    },
    {
      "name": "Calcium",
      "amount": 223.88059701492537
    },
    {
      "name": "Copper",
      "amount": 0.015
    },
    {
      "name": "Iron",
      "amount": 0.09
    },
    {
      "name": "Magnesium",
      "amount": 19.0
    },
    {
      "name": "Manganese",
      "amount": 0.005
    },
    {
      "name": "Phosphorus",
      "amount": 157.0
    },
    {
      "name": "Potassium",
      "amount": 255.0
    },
    {
      "name": "Selenium",
      "amount": 3.6
    },
    {
      "name": "Sodium",
      "amount": 77.0
    },
    {
      "name": "Zinc",
      "amount": 0.97
    },
    {
      "name": "Vitamin A",
      "amount": 7.0
    },
    {
      "name": "Retinol",
      "amount": 2.0
    },
    {
      "name": "Folate",
      "amount": 12.0
    },
    {
      "name": "B1 (Thiamine)",
      "amount": 0.048
    },
    {
      "name": "B2 (Riboflavin)",
      "amount": 0.234
    },
    {
      "name": "B3 (Niacin)",
      "amount": 0.124
    },
    {
      "name": "B5 (Pantothenic Acid)",
      "amount": 0.641
    },
    {
      "name": "B6 (Pyridoxine)",
      "amount": 0.053
    },
    {
      "name": "B12 (Cyanocobalamin)",
      "amount": 0.61
    },
    {
      "name": "Vitamin C",
      "amount": 1.7910447761194028
    },
    {
      "name": "Vitamin K",
      "amount": 0.2
    },
    {
      "name": "Saturated",
      "amount": 0.116
    },
    {
      "name": "Monounsaturated",
      "amount": 0.049
    },
    {
      "name": "Polyunsaturated",
      "amount": 0.005
    },
    {
      "name": "Omega-3",
      "amount": 0.001
    },
    {
      "name": "Omega-6",
      "amount": 0.004
    },
    {
      "name": "Cholesterol",
      "amount": 2.0
    },
    {
      "name": "ALA",
      "amount": 0.245
    },
    {
      "name": "ASP",
      "amount": 0.454
    },
    {
      "name": "ARG",
      "amount": 0.172
    },
    {
      "name": "CYS",
      "amount": 0.052
    },
    {
      "name": "GLU",
      "amount": 1.122
    },
    {
      "name": "GLY",
      "amount": 0.138
    },
    {
      "name": "HIS",
      "amount": 0.142
    },
    {
      "name": "ILE",
      "amount": 0.313
    },
    {
      "name": "LEU",
      "amount": 0.577
    },
    {
      "name": "LYS",
      "amount": 0.514
    },
    {
      "name": "MET",
      "amount": 0.169
    },
    {
      "name": "PHE",
      "amount": 0.313
    },
    {
      "name": "PRO",
      "amount": 0.679
    },
    {
      "name": "SER",
      "amount": 0.355
    },
    {
      "name": "THR",
      "amount": 0.235
    },
    {
      "name": "TRP",
      "amount": 0.032
    },
    {
      "name": "TYR",
      "amount": 0.289
    },
    {
      "name": "VAL",
      "amount": 0.474
    }
  ]
}