{
  "name": "Quorn Roast",
  "uid": "00023.xml",
  "foodSource": "crdb",
  "entryType": "food",
  "pCF": 4.0,
  "cCF": 4.0,
  "lCF": 9.0,
  "comments": [],
  "measures": [
    {
      "grams": 1.0,
      "amount": 1.0,
      "description": "g"
    },
    {
      "grams": 90.0,
      "amount": 1.0,
      "description": "Serving"
    }
  ],
  "nutrients": [
    {
      "name": "Energy",
      "amount": 100.0
    },
    {
      "name": "Protein",
      "amount": 15.555555555555555
    },
    {
      "name": "Fat",
      "amount": 1.6666666666666665
    },
    {
      "name": "Carbs",
      "amount": 10.0
    },
    {
      "name": "Fiber",
      "amount": 5.555555555555555
    },
    {
      "name": "Calcium",
      "amount": 25.444444444444443
    },
    {
      "name": "Copper",
      "amount": 0.11111111111111112
    },
    {
      "name": "Iron",
      "amount": 0.11111111111111112
    },
    {
      "name": "Magnesium",
      "amount": 8.0
    },
    {
      "name": "Manganese",
      "amount": 0.5555555555555556
    },
    {
      "name": "Phosphorus",
      "amount": 45.111111111111114
    },
    {
      "name": "Potassium",
      "amount": 100.55555555555556
    },
    {
      "name": "Selenium",
      "amount": 9.0
    },
    {
      "name": "Sodium",
      "amount": 522.2222222222222
    },
    {
      "name": "Zinc",
      "amount": 0.888888888888889
    },
    {
      "name": "Vitamin A",
      "amount": 9.444444444444445
    },
    {
      "name": "Retinol",
      "amount": 0.3333333333333333
    },
    {
      "name": "Beta-carotene",
      "amount": 0.11111111111111112
    },
    {
      "name": "Folate",
      "amount": 3.333333333333333
    },
    {
      "name": "B2 (Riboflavin)",
      "amount": 0.22222222222222224
    },
    {
      "name": "B3 (Niacin)",
      "amount": 0.11111111111111112
    },
    {
      "name": "B5 (Pantothenic Acid)",
      "amount": 22.555555555555557
    },
    {
      "name": "B6 (Pyridoxine)",
      "amount": 0.11111111111111112
    },
    {
      "name": "B12 (Cyanocobalamin)",
      "amount": 0.11111111111111112
    },
    {
      "name": "Vitamin C",
      "amount": 0.22222222222222224
    },
    {
      "name": "Saturated",
      "amount": 0.5555555555555556
    },
    {
      "name": "Omega-6",
      "amount": 0.11111111111111112
    },
    {
      "name": "Cholesterol",
      "amount": 11.11111111111111
    },
    {
      "name": "ALA",
      "amount": 0.4444444444444445
    },
    {
      "name": "ASP",
      "amount": 0.7777777777777777
    },
    {
      "name": "ARG",
      "amount": 0.22222222222222224
    },
    {
      "name": "CYS",
      "amount": 0.22222222222222224
    },
    {
      "name": "GLU",
      "amount": 1.1111111111111112
    },
    {
      "name": "GLY",
      "amount": 0.22222222222222224
    },
    {
      "name": "HIS",
      "amount": 0.22222222222222224
    },
    {
      "name": "ILE",
      "amount": 0.5555555555555556
    },
    {
      "name": "LEU",
      "amount": 0.7777777777777777
    },
    {
      "name": "LYS",
      "amount": 0.6666666666666666
    },
    {
      "name": "MET",
      "amount": 0.22222222222222224
    },
    {
      "name": "PHE",
      "amount": 0.4444444444444445
    },
    {
      "name": "PRO",
      "amount": 0.3333333333333333
    },
    {
      "name": "SER",
      "amount": 0.3333333333333333
    },
    {
      "name": "THR",
      "amount": 0.4444444444444445
    },
    {
      "name": "TRP",
      "amount": 0.11111111111111112
    },
    {
      "name": "TYR",
      "amount": 0.3333333333333333
    },
    {
      "name": "VAL",
      "amount": 0.5555555555555556
    }
  ]
}