{
  "name": "Tomatoes, Grape, raw",
  "uid": "00024.xml",
  "foodSource": "crdb",
  "entryType": "food",
  "pCF": 4.0,
  "cCF": 4.0,
  "lCF": 9.0,
  "comments": [],
  "measures": [
    {
      "grams": 1.0,
      "amount": 1.0,
      "description": "g"
    }
  ],
  "nutrients": [
    {
      "name": "Energy",
      "amount": 29.411764705882355
    },
    {
      "name": "Protein",
      "amount": 0.88
    },
    {
      "name": "Fat",
      "amount": 0.2
    },
    {
      "name": "Carbs",
      "amount": 3.5294117647058822
    },
    {
      "name": "Fiber",
      "amount": 1.0588235294117647
    },
    {
      "name": "Sugars",
      "amount": 2.63
    },
    {
      "name": "Water",
      "amount": 94.5
    },
    {
      "name": "Ash",
      "amount": 0.5
    },
    {
      "name": "Calcium",
      "amount": 10.0
    },
    {
      "name": "Copper",
      "amount": 0.059
    },
    {
      "name": "Iron",
      "amount": 0.4235294117647059
    },
    {
      "name": "Magnesium",
      "amount": 11.0
    },
    {
      "name": "Manganese",
      "amount": 0.114
    },
    {
      "name": "Phosphorus",
      "amount": 24.0
    },
    {
      "name": "Potassium",
      "amount": 237.0
    },
    {
      "name": "Sodium",
      "amount": 3.9176470588235297
    },
    {
      "name": "Zinc",
      "amount": 0.17
    },
    {
      "name": "Vitamin A",
      "amount": 647.0588235294118
    },
    {
      "name": "Alpha-carotene",
      "amount": 101.0
    },
    {
      "name": "Beta-carotene",
      "amount": 449.0
    },
    {
      "name": "Lycopene",
      "amount": 2573.0
    },
    {
      "name": "Lutein+Zeaxanthin",
      "amount": 123.0
    },
    {
      "name": "Folate",
      "amount": 15.0
    },
    {
      "name": "B1 (Thiamine)",
      "amount": 0.037
    },
    {
      "name": "B2 (Riboflavin)",
      "amount": 0.019
    },
    {
      "name": "B3 (Niacin)",
      "amount": 0.594
    },
    {
      "name": "B5 (Pantothenic Acid)",
      "amount": 0.089
    },
    {
      "name": "B6 (Pyridoxine)",
      "amount": 0.08
    },
    {
      "name": "Vitamin C",
      "amount": 24.705882352941178
    },
    {
      "name": "Vitamin E",
      "amount": 0.54
    },
    {
      "name": "Beta Tocopherol",
      "amount": 0.01
    },
    {
      "name": "Gamma Tocopherol",
      "amount": 0.12
    },
    {
      "name": "Vitamin K",
      "amount": 7.9
    },
    {
      "name": "Saturated",
      "amount": 0.046
    },
    {
      "name": "Monounsaturated",
      "amount": 0.051
    },
    {
      "name": "Polyunsaturated",
      "amount": 0.135
    },
    {
      "name": "Omega-3",
      "amount": 0.003
    },
    {
      "name": "Omega-6",
      "amount": 0.08
    },
    {
      "name": "Phytosterol",
      "amount": 7.0
    },
    {
      "name": "ALA",
      "amount": 0.024
    },
    {
      "name": "ASP",
      "amount": 0.118
    },
    {
      "name": "ARG",
      "amount": 0.021
    },
    {
      "name": "CYS",
      "amount": 0.011
    },
    {
      "name": "GLU",
      "amount": 0.313
    },
    {
      "name": "GLY",
      "amount": 0.021
    },
    {
      "name": "HIS",
      "amount": 0.013
    },
    {
      "name": "ILE",
      "amount": 0.02
    },
    {
      "name": "LEU",
      "amount": 0.031
    },
    {
      "name": "LYS",
      "amount": 0.031
    },
    {
      "name": "MET",
      "amount": 0.007
    },
    {
      "name": "PHE",
      "amount": 0.022
    },
    {
      "name": "PRO",
      "amount": 0.016
    },
    {
      "name": "SER",
      "amount": 0.023
    },
    {
      "name": "THR",
      "amount": 0.021
    },
    {
      "name": "TRP",
      "amount": 0.006
    },
    {
      "name": "TYR",
      "amount": 0.015
    },
    {
      "name": "VAL",
      "amount": 0.022
    }
  ]
}