{
  "name": "BALANCE Bar Gold - Chocolate Peanut Butter",
  "uid": "00031.xml",
  "foodSource": "crdb",
  "entryType": "food",
  "pCF": 4.0,
  "cCF": 4.0,
  "lCF": 9.0,
  "comments": [],
  "measures": [
    {
      "grams": 1.0,
      "amount": 1.0,
      "description": "g"
    },
    {
      "grams": 50.0,
      "amount": 1.0,
      "description": "Bar"
    }
  ],
  "nutrients": [
    {
      "name": "Energy",
      "amount": 420.0
    },
    {
      "name": "Protein",
      "amount": 30.0
    },
    {
      "name": "Carbs",
      "amount": 44.0
    },
    {
      "name": "Fiber",
      "amount": 1.0
    },
    {
      "name": "Sugars",
      "amount": 22.0
    },
    {
      "name": "Fat",
      "amount": 14.0
    },
    {
      "name": "Calcium",
      "amount": 200.0
    },
    {
      "name": "Copper",
      "amount": 1.0
    },
    {
      "name": "Iron",
      "amount": 9.0
    },
    {
      "name": "Magnesium",
      "amount": 80.0
    },
    {
      "name": "Manganese",
      "amount": 1.0
    },
    {
      "name": "Phosphorus",
      "amount": 300.0
    },
    {
      "name": "Potassium",
      "amount": 230.0
    },
    {
      "name": "Selenium",
      "amount": 35.0
    },
    {
      "name": "Sodium",
      "amount": 250.0
    },
    {
      "name": "Zinc",
      "amount": 7.5
    },
    {
      "name": "Vitamin A",
      "amount": 5000.0
    },
    {
      "name": "Folate",
      "amount": 200.0
    },
    {
      "name": "B1 (Thiamine)",
      "amount": 0.75
    },
    {
      "name": "B2 (Riboflavin)",
      "amount": 0.85
    },
    {
      "name": "B3 (Niacin)",
      "amount": 10.0
    },
    {
      "name": "B5 (Pantothenic Acid)",
      "amount": 5.0
    },
    {
      "name": "B6 (Pyridoxine)",
      "amount": 1.0
    },
    {
      "name": "B12 (Cyanocobalamin)",
      "amount": 3.0
    },
    {
      "name": "Vitamin C",
      "amount": 120.0
    },
    {
      "name": "Vitamin E",
      "amount": 60.0
    },
    {
      "name": "Vitamin K",
      "amount": 40.0
    },
    {
      "name": "Saturated",
      "amount": 8.0
    },
    {
      "name": "Cholesterol",
      "amount": 9.0
    }
  ]
}