{
  "name": "Green Thai Curry Paste, Maesri",
  "uid": "00038.xml",
  "foodSource": "crdb",
  "entryType": "food",
  "pCF": 4.0,
  "cCF": 4.0,
  "lCF": 9.0,
  "comments": [],
  "measures": [
    {
      "grams": 1.0,
      "amount": 1.0,
      "description": "g"
    },
    {
      "grams": 15.333,
      "amount": 1.0,
      "description": "tablespoon"
    }
  ],
  "nutrients": [
    {
      "name": "Energy",
      "amount": 86.95652173913044
    },
    {
      "name": "Protein",
      "amount": 1.7391304347826086
    },
    {
      "name": "Carbs",
      "amount": 17.391304347826086
    },
    {
      "name": "Fiber",
      "amount": 8.695652173913043
    },
    {
      "name": "Fat",
      "amount": 0.0
    },
    {
      "name": "Calcium",
      "amount": 43.47826086956522
    },
    {
      "name": "Iron",
      "amount": 3.1304347826086953
    },
    {
      "name": "Sodium",
      "amount": 2391.304347826087
    }
  ]
}