{
  "name": "Vector Energy Bar - Chocolate Chip",
  "uid": "00033.xml",
  "foodSource": "crdb",
  "entryType": "food",
  "pCF": 4.0,
  "cCF": 4.0,
  "lCF": 9.0,
  "comments": [],
  "measures": [
    {
      "grams": 1.0,
      "amount": 1.0,
      "description": "g"
    },
    {
      "grams": 55.0,
      "amount": 1.0,
      "description": "Bar"
    }
  ],
  "nutrients": [
    {
      "name": "Energy",
      "amount": 418.18181818181813
    },
    {
      "name": "Protein",
      "amount": 16.545454545454543
    },
    {
      "name": "Carbs",
      "amount": 58.18181818181818
    },
    {
      "name": "Fiber",
      "amount": 4.545454545454545
    },
    {
      "name": "Fat",
      "amount": 12.727272727272727
    },
    {
      "name": "Calcium",
      "amount": 654.5454545454545
    },
    {
      "name": "Copper",
      "amount": 0.7272727272727273
    },
    {
      "name": "Iron",
      "amount": 5.454545454545454
    },
    {
      "name": "Magnesium",
      "amount": 7.09090909090909
    },
    {
      "name": "Phosphorus",
      "amount": 518.1818181818181
    },
    {
      "name": "Potassium",
      "amount": 554.5454545454545
    },
    {
      "name": "Selenium",
      "amount": 12.727272727272727
    },
    {
      "name": "Sodium",
      "amount": 154.54545454545453
    },
    {
      "name": "Zinc",
      "amount": 5.999999999999999
    },
    {
      "name": "Vitamin A",
      "amount": 8.264462809917354
    },
    {
      "name": "Folate",
      "amount": 118.18181818181817
    },
    {
      "name": "B1 (Thiamine)",
      "amount": 1.0909090909090908
    },
    {
      "name": "B2 (Riboflavin)",
      "amount": 0.7272727272727273
    },
    {
      "name": "B5 (Pantothenic Acid)",
      "amount": 3.2727272727272725
    },
    {
      "name": "B6 (Pyridoxine)",
      "amount": 0.8181818181818181
    },
    {
      "name": "B12 (Cyanocobalamin)",
      "amount": 0.9090909090909091
    },
    {
      "name": "Vitamin C",
      "amount": 35.45454545454545
    },
    {
      "name": "Vitamin E",
      "amount": 3.818181818181818
    },
    {
      "name": "Saturated",
      "amount": 5.818181818181818
    },
    {
      "name": "Monounsaturated",
      "amount": 4.0
    },
    {
      "name": "Polyunsaturated",
      "amount": 2.727272727272727
    },
    {
      "name": "Cholesterol",
      "amount": 5.454545454545454
    }
  ]
}