{
  "name": "TESCO Veggie Nut Cutletts",
  "uid": "00037.xml",
  "foodSource": "crdb",
  "entryType": "food",
  "pCF": 4.0,
  "cCF": 4.0,
  "lCF": 9.0,
  "comments": [],
  "measures": [
    {
      "grams": 1.0,
      "amount": 1.0,
      "description": "g"
    },
    {
      "grams": 87.5,
      "amount": 1.0,
      "description": "Cutlet"
    }
  ],
  "nutrients": [
    {
      "name": "Energy",
      "amount": 285.7142857142857
    },
    {
      "name": "Protein",
      "amount": 7.428571428571429
    },
    {
      "name": "Carbs",
      "amount": 21.25714285714286
    },
    {
      "name": "Fiber",
      "amount": 4.0
    },
    {
      "name": "Sugars",
      "amount": 1.0285714285714287
    },
    {
      "name": "Fat",
      "amount": 18.857142857142858
    },
    {
      "name": "Sodium",
      "amount": 342.85714285714283
    },
    {
      "name": "Saturated",
      "amount": 1.0285714285714287
    },
    {
      "name": "Monounsaturated",
      "amount": 10.62857142857143
    },
    {
      "name": "Polyunsaturated",
      "amount": 5.714285714285714
    }
  ]
}