{
  "name": "Kellog's Vector Cereal",
  "uid": "00034.xml",
  "foodSource": "crdb",
  "entryType": "food",
  "pCF": 4.0,
  "cCF": 4.0,
  "lCF": 9.0,
  "comments": [],
  "measures": [
    {
      "grams": 1.0,
      "amount": 1.0,
      "description": "g"
    },
    {
      "grams": 55.0,
      "amount": 1.0,
      "description": "Serving"
    }
  ],
  "nutrients": [
    {
      "name": "Energy",
      "amount": 390.9090909090909
    },
    {
      "name": "Protein",
      "amount": 10.0
    },
    {
      "name": "Carbs",
      "amount": 80.0
    },
    {
      "name": "Fiber",
      "amount": 4.909090909090909
    },
    {
      "name": "Starch",
      "amount": 54.54545454545454
    },
    {
      "name": "Sugars",
      "amount": 20.0
    },
    {
      "name": "Fat",
      "amount": 5.09090909090909
    },
    {
      "name": "Calcium",
      "amount": 36.36363636363636
    },
    {
      "name": "Magnesium",
      "amount": 101.81818181818183
    },
    {
      "name": "Phosphorus",
      "amount": 181.8181818181818
    },
    {
      "name": "Potassium",
      "amount": 254.54545454545453
    },
    {
      "name": "Sodium",
      "amount": 663.6363636363636
    },
    {
      "name": "Vitamin A",
      "amount": 1272.7272727272727
    },
    {
      "name": "Folate",
      "amount": 276.3636363636363
    },
    {
      "name": "B1 (Thiamine)",
      "amount": 0.7636363636363637
    },
    {
      "name": "B2 (Riboflavin)",
      "amount": 0.6181818181818182
    },
    {
      "name": "B3 (Niacin)",
      "amount": 10.545454545454545
    },
    {
      "name": "B5 (Pantothenic Acid)",
      "amount": 3.272727272727272
    },
    {
      "name": "B6 (Pyridoxine)",
      "amount": 0.9818181818181818
    },
    {
      "name": "Vitamin C",
      "amount": 32.72727272727273
    },
    {
      "name": "Vitamin D",
      "amount": 36.36363636363636
    },
    {
      "name": "Vitamin E",
      "amount": 20.727272727272727
    },
    {
      "name": "Saturated",
      "amount": 0.9090909090909091
    },
    {
      "name": "Monounsaturated",
      "amount": 1.2727272727272725
    },
    {
      "name": "Polyunsaturated",
      "amount": 2.727272727272727
    },
    {
      "name": "Omega-3",
      "amount": 0.36363636363636365
    },
    {
      "name": "Omega-6",
      "amount": 2.545454545454545
    }
  ]
}