{
  "name": "Special K Bar - Chocolate Crisp",
  "uid": "00032.xml",
  "foodSource": "crdb",
  "entryType": "food",
  "pCF": 4.0,
  "cCF": 4.0,
  "lCF": 9.0,
  "comments": [],
  "measures": [
    {
      "grams": 1.0,
      "amount": 1.0,
      "description": "g"
    },
    {
      "grams": 22.0,
      "amount": 1.0,
      "description": "Bar"
    }
  ],
  "nutrients": [
    {
      "name": "Energy",
      "amount": 409.09090909090907
    },
    {
      "name": "Protein",
      "amount": 9.090909090909092
    },
    {
      "name": "Carbs",
      "amount": 77.27272727272727
    },
    {
      "name": "Starch",
      "amount": 40.90909090909091
    },
    {
      "name": "Fat",
      "amount": 6.818181818181818
    },
    {
      "name": "Iron",
      "amount": 18.181818181818183
    },
    {
      "name": "Potassium",
      "amount": 113.63636363636364
    },
    {
      "name": "Sodium",
      "amount": 477.27272727272725
    },
    {
      "name": "B1 (Thiamine)",
      "amount": 1.0227272727272727
    },
    {
      "name": "B2 (Riboflavin)",
      "amount": 1.1590909090909092
    },
    {
      "name": "Saturated",
      "amount": 2.272727272727273
    }
  ]
}