{
  "name": "TESCO Swiss Style Muesli, No added sugar or salt",
  "uid": "00036.xml",
  "foodSource": "crdb",
  "entryType": "food",
  "pCF": 4.0,
  "cCF": 4.0,
  "lCF": 9.0,
  "comments": [],
  "measures": [
    {
      "grams": 1.0,
      "amount": 1.0,
      "description": "g"
    },
    {
      "grams": 50.0,
      "amount": 1.0,
      "description": "Serving"
    }
  ],
  "nutrients": [
    {
      "name": "Energy",
      "amount": 355.0
    },
    {
      "name": "Protein",
      "amount": 10.9
    },
    {
      "name": "Carbs",
      "amount": 65.1
    },
    {
      "name": "Fiber",
      "amount": 8.2
    },
    {
      "name": "Sugars",
      "amount": 15.3
    },
    {
      "name": "Fat",
      "amount": 5.4
    },
    {
      "name": "Sodium",
      "amount": 100.0
    },
    {
      "name": "Saturated",
      "amount": 0.7
    },
    {
      "name": "Monounsaturated",
      "amount": 2.4
    },
    {
      "name": "Polyunsaturated",
      "amount": 2.3
    }
  ]
}