{
  "name": "Nuts, almond butter, plain, without salt added [Corrected]",
  "uid": "00030.xml",
  "foodSource": "crdb",
  "entryType": "food",
  "pCF": 4.0,
  "cCF": 4.0,
  "lCF": 9.0,
  "comments": [
    "Based on USDA:12195, with corrected value for Vitamin E"
  ],
  "measures": [
    {
      "grams": 1.0,
      "amount": 1.0,
      "description": "g"
    },
    {
      "grams": 250.0,
      "amount": 1.0,
      "description": "cup"
    },
    {
      "grams": 16.0,
      "amount": 1.0,
      "description": "tbsp"
    }
  ],
  "nutrients": [
    {
      "name": "Energy",
      "amount": 633.0
    },
    {
      "name": "Protein",
      "amount": 15.08
    },
    {
      "name": "Carbs",
      "amount": 21.22
    },
    {
      "name": "Fiber",
      "amount": 3.7
    },
    {
      "name": "Fat",
      "amount": 59.1
    },
    {
      "name": "Water",
      "amount": 1.0
    },
    {
      "name": "Ash",
      "amount": 3.6
    },
    {
      "name": "Calcium",
      "amount": 270.0
    },
    {
      "name": "Copper",
      "amount": 0.9
    },
    {
      "name": "Iron",
      "amount": 3.7
    },
    {
      "name": "Magnesium",
      "amount": 303.0
    },
    {
      "name": "Manganese",
      "amount": 2.354
    },
    {
      "name": "Phosphorus",
      "amount": 523.0
    },
    {
      "name": "Potassium",
      "amount": 758.0
    },
    {
      "name": "Sodium",
      "amount": 11.0
    },
    {
      "name": "Zinc",
      "amount": 3.05
    },
    {
      "name": "Folate",
      "amount": 65.0
    },
    {
      "name": "B1 (Thiamine)",
      "amount": 0.133
    },
    {
      "name": "B2 (Riboflavin)",
      "amount": 0.611
    },
    {
      "name": "B3 (Niacin)",
      "amount": 2.875
    },
    {
      "name": "B5 (Pantothenic Acid)",
      "amount": 0.259
    },
    {
      "name": "B6 (Pyridoxine)",
      "amount": 0.076
    },
    {
      "name": "Vitamin C",
      "amount": 0.7
    },
    {
      "name": "Vitamin E",
      "amount": 26.0
    },
    {
      "name": "Saturated",
      "amount": 5.602
    },
    {
      "name": "Monounsaturated",
      "amount": 38.374
    },
    {
      "name": "Polyunsaturated",
      "amount": 12.402
    },
    {
      "name": "Omega-3",
      "amount": 0.423
    },
    {
      "name": "Omega-6",
      "amount": 11.879
    },
    {
      "name": "ALA",
      "amount": 0.713
    },
    {
      "name": "ARG",
      "amount": 1.887
    },
    {
      "name": "ASP",
      "amount": 1.776
    },
    {
      "name": "CYS",
      "amount": 0.271
    },
    {
      "name": "GLU",
      "amount": 4.487
    },
    {
      "name": "GLY",
      "amount": 0.935
    },
    {
      "name": "HIS",
      "amount": 0.422
    },
    {
      "name": "ILE",
      "amount": 0.655
    },
    {
      "name": "LEU",
      "amount": 1.174
    },
    {
      "name": "LYS",
      "amount": 0.504
    },
    {
      "name": "MET",
      "amount": 0.172
    },
    {
      "name": "PHE",
      "amount": 0.842
    },
    {
      "name": "PRO",
      "amount": 0.949
    },
    {
      "name": "SER",
      "amount": 0.681
    },
    {
      "name": "THR",
      "amount": 0.559
    },
    {
      "name": "TRP",
      "amount": 0.271
    },
    {
      "name": "TYR",
      "amount": 0.533
    },
    {
      "name": "VAL",
      "amount": 0.778
    }
  ]
}