{
  "name": "Hibiscus Flowers, Dried",
  "uid": "00039.xml",
  "foodSource": "crdb",
  "entryType": "food",
  "pCF": 4.0,
  "cCF": 4.0,
  "lCF": 9.0,
  "comments": [
    "Largely derived from FAO, \"Food Composition Table For Use In Africa\", 1968, entry for Jamaica sorrel; roselle; sour-sour (Hibiscus sabdariffa), Calyces, Dried, “Sudan-tea”:\nhttp://www.fao.org/docrep/003/X6878E/X6878E05.htm\n\n... but with conservative comparison with other published sources."
  ],
  "measures": [
    {
      "grams": 1.0,
      "amount": 1.0,
      "description": "g"
    },
    {
      "grams": 6.0,
      "amount": 1.0,
      "description": "tablespoon"
    },
    {
      "grams": 73.0,
      "amount": 1.0,
      "description": "C"
    }
  ],
  "nutrients": [
    {
      "name": "Energy",
      "amount": 258.0
    },
    {
      "name": "Protein",
      "amount": 8.0
    },
    {
      "name": "Carbs",
      "amount": 68.0
    },
    {
      "name": "Fiber",
      "amount": 15.0
    },
    {
      "name": "Fat",
      "amount": 0.3
    },
    {
      "name": "Calcium",
      "amount": 1223.0
    },
    {
      "name": "Iron",
      "amount": 10.0
    },
    {
      "name": "Magnesium",
      "amount": 328.0
    },
    {
      "name": "Phosphorus",
      "amount": 198.0
    },
    {
      "name": "Potassium",
      "amount": 2150.0
    },
    {
      "name": "Sodium",
      "amount": 6.4
    },
    {
      "name": "Vitamin A",
      "amount": 48.0
    },
    {
      "name": "B1 (Thiamine)",
      "amount": 0.05
    },
    {
      "name": "B2 (Riboflavin)",
      "amount": 0.16
    },
    {
      "name": "B3 (Niacin)",
      "amount": 3.1
    },
    {
      "name": "Vitamin C",
      "amount": 15.0
    },
    {
      "name": "Saturated",
      "amount": 0.0
    },
    {
      "name": "Monounsaturated",
      "amount": 0.0
    },
    {
      "name": "Polyunsaturated",
      "amount": 0.0
    },
    {
      "name": "Cholesterol",
      "amount": 0.0
    },
    {
      "name": "TRP",
      "amount": 0.031
    }
  ]
}