{
  "name": "Living Harvest, Hemp Protein",
  "uid": "00035.xml",
  "foodSource": "crdb",
  "entryType": "food",
  "pCF": 4.0,
  "cCF": 4.0,
  "lCF": 9.0,
  "comments": [],
  "measures": [
    {
      "grams": 1.0,
      "amount": 1.0,
      "description": "g"
    }
  ],
  "nutrients": [
    {
      "name": "Energy",
      "amount": 366.6666666666667
    },
    {
      "name": "Protein",
      "amount": 46.66666666666667
    },
    {
      "name": "Carbs",
      "amount": 30.0
    },
    {
      "name": "Fiber",
      "amount": 26.666666666666668
    },
    {
      "name": "Sugars",
      "amount": 3.3333333333333335
    },
    {
      "name": "Fat",
      "amount": 8.333333333333334
    },
    {
      "name": "Calcium",
      "amount": 133.33333333333334
    },
    {
      "name": "Iron",
      "amount": 18.0
    },
    {
      "name": "Magnesium",
      "amount": 1066.6666666666667
    },
    {
      "name": "Potassium",
      "amount": 1166.6666666666667
    },
    {
      "name": "Vitamin A",
      "amount": 0.0
    },
    {
      "name": "B1 (Thiamine)",
      "amount": 2.0000000000000004
    },
    {
      "name": "B3 (Niacin)",
      "amount": 4.0
    },
    {
      "name": "B6 (Pyridoxine)",
      "amount": 1.0
    },
    {
      "name": "Vitamin C",
      "amount": 4.0
    },
    {
      "name": "Vitamin E",
      "amount": 6.0
    },
    {
      "name": "Saturated",
      "amount": 1.0
    },
    {
      "name": "Monounsaturated",
      "amount": 1.3333333333333335
    },
    {
      "name": "Polyunsaturated",
      "amount": 5.0
    },
    {
      "name": "Omega-3",
      "amount": 0.6666666666666667
    },
    {
      "name": "Omega-6",
      "amount": 5.0
    },
    {
      "name": "Trans-Fats",
      "amount": 0.0
    },
    {
      "name": "Cholesterol",
      "amount": 0.0
    }
  ]
}