{
  "name": "Pancake & Waffle Mix, Buttermilk, Big Train",
  "uid": "00042.xml",
  "foodSource": "crdb",
  "entryType": "recipe",
  "pCF": 4.0,
  "cCF": 4.0,
  "lCF": 9.0,
  "comments": [
    "Wheat gluten, corn starch (low glycemic), wheat flour, corn flour, leavening (baking soda, sodium acid pyrophosphate, monocalcium phosphate), buttermilk solids, salt, natural flavors."
  ],
  "measures": [
    {
      "grams": 1.0,
      "amount": 1.0,
      "description": "g"
    },
    {
      "grams": 28.13,
      "amount": 1.0,
      "description": "full recipe"
    }
  ],
  "nutrients": [
    {
      "name": "Energy",
      "amount": 320.7785282616424
    },
    {
      "name": "Protein",
      "amount": 41.226093138997506
    },
    {
      "name": "Carbs",
      "amount": 35.65766086029151
    },
    {
      "name": "Fiber",
      "amount": 2.2467116956985422
    },
    {
      "name": "Starch",
      "amount": 0.0
    },
    {
      "name": "Sugars",
      "amount": 2.702097404905795
    },
    {
      "name": "Fat",
      "amount": 1.7099182367579098
    },
    {
      "name": "Alcohol",
      "amount": 0.0
    },
    {
      "name": "Caffeine",
      "amount": 0.0
    },
    {
      "name": "Water",
      "amount": 16.888766441521508
    },
    {
      "name": "Ash",
      "amount": 3.1084962673302527
    },
    {
      "name": "Calcium",
      "amount": 138.759331674369
    },
    {
      "name": "Chromium",
      "amount": 0.0
    },
    {
      "name": "Copper",
      "amount": 0.16198009242801278
    },
    {
      "name": "Fluoride",
      "amount": 6.85531461073587
    },
    {
      "name": "Iron",
      "amount": 3.2573409171702803
    },
    {
      "name": "Magnesium",
      "amount": 40.170636331318875
    },
    {
      "name": "Manganese",
      "amount": 0.4476892996800569
    },
    {
      "name": "Phosphorus",
      "amount": 237.23782438677569
    },
    {
      "name": "Potassium",
      "amount": 200.7607536437967
    },
    {
      "name": "Selenium",
      "amount": 29.87934589406328
    },
    {
      "name": "Sodium",
      "amount": 1070.6541059367223
    },
    {
      "name": "Zinc",
      "amount": 1.0834340561677924
    },
    {
      "name": "Vitamin A",
      "amount": 25.506576608602916
    },
    {
      "name": "Retinol",
      "amount": 2.5595449697831496
    },
    {
      "name": "Alpha-carotene",
      "amount": 4.4792036971205125
    },
    {
      "name": "Beta-carotene",
      "amount": 7.909704941343762
    },
    {
      "name": "Beta-cryptoxanthin",
      "amount": 0.0
    },
    {
      "name": "Lycopene",
      "amount": 0.0
    },
    {
      "name": "Lutein+Zeaxanthin",
      "amount": 119.800924280128
    },
    {
      "name": "Folate",
      "amount": 8.976182012086742
    },
    {
      "name": "B1 (Thiamine)",
      "amount": 0.0860646996089584
    },
    {
      "name": "B2 (Riboflavin)",
      "amount": 0.11281549946676148
    },
    {
      "name": "B3 (Niacin)",
      "amount": 0.8606114468538928
    },
    {
      "name": "B5 (Pantothenic Acid)",
      "amount": 0.3233202986135798
    },
    {
      "name": "B6 (Pyridoxine)",
      "amount": 0.0806967650195521
    },
    {
      "name": "B12 (Cyanocobalamin)",
      "amount": 0.203697120511909
    },
    {
      "name": "Vitamin C",
      "amount": 0.30394596516174904
    },
    {
      "name": "Vitamin D",
      "amount": 0.0
    },
    {
      "name": "Vitamin E",
      "amount": 0.1226448631354426
    },
    {
      "name": "Beta Tocopherol",
      "amount": 0.0
    },
    {
      "name": "Delta Tocopherol",
      "amount": 0.0
    },
    {
      "name": "Gamma Tocopherol",
      "amount": 0.0
    },
    {
      "name": "Vitamin K",
      "amount": 0.2452897262708852
    },
    {
      "name": "Biotin",
      "amount": 0.0
    },
    {
      "name": "Choline",
      "amount": 11.249555634553857
    },
    {
      "name": "Saturated",
      "amount": 0.4014575186633488
    },
    {
      "name": "Monounsaturated",
      "amount": 0.26603270529683615
    },
    {
      "name": "Polyunsaturated",
      "amount": 0.6262886597938145
    },
    {
      "name": "Omega-3",
      "amount": 0.036189121933878424
    },
    {
      "name": "Omega-6",
      "amount": 0.5902772840383932
    },
    {
      "name": "Trans-Fats",
      "amount": 0.0
    },
    {
      "name": "Cholesterol",
      "amount": 3.6793458940632777
    },
    {
      "name": "Phytosterol",
      "amount": 0.0
    },
    {
      "name": "ALA",
      "amount": 0.1545503021685034
    },
    {
      "name": "ARG",
      "amount": 0.16093138997511552
    },
    {
      "name": "ASP",
      "amount": 0.2508354070387487
    },
    {
      "name": "CYS",
      "amount": 0.060451475293281196
    },
    {
      "name": "GLU",
      "amount": 0.944241023817988
    },
    {
      "name": "GLY",
      "amount": 0.11905439033060791
    },
    {
      "name": "HIS",
      "amount": 0.09953785993601139
    },
    {
      "name": "HYP",
      "amount": 0.0
    },
    {
      "name": "ILE",
      "amount": 0.1838784216139353
    },
    {
      "name": "LEU",
      "amount": 0.3434767152506222
    },
    {
      "name": "LYS",
      "amount": 0.20007109847138288
    },
    {
      "name": "MET",
      "amount": 0.07963028794880911
    },
    {
      "name": "PHE",
      "amount": 0.1832207607536438
    },
    {
      "name": "PRO",
      "amount": 0.3752221827230715
    },
    {
      "name": "SER",
      "amount": 0.19349448986846784
    },
    {
      "name": "THR",
      "amount": 0.14450764308567365
    },
    {
      "name": "TRP",
      "amount": 0.05204408105225738
    },
    {
      "name": "TYR",
      "amount": 0.15243512264486314
    },
    {
      "name": "VAL",
      "amount": 0.21528617134731604
    }
  ],
  "servings": [
    {
      "source": "USDA",
      "grams": 14.0,
      "food": 48052,
      "measure": null
    },
    {
      "source": "USDA",
      "grams": 4.0,
      "food": 20027,
      "measure": null
    },
    {
      "source": "USDA",
      "grams": 3.0,
      "food": 20080,
      "measure": null
    },
    {
      "source": "USDA",
      "grams": 2.0,
      "food": 20016,
      "measure": null
    },
    {
      "source": "USDA",
      "grams": 0.3,
      "food": 2047,
      "measure": null
    },
    {
      "source": "USDA",
      "grams": 1.5,
      "food": 1094,
      "measure": null
    },
    {
      "source": "USDA",
      "grams": 0.63,
      "food": 18372,
      "measure": null
    },
    {
      "source": "USDA",
      "grams": 2.7,
      "food": 14411,
      "measure": null
    }
  ]
}