{
  "name": "Pea Protein (NOW Foods)",
  "uid": "00044.xml",
  "foodSource": "crdb",
  "entryType": "food",
  "pCF": 4.0,
  "cCF": 4.0,
  "lCF": 9.0,
  "comments": [],
  "measures": [
    {
      "grams": 1.0,
      "amount": 1.0,
      "description": "g"
    }
  ],
  "nutrients": [
    {
      "name": "Energy",
      "amount": 393.93939393939394
    },
    {
      "name": "Protein",
      "amount": 84.84848484848484
    },
    {
      "name": "Carbs",
      "amount": 3.0303030303030303
    },
    {
      "name": "Fiber",
      "amount": 0.0
    },
    {
      "name": "Fat",
      "amount": 6.0606060606060606
    },
    {
      "name": "Sodium",
      "amount": 1000.0
    },
    {
      "name": "ARG",
      "amount": 7.199999999999999
    },
    {
      "name": "CYS",
      "amount": 1.7999999999999998
    },
    {
      "name": "GLU",
      "amount": 14.2
    },
    {
      "name": "HIS",
      "amount": 2.0
    },
    {
      "name": "ILE",
      "amount": 3.8999999999999995
    },
    {
      "name": "LEU",
      "amount": 6.800000000000001
    },
    {
      "name": "LYS",
      "amount": 6.0
    },
    {
      "name": "MET",
      "amount": 0.8
    },
    {
      "name": "PHE",
      "amount": 4.3
    },
    {
      "name": "THR",
      "amount": 3.3
    },
    {
      "name": "TRP",
      "amount": 0.8
    },
    {
      "name": "TYR",
      "amount": 3.0999999999999996
    },
    {
      "name": "VAL",
      "amount": 4.1
    }
  ]
}