{
  "name": "Olives, ripe, Mario's low-sodium,  canned (medium)",
  "uid": "00041.xml",
  "foodSource": "crdb",
  "entryType": "food",
  "pCF": 4.0,
  "cCF": 4.0,
  "lCF": 9.0,
  "comments": [],
  "measures": [
    {
      "grams": 1.0,
      "amount": 1.0,
      "description": "g"
    },
    {
      "grams": 15.0,
      "amount": 5.0,
      "description": "Olives"
    }
  ],
  "nutrients": [
    {
      "name": "Energy",
      "amount": 166.66666666666669
    },
    {
      "name": "Protein",
      "amount": 1.3333333333333335
    },
    {
      "name": "Carbs",
      "amount": 6.26
    },
    {
      "name": "Fiber",
      "amount": 3.2
    },
    {
      "name": "Sugars",
      "amount": 0.0
    },
    {
      "name": "Fat",
      "amount": 16.666666666666668
    },
    {
      "name": "Alcohol",
      "amount": 0.0
    },
    {
      "name": "Caffeine",
      "amount": 0.0
    },
    {
      "name": "Water",
      "amount": 79.99
    },
    {
      "name": "Ash",
      "amount": 2.23
    },
    {
      "name": "Calcium",
      "amount": 127.33333333333334
    },
    {
      "name": "Copper",
      "amount": 0.6666666666666667
    },
    {
      "name": "Iron",
      "amount": 4.666666666666667
    },
    {
      "name": "Magnesium",
      "amount": 6.0
    },
    {
      "name": "Manganese",
      "amount": 0.02
    },
    {
      "name": "Phosphorus",
      "amount": 4.666666666666667
    },
    {
      "name": "Potassium",
      "amount": 11.333333333333334
    },
    {
      "name": "Selenium",
      "amount": 1.3333333333333335
    },
    {
      "name": "Sodium",
      "amount": 266.6666666666667
    },
    {
      "name": "Zinc",
      "amount": 0.22
    },
    {
      "name": "Vitamin A",
      "amount": 583.3333333333334
    },
    {
      "name": "Retinol",
      "amount": 0.0
    },
    {
      "name": "Alpha-carotene",
      "amount": 0.0
    },
    {
      "name": "Beta-carotene",
      "amount": 237.0
    },
    {
      "name": "Beta-cryptoxanthin",
      "amount": 9.0
    },
    {
      "name": "Lycopene",
      "amount": 0.0
    },
    {
      "name": "Lutein+Zeaxanthin",
      "amount": 510.0
    },
    {
      "name": "Folate",
      "amount": 0.0
    },
    {
      "name": "B1 (Thiamine)",
      "amount": 0.003
    },
    {
      "name": "B2 (Riboflavin)",
      "amount": 0.0
    },
    {
      "name": "B3 (Niacin)",
      "amount": 0.037
    },
    {
      "name": "B5 (Pantothenic Acid)",
      "amount": 0.015
    },
    {
      "name": "B6 (Pyridoxine)",
      "amount": 0.009
    },
    {
      "name": "B12 (Cyanocobalamin)",
      "amount": 0.0
    },
    {
      "name": "Vitamin C",
      "amount": 0.9
    },
    {
      "name": "Vitamin E",
      "amount": 2.666666666666667
    },
    {
      "name": "Beta Tocopherol",
      "amount": 0.0
    },
    {
      "name": "Delta Tocopherol",
      "amount": 0.0
    },
    {
      "name": "Gamma Tocopherol",
      "amount": 0.0
    },
    {
      "name": "Vitamin K",
      "amount": 2.0
    },
    {
      "name": "Choline",
      "amount": 14.666666666666668
    },
    {
      "name": "Saturated",
      "amount": 2.0
    },
    {
      "name": "Monounsaturated",
      "amount": 11.333333333333334
    },
    {
      "name": "Polyunsaturated",
      "amount": 1.3333333333333335
    },
    {
      "name": "Omega-3",
      "amount": 0.064
    },
    {
      "name": "Omega-6",
      "amount": 0.847
    },
    {
      "name": "Cholesterol",
      "amount": 0.0
    },
    {
      "name": "ALA",
      "amount": 0.043
    },
    {
      "name": "ARG",
      "amount": 0.067
    },
    {
      "name": "ASP",
      "amount": 0.092
    },
    {
      "name": "GLU",
      "amount": 0.093
    },
    {
      "name": "GLY",
      "amount": 0.049
    },
    {
      "name": "HIS",
      "amount": 0.023
    },
    {
      "name": "ILE",
      "amount": 0.031
    },
    {
      "name": "LEU",
      "amount": 0.05
    },
    {
      "name": "LYS",
      "amount": 0.032
    },
    {
      "name": "MET",
      "amount": 0.012
    },
    {
      "name": "PHE",
      "amount": 0.029
    },
    {
      "name": "PRO",
      "amount": 0.04
    },
    {
      "name": "SER",
      "amount": 0.031
    },
    {
      "name": "THR",
      "amount": 0.026
    },
    {
      "name": "TYR",
      "amount": 0.023
    },
    {
      "name": "VAL",
      "amount": 0.038
    }
  ]
}