{
  "name": "King Prawn Masala, Sainsbury's",
  "uid": "00040.xml",
  "foodSource": "crdb",
  "entryType": "recipe",
  "pCF": 4.0,
  "cCF": 4.0,
  "lCF": 9.0,
  "comments": [],
  "measures": [
    {
      "grams": 1.0,
      "amount": 1.0,
      "description": "g"
    },
    {
      "grams": 345.48083808774345,
      "amount": 1.0,
      "description": "full recipe"
    }
  ],
  "nutrients": [
    {
      "name": "Energy",
      "amount": 119.02252011313156
    },
    {
      "name": "Protein",
      "amount": 6.960280319946864
    },
    {
      "name": "Carbs",
      "amount": 4.335507552023141
    },
    {
      "name": "Fiber",
      "amount": 0.8394097965177081
    },
    {
      "name": "Starch",
      "amount": 0.0
    },
    {
      "name": "Sugars",
      "amount": 2.226638310313015
    },
    {
      "name": "Fat",
      "amount": 8.386688959512131
    },
    {
      "name": "Alcohol",
      "amount": 0.0
    },
    {
      "name": "Caffeine",
      "amount": 0.0
    },
    {
      "name": "Water",
      "amount": 77.25517752588706
    },
    {
      "name": "Ash",
      "amount": 3.305485031966954
    },
    {
      "name": "Calcium",
      "amount": 30.48937738624644
    },
    {
      "name": "Chromium",
      "amount": 0.0
    },
    {
      "name": "Copper",
      "amount": 0.0957446922521884
    },
    {
      "name": "Fluoride",
      "amount": 8.859762752144821
    },
    {
      "name": "Iron",
      "amount": 1.2028909762663877
    },
    {
      "name": "Magnesium",
      "amount": 17.43217552102294
    },
    {
      "name": "Manganese",
      "amount": 0.07432489231265267
    },
    {
      "name": "Phosphorus",
      "amount": 62.65243974488392
    },
    {
      "name": "Potassium",
      "amount": 182.14774767264186
    },
    {
      "name": "Selenium",
      "amount": 11.724769066495925
    },
    {
      "name": "Sodium",
      "amount": 1056.4232543966841
    },
    {
      "name": "Zinc",
      "amount": 0.5811320856788285
    },
    {
      "name": "Vitamin A",
      "amount": 369.4686759839007
    },
    {
      "name": "Retinol",
      "amount": 75.74823935892181
    },
    {
      "name": "Alpha-carotene",
      "amount": 0.0
    },
    {
      "name": "Beta-carotene",
      "amount": 70.23103913713226
    },
    {
      "name": "Beta-cryptoxanthin",
      "amount": 0.6946839695318964
    },
    {
      "name": "Lycopene",
      "amount": 3236.99573669546
    },
    {
      "name": "Lutein+Zeaxanthin",
      "amount": 6.483717048964366
    },
    {
      "name": "Folate",
      "amount": 9.758296195199863
    },
    {
      "name": "B1 (Thiamine)",
      "amount": 0.030890783906032476
    },
    {
      "name": "B2 (Riboflavin)",
      "amount": 0.047588368883838994
    },
    {
      "name": "B3 (Niacin)",
      "amount": 1.0144273683343763
    },
    {
      "name": "B5 (Pantothenic Acid)",
      "amount": 0.24086908158066456
    },
    {
      "name": "B6 (Pyridoxine)",
      "amount": 0.0975552752720535
    },
    {
      "name": "B12 (Cyanocobalamin)",
      "amount": 0.4562009763683196
    },
    {
      "name": "Vitamin C",
      "amount": 4.482725180204013
    },
    {
      "name": "Vitamin D",
      "amount": 7.19853678572907
    },
    {
      "name": "Vitamin E",
      "amount": 1.3838845869756093
    },
    {
      "name": "Beta Tocopherol",
      "amount": 0.004919368381526778
    },
    {
      "name": "Delta Tocopherol",
      "amount": 0.028526049880099366
    },
    {
      "name": "Gamma Tocopherol",
      "amount": 0.8109361360772416
    },
    {
      "name": "Vitamin K",
      "amount": 3.261591120809991
    },
    {
      "name": "Biotin",
      "amount": 0.0
    },
    {
      "name": "Choline",
      "amount": 29.806194948735513
    },
    {
      "name": "Saturated",
      "amount": 3.502212115615976
    },
    {
      "name": "Monounsaturated",
      "amount": 3.3695831127424727
    },
    {
      "name": "Polyunsaturated",
      "amount": 1.150279859261465
    },
    {
      "name": "Omega-3",
      "amount": 0.44004465402498105
    },
    {
      "name": "Omega-6",
      "amount": 0.6786459448210506
    },
    {
      "name": "Trans-Fats",
      "amount": 0.011381605760241666
    },
    {
      "name": "Cholesterol",
      "amount": 75.40844828686816
    },
    {
      "name": "Phytosterol",
      "amount": 4.3417748095743525
    },
    {
      "name": "ALA",
      "amount": 0.3681120286665902
    },
    {
      "name": "ARG",
      "amount": 0.5760641647634209
    },
    {
      "name": "ASP",
      "amount": 0.7202161223830978
    },
    {
      "name": "CYS",
      "amount": 0.07476158676451419
    },
    {
      "name": "GLU",
      "amount": 1.3156081067191108
    },
    {
      "name": "GLY",
      "amount": 0.3849027415678484
    },
    {
      "name": "HIS",
      "amount": 0.1399158955880746
    },
    {
      "name": "HYP",
      "amount": 0.0
    },
    {
      "name": "ILE",
      "amount": 0.32097419757458534
    },
    {
      "name": "LEU",
      "amount": 0.5240610289137887
    },
    {
      "name": "LYS",
      "amount": 0.5701492831387834
    },
    {
      "name": "MET",
      "amount": 0.17997852146865137
    },
    {
      "name": "PHE",
      "amount": 0.29968314069679436
    },
    {
      "name": "PRO",
      "amount": 0.23577976641257217
    },
    {
      "name": "SER",
      "amount": 0.26869419492550184
    },
    {
      "name": "THR",
      "amount": 0.2733229044181438
    },
    {
      "name": "TRP",
      "amount": 0.09461293628515935
    },
    {
      "name": "TYR",
      "amount": 0.22384680735622897
    },
    {
      "name": "VAL",
      "amount": 0.31582699207569864
    }
  ],
  "servings": [
    {
      "source": "USDA",
      "grams": 100.0,
      "food": 15151,
      "measure": null
    },
    {
      "source": "USDA",
      "grams": 100.0,
      "food": 11282,
      "measure": null
    },
    {
      "source": "USDA",
      "grams": 80.0,
      "food": 11549,
      "measure": null
    },
    {
      "source": "USDA",
      "grams": 47.826086956521735,
      "food": 1053,
      "measure": null
    },
    {
      "source": "USDA",
      "grams": 9.95475113122172,
      "food": 4582,
      "measure": "tbsp"
    },
    {
      "source": "USDA",
      "grams": 7.7,
      "food": 2047,
      "measure": null
    }
  ]
}