{
  "name": "Shirataki Noodles",
  "uid": "00047.xml",
  "foodSource": "crdb",
  "entryType": "food",
  "pCF": 4.0,
  "cCF": 4.0,
  "lCF": 9.0,
  "comments": [
    "Alleged to be from \"Standard Tables of Food Composition in Japan ,\" 2002 edition, entry for \"Konjac, Noodle Shaped\" :\nhttp://www.shakespeare-w.com/english/konnyaku/nutrition_cal.html\n\n... except that this source indicates 6 Cal/100 g; this was revised to allow for likely fermentation of the remaining carb."
  ],
  "measures": [
    {
      "grams": 1.0,
      "amount": 1.0,
      "description": "g"
    },
    {
      "grams": 360.0,
      "amount": 1.0,
      "description": "Bag"
    }
  ],
  "nutrients": [
    {
      "name": "Energy",
      "amount": 9.0
    },
    {
      "name": "Protein",
      "amount": 0.2
    },
    {
      "name": "Carbs",
      "amount": 3.0
    },
    {
      "name": "Fiber",
      "amount": 3.0
    },
    {
      "name": "Fat",
      "amount": 0.0
    },
    {
      "name": "Calcium",
      "amount": 75.0
    },
    {
      "name": "Iron",
      "amount": 0.6
    },
    {
      "name": "Phosphorus",
      "amount": 10.0
    },
    {
      "name": "Potassium",
      "amount": 22.0
    },
    {
      "name": "Sodium",
      "amount": 10.0
    }
  ]
}