{
  "name": "Tomatoes, diced, canned, no salt added, Giant/Ahold",
  "uid": "00048.xml",
  "foodSource": "crdb",
  "entryType": "food",
  "pCF": 4.0,
  "cCF": 4.0,
  "lCF": 9.0,
  "comments": [],
  "measures": [
    {
      "grams": 1.0,
      "amount": 1.0,
      "description": "g"
    },
    {
      "grams": 242.0,
      "amount": 1.0,
      "description": "cup"
    },
    {
      "grams": 411.0,
      "amount": 1.0,
      "description": "can"
    },
    {
      "grams": 121.0,
      "amount": 0.5,
      "description": "cup"
    }
  ],
  "nutrients": [
    {
      "name": "Energy",
      "amount": 20.66115702479339
    },
    {
      "name": "Protein",
      "amount": 0.78
    },
    {
      "name": "Carbs",
      "amount": 4.0
    },
    {
      "name": "Fiber",
      "amount": 1.0
    },
    {
      "name": "Sugars",
      "amount": 2.38
    },
    {
      "name": "Fat",
      "amount": 0.13
    },
    {
      "name": "Alcohol",
      "amount": 0.0
    },
    {
      "name": "Caffeine",
      "amount": 0.0
    },
    {
      "name": "Water",
      "amount": 94.28
    },
    {
      "name": "Ash",
      "amount": 0.81
    },
    {
      "name": "Calcium",
      "amount": 33.057851239669425
    },
    {
      "name": "Copper",
      "amount": 0.069
    },
    {
      "name": "Fluoride",
      "amount": 5.1
    },
    {
      "name": "Iron",
      "amount": 0.5950413223140496
    },
    {
      "name": "Magnesium",
      "amount": 11.0
    },
    {
      "name": "Manganese",
      "amount": 0.077
    },
    {
      "name": "Phosphorus",
      "amount": 19.0
    },
    {
      "name": "Potassium",
      "amount": 188.0
    },
    {
      "name": "Selenium",
      "amount": 0.1
    },
    {
      "name": "Sodium",
      "amount": 16.528925619834713
    },
    {
      "name": "Zinc",
      "amount": 0.14
    },
    {
      "name": "Vitamin A",
      "amount": 619.8347107438017
    },
    {
      "name": "Retinol",
      "amount": 0.0
    },
    {
      "name": "Alpha-carotene",
      "amount": 0.0
    },
    {
      "name": "Beta-carotene",
      "amount": 70.0
    },
    {
      "name": "Beta-cryptoxanthin",
      "amount": 0.0
    },
    {
      "name": "Lycopene",
      "amount": 2767.0
    },
    {
      "name": "Lutein+Zeaxanthin",
      "amount": 86.0
    },
    {
      "name": "Folate",
      "amount": 8.0
    },
    {
      "name": "B1 (Thiamine)",
      "amount": 0.045
    },
    {
      "name": "B2 (Riboflavin)",
      "amount": 0.055
    },
    {
      "name": "B3 (Niacin)",
      "amount": 0.712
    },
    {
      "name": "B5 (Pantothenic Acid)",
      "amount": 0.118
    },
    {
      "name": "B6 (Pyridoxine)",
      "amount": 0.111
    },
    {
      "name": "B12 (Cyanocobalamin)",
      "amount": 0.0
    },
    {
      "name": "Vitamin C",
      "amount": 7.43801652892562
    },
    {
      "name": "Vitamin E",
      "amount": 0.68
    },
    {
      "name": "Beta Tocopherol",
      "amount": 0.01
    },
    {
      "name": "Delta Tocopherol",
      "amount": 0.0
    },
    {
      "name": "Gamma Tocopherol",
      "amount": 0.05
    },
    {
      "name": "Vitamin K",
      "amount": 2.9
    },
    {
      "name": "Choline",
      "amount": 7.0
    },
    {
      "name": "Saturated",
      "amount": 0.018
    },
    {
      "name": "Monounsaturated",
      "amount": 0.021
    },
    {
      "name": "Polyunsaturated",
      "amount": 0.052
    },
    {
      "name": "Omega-3",
      "amount": 0.002
    },
    {
      "name": "Omega-6",
      "amount": 0.05
    },
    {
      "name": "Cholesterol",
      "amount": 0.0
    },
    {
      "name": "ALA",
      "amount": 0.034
    },
    {
      "name": "ARG",
      "amount": 0.024
    },
    {
      "name": "ASP",
      "amount": 0.162
    },
    {
      "name": "CYS",
      "amount": 0.008
    },
    {
      "name": "GLU",
      "amount": 0.476
    },
    {
      "name": "GLY",
      "amount": 0.02
    },
    {
      "name": "HIS",
      "amount": 0.016
    },
    {
      "name": "ILE",
      "amount": 0.023
    },
    {
      "name": "LEU",
      "amount": 0.029
    },
    {
      "name": "LYS",
      "amount": 0.029
    },
    {
      "name": "MET",
      "amount": 0.008
    },
    {
      "name": "PHE",
      "amount": 0.029
    },
    {
      "name": "PRO",
      "amount": 0.016
    },
    {
      "name": "SER",
      "amount": 0.025
    },
    {
      "name": "THR",
      "amount": 0.044
    },
    {
      "name": "TRP",
      "amount": 0.008
    },
    {
      "name": "TYR",
      "amount": 0.019
    },
    {
      "name": "VAL",
      "amount": 0.017
    }
  ]
}