{
  "name": "Sauce, fish, Low-Sodium (Thai Kitchen)",
  "uid": "00046.xml",
  "foodSource": "crdb",
  "entryType": "food",
  "pCF": 4.0,
  "cCF": 4.0,
  "lCF": 9.0,
  "comments": [],
  "measures": [
    {
      "grams": 1.0,
      "amount": 1.0,
      "description": "g"
    },
    {
      "grams": 15.0,
      "amount": 1.0,
      "description": "tbsp"
    }
  ],
  "nutrients": [
    {
      "name": "Energy",
      "amount": 35.0
    },
    {
      "name": "Protein",
      "amount": 0.3933333333333333
    },
    {
      "name": "Carbs",
      "amount": 6.666666666666667
    },
    {
      "name": "Fiber",
      "amount": 0.0
    },
    {
      "name": "Sugars",
      "amount": 3.64
    },
    {
      "name": "Fat",
      "amount": 0.01
    },
    {
      "name": "Alcohol",
      "amount": 0.0
    },
    {
      "name": "Caffeine",
      "amount": 0.0
    },
    {
      "name": "Water",
      "amount": 71.07
    },
    {
      "name": "Ash",
      "amount": 20.22
    },
    {
      "name": "Calcium",
      "amount": 43.0
    },
    {
      "name": "Copper",
      "amount": 0.05
    },
    {
      "name": "Iron",
      "amount": 0.78
    },
    {
      "name": "Magnesium",
      "amount": 175.0
    },
    {
      "name": "Manganese",
      "amount": 0.233
    },
    {
      "name": "Phosphorus",
      "amount": 7.0
    },
    {
      "name": "Potassium",
      "amount": 288.0
    },
    {
      "name": "Selenium",
      "amount": 9.1
    },
    {
      "name": "Sodium",
      "amount": 5933.333333333334
    },
    {
      "name": "Zinc",
      "amount": 0.2
    },
    {
      "name": "Vitamin A",
      "amount": 12.0
    },
    {
      "name": "Retinol",
      "amount": 4.0
    },
    {
      "name": "Alpha-carotene",
      "amount": 0.0
    },
    {
      "name": "Beta-carotene",
      "amount": 0.0
    },
    {
      "name": "Beta-cryptoxanthin",
      "amount": 0.0
    },
    {
      "name": "Lycopene",
      "amount": 0.0
    },
    {
      "name": "Lutein+Zeaxanthin",
      "amount": 0.0
    },
    {
      "name": "Folate",
      "amount": 51.0
    },
    {
      "name": "B1 (Thiamine)",
      "amount": 0.012
    },
    {
      "name": "B2 (Riboflavin)",
      "amount": 0.057
    },
    {
      "name": "B3 (Niacin)",
      "amount": 2.313
    },
    {
      "name": "B5 (Pantothenic Acid)",
      "amount": 0.118
    },
    {
      "name": "B6 (Pyridoxine)",
      "amount": 0.396
    },
    {
      "name": "B12 (Cyanocobalamin)",
      "amount": 0.48
    },
    {
      "name": "Vitamin C",
      "amount": 0.5
    },
    {
      "name": "Vitamin E",
      "amount": 0.0
    },
    {
      "name": "Vitamin K",
      "amount": 0.0
    },
    {
      "name": "Choline",
      "amount": 13.2
    },
    {
      "name": "Saturated",
      "amount": 0.003
    },
    {
      "name": "Monounsaturated",
      "amount": 0.002
    },
    {
      "name": "Polyunsaturated",
      "amount": 0.003
    },
    {
      "name": "Omega-3",
      "amount": 0.003
    },
    {
      "name": "Omega-6",
      "amount": 0.0
    },
    {
      "name": "Cholesterol",
      "amount": 0.0
    }
  ]
}