{
  "name": "Chicken Balti, Sainsbury's",
  "uid": "00049.xml",
  "foodSource": "crdb",
  "entryType": "recipe",
  "pCF": 4.0,
  "cCF": 4.0,
  "lCF": 9.0,
  "comments": [],
  "measures": [
    {
      "grams": 1.0,
      "amount": 1.0,
      "description": "g"
    },
    {
      "grams": 212.0,
      "amount": 1.0,
      "description": "full recipe"
    },
    {
      "grams": 362.0,
      "amount": 1.0,
      "description": "Full Packet (400 g)"
    }
  ],
  "nutrients": [
    {
      "name": "Energy",
      "amount": 122.45943396226414
    },
    {
      "name": "Protein",
      "amount": 12.655094339622643
    },
    {
      "name": "Carbs",
      "amount": 4.224716981132075
    },
    {
      "name": "Fiber",
      "amount": 0.8075471698113207
    },
    {
      "name": "Starch",
      "amount": 0.0
    },
    {
      "name": "Sugars",
      "amount": 2.26438679245283
    },
    {
      "name": "Fat",
      "amount": 5.971650943396226
    },
    {
      "name": "Alcohol",
      "amount": 0.0
    },
    {
      "name": "Caffeine",
      "amount": 0.0
    },
    {
      "name": "Water",
      "amount": 76.63669811320754
    },
    {
      "name": "Ash",
      "amount": 0.8592452830188679
    },
    {
      "name": "Calcium",
      "amount": 24.691509433962263
    },
    {
      "name": "Chromium",
      "amount": 0.0
    },
    {
      "name": "Copper",
      "amount": 0.04397169811320755
    },
    {
      "name": "Fluoride",
      "amount": 1.3693396226415095
    },
    {
      "name": "Iron",
      "amount": 0.5257641509433962
    },
    {
      "name": "Magnesium",
      "amount": 17.379245283018868
    },
    {
      "name": "Manganese",
      "amount": 0.0717877358490566
    },
    {
      "name": "Phosphorus",
      "amount": 108.62264150943396
    },
    {
      "name": "Potassium",
      "amount": 202.14245283018872
    },
    {
      "name": "Selenium",
      "amount": 10.880377358490566
    },
    {
      "name": "Sodium",
      "amount": 107.26509433962265
    },
    {
      "name": "Zinc",
      "amount": 0.5158962264150944
    },
    {
      "name": "Vitamin A",
      "amount": 157.00943396226413
    },
    {
      "name": "Retinol",
      "amount": 2.386792452830189
    },
    {
      "name": "Alpha-carotene",
      "amount": 17.2688679245283
    },
    {
      "name": "Beta-carotene",
      "amount": 80.34433962264151
    },
    {
      "name": "Beta-cryptoxanthin",
      "amount": 0.19811320754716982
    },
    {
      "name": "Lycopene",
      "amount": 424.78773584905656
    },
    {
      "name": "Lutein+Zeaxanthin",
      "amount": 31.27830188679245
    },
    {
      "name": "Folate",
      "amount": 11.127358490566037
    },
    {
      "name": "B1 (Thiamine)",
      "amount": 0.051919811320754725
    },
    {
      "name": "B2 (Riboflavin)",
      "amount": 0.06743867924528303
    },
    {
      "name": "B3 (Niacin)",
      "amount": 5.3948207547169815
    },
    {
      "name": "B5 (Pantothenic Acid)",
      "amount": 0.45704716981132076
    },
    {
      "name": "B6 (Pyridoxine)",
      "amount": 0.29091509433962265
    },
    {
      "name": "B12 (Cyanocobalamin)",
      "amount": 0.15867924528301888
    },
    {
      "name": "Vitamin C",
      "amount": 6.858018867924528
    },
    {
      "name": "Vitamin D",
      "amount": 0.0
    },
    {
      "name": "Vitamin E",
      "amount": 0.8927075471698113
    },
    {
      "name": "Beta Tocopherol",
      "amount": 0.001650943396226415
    },
    {
      "name": "Delta Tocopherol",
      "amount": 0.0
    },
    {
      "name": "Gamma Tocopherol",
      "amount": 0.01981132075471698
    },
    {
      "name": "Vitamin K",
      "amount": 8.168301886792452
    },
    {
      "name": "Biotin",
      "amount": 0.0
    },
    {
      "name": "Choline",
      "amount": 36.58396226415095
    },
    {
      "name": "Saturated",
      "amount": 0.766066037735849
    },
    {
      "name": "Monounsaturated",
      "amount": 2.991683962264151
    },
    {
      "name": "Polyunsaturated",
      "amount": 1.7840330188679243
    },
    {
      "name": "Omega-3",
      "amount": 0.4386462264150944
    },
    {
      "name": "Omega-6",
      "amount": 1.3029056603773583
    },
    {
      "name": "Trans-Fats",
      "amount": 0.0
    },
    {
      "name": "Cholesterol",
      "amount": 32.57075471698113
    },
    {
      "name": "Phytosterol",
      "amount": 6.363207547169811
    },
    {
      "name": "ALA",
      "amount": 0.6704386792452831
    },
    {
      "name": "ARG",
      "amount": 0.7615471698113208
    },
    {
      "name": "ASP",
      "amount": 1.1356933962264149
    },
    {
      "name": "CYS",
      "amount": 0.15728301886792453
    },
    {
      "name": "GLU",
      "amount": 1.9894999999999998
    },
    {
      "name": "GLY",
      "amount": 0.6010330188679245
    },
    {
      "name": "HIS",
      "amount": 0.38185377358490563
    },
    {
      "name": "HYP",
      "amount": 0.0
    },
    {
      "name": "ILE",
      "amount": 0.6488773584905659
    },
    {
      "name": "LEU",
      "amount": 0.9300896226415095
    },
    {
      "name": "LYS",
      "amount": 1.0494528301886796
    },
    {
      "name": "MET",
      "amount": 0.3380235849056603
    },
    {
      "name": "PHE",
      "amount": 0.5070188679245284
    },
    {
      "name": "PRO",
      "amount": 0.5262924528301887
    },
    {
      "name": "SER",
      "amount": 0.43717452830188674
    },
    {
      "name": "THR",
      "amount": 0.5240141509433963
    },
    {
      "name": "TRP",
      "amount": 0.1457735849056604
    },
    {
      "name": "TYR",
      "amount": 0.420938679245283
    },
    {
      "name": "VAL",
      "amount": 0.6212971698113209
    }
  ],
  "servings": [
    {
      "source": "USDA",
      "grams": 81.0,
      "food": 5064,
      "measure": null
    },
    {
      "source": "USDA",
      "grams": 70.0,
      "food": 11282,
      "measure": null
    },
    {
      "source": "USDA",
      "grams": 35.0,
      "food": 11529,
      "measure": null
    },
    {
      "source": "USDA",
      "grams": 6.0,
      "food": 11333,
      "measure": null
    },
    {
      "source": "USDA",
      "grams": 10.0,
      "food": 1118,
      "measure": null
    },
    {
      "source": "USDA",
      "grams": 9.6,
      "food": 42299,
      "measure": null
    },
    {
      "source": "USDA",
      "grams": 0.4,
      "food": 2047,
      "measure": null
    }
  ]
}