{
  "name": "Chicken Madras, Sainsbury's",
  "uid": "00045.xml",
  "foodSource": "crdb",
  "entryType": "recipe",
  "pCF": 4.0,
  "cCF": 4.0,
  "lCF": 9.0,
  "comments": [],
  "measures": [
    {
      "grams": 1.0,
      "amount": 1.0,
      "description": "g"
    },
    {
      "grams": 195.67222222222222,
      "amount": 1.0,
      "description": "full recipe"
    },
    {
      "grams": 366.0,
      "amount": 1.0,
      "description": "Full pack (400g)"
    }
  ],
  "nutrients": [
    {
      "name": "Energy",
      "amount": 155.49984384316178
    },
    {
      "name": "Protein",
      "amount": 12.488310950853183
    },
    {
      "name": "Carbs",
      "amount": 3.2567275205133304
    },
    {
      "name": "Fiber",
      "amount": 0.7940149342721672
    },
    {
      "name": "Starch",
      "amount": 0.0
    },
    {
      "name": "Sugars",
      "amount": 1.9997444706283185
    },
    {
      "name": "Fat",
      "amount": 10.126702819340736
    },
    {
      "name": "Alcohol",
      "amount": 0.0
    },
    {
      "name": "Caffeine",
      "amount": 0.0
    },
    {
      "name": "Water",
      "amount": 73.25735782629681
    },
    {
      "name": "Ash",
      "amount": 1.2193918400953976
    },
    {
      "name": "Calcium",
      "amount": 13.762925527384233
    },
    {
      "name": "Chromium",
      "amount": 0.0
    },
    {
      "name": "Copper",
      "amount": 0.06046137247664745
    },
    {
      "name": "Fluoride",
      "amount": 8.521961329888418
    },
    {
      "name": "Iron",
      "amount": 0.7072465290593681
    },
    {
      "name": "Magnesium",
      "amount": 17.88651656682093
    },
    {
      "name": "Manganese",
      "amount": 0.06781919877345902
    },
    {
      "name": "Phosphorus",
      "amount": 101.15556060304932
    },
    {
      "name": "Potassium",
      "amount": 228.93012691292128
    },
    {
      "name": "Selenium",
      "amount": 10.716109707276907
    },
    {
      "name": "Sodium",
      "amount": 239.27878254450474
    },
    {
      "name": "Zinc",
      "amount": 0.4788762386076489
    },
    {
      "name": "Vitamin A",
      "amount": 213.88376252803727
    },
    {
      "name": "Retinol",
      "amount": 2.2997643451350047
    },
    {
      "name": "Alpha-carotene",
      "amount": 12.114363589903752
    },
    {
      "name": "Beta-carotene",
      "amount": 117.08753300587718
    },
    {
      "name": "Beta-cryptoxanthin",
      "amount": 0.9045739757531018
    },
    {
      "name": "Lycopene",
      "amount": 3507.052610658414
    },
    {
      "name": "Lutein+Zeaxanthin",
      "amount": 30.327929360324806
    },
    {
      "name": "Folate",
      "amount": 8.986116237471963
    },
    {
      "name": "B1 (Thiamine)",
      "amount": 0.04535248857215866
    },
    {
      "name": "B2 (Riboflavin)",
      "amount": 0.06602992532863916
    },
    {
      "name": "B3 (Niacin)",
      "amount": 5.579918230601061
    },
    {
      "name": "B5 (Pantothenic Acid)",
      "amount": 0.47294284659720054
    },
    {
      "name": "B6 (Pyridoxine)",
      "amount": 0.28663638170409694
    },
    {
      "name": "B12 (Cyanocobalamin)",
      "amount": 0.1303199795576503
    },
    {
      "name": "Vitamin C",
      "amount": 6.652054172226797
    },
    {
      "name": "Vitamin D",
      "amount": 0.0
    },
    {
      "name": "Vitamin E",
      "amount": 0.966667613071747
    },
    {
      "name": "Beta Tocopherol",
      "amount": 0.005888532409641975
    },
    {
      "name": "Delta Tocopherol",
      "amount": 0.01517844467789103
    },
    {
      "name": "Gamma Tocopherol",
      "amount": 0.45579625791431244
    },
    {
      "name": "Vitamin K",
      "amount": 3.037506033332387
    },
    {
      "name": "Biotin",
      "amount": 0.0
    },
    {
      "name": "Choline",
      "amount": 45.597115357315246
    },
    {
      "name": "Saturated",
      "amount": 2.649329661281622
    },
    {
      "name": "Monounsaturated",
      "amount": 4.65559126657392
    },
    {
      "name": "Polyunsaturated",
      "amount": 2.2526827744811335
    },
    {
      "name": "Omega-3",
      "amount": 0.24035433406206527
    },
    {
      "name": "Omega-6",
      "amount": 1.9357207347889045
    },
    {
      "name": "Trans-Fats",
      "amount": 0.006056046108855513
    },
    {
      "name": "Cholesterol",
      "amount": 38.661593935436244
    },
    {
      "name": "Phytosterol",
      "amount": 3.370716334005281
    },
    {
      "name": "ALA",
      "amount": 0.6653524885721587
    },
    {
      "name": "ARG",
      "amount": 0.7434303398540644
    },
    {
      "name": "ASP",
      "amount": 1.1415416938758125
    },
    {
      "name": "CYS",
      "amount": 0.1573907611936061
    },
    {
      "name": "GLU",
      "amount": 2.0231884387155388
    },
    {
      "name": "GLY",
      "amount": 0.5977201101615514
    },
    {
      "name": "HIS",
      "amount": 0.3782147014565174
    },
    {
      "name": "HYP",
      "amount": 0.0
    },
    {
      "name": "ILE",
      "amount": 0.6389716362397434
    },
    {
      "name": "LEU",
      "amount": 0.908823713125692
    },
    {
      "name": "LYS",
      "amount": 1.0296504926038443
    },
    {
      "name": "MET",
      "amount": 0.33229209846398455
    },
    {
      "name": "PHE",
      "amount": 0.509095709945771
    },
    {
      "name": "PRO",
      "amount": 0.49826864654609465
    },
    {
      "name": "SER",
      "amount": 0.42577212458476477
    },
    {
      "name": "THR",
      "amount": 0.5189341585985634
    },
    {
      "name": "TRP",
      "amount": 0.14424803384344567
    },
    {
      "name": "TYR",
      "amount": 0.41001277646858414
    },
    {
      "name": "VAL",
      "amount": 0.6024667102013003
    }
  ],
  "servings": [
    {
      "source": "USDA",
      "grams": 75.0,
      "food": 5064,
      "measure": null
    },
    {
      "source": "USDA",
      "grams": 30.0,
      "food": 11282,
      "measure": null
    },
    {
      "source": "USDA",
      "grams": 22.22222222222222,
      "food": 11529,
      "measure": null
    },
    {
      "source": "USDA",
      "grams": 6.0,
      "food": 11333,
      "measure": null
    },
    {
      "source": "USDA",
      "grams": 0.45,
      "food": 2047,
      "measure": null
    },
    {
      "source": "USDA",
      "grams": 45.0,
      "food": 11549,
      "measure": null
    },
    {
      "source": "USDA",
      "grams": 14.0,
      "food": 4542,
      "measure": null
    },
    {
      "source": "USDA",
      "grams": 3.0,
      "food": 4582,
      "measure": null
    }
  ]
}