{
  "name": "Chicken Tikka Masala, Sainsbury's",
  "uid": "00050.xml",
  "foodSource": "crdb",
  "entryType": "recipe",
  "pCF": 4.0,
  "cCF": 4.0,
  "lCF": 9.0,
  "comments": [],
  "measures": [
    {
      "grams": 1.0,
      "amount": 1.0,
      "description": "g"
    },
    {
      "grams": 481.07862786829537,
      "amount": 1.0,
      "description": "full recipe"
    }
  ],
  "nutrients": [
    {
      "name": "Energy",
      "amount": 125.34333580187288
    },
    {
      "name": "Protein",
      "amount": 8.779309572768687
    },
    {
      "name": "Carbs",
      "amount": 5.5581614745608885
    },
    {
      "name": "Fiber",
      "amount": 0.9807128661911051
    },
    {
      "name": "Starch",
      "amount": 0.0
    },
    {
      "name": "Sugars",
      "amount": 1.6883557842863377
    },
    {
      "name": "Fat",
      "amount": 7.483028470275386
    },
    {
      "name": "Alcohol",
      "amount": 0.0
    },
    {
      "name": "Caffeine",
      "amount": 0.0
    },
    {
      "name": "Water",
      "amount": 77.23594525738783
    },
    {
      "name": "Ash",
      "amount": 1.172837974049276
    },
    {
      "name": "Calcium",
      "amount": 23.761567726557725
    },
    {
      "name": "Chromium",
      "amount": 0.0
    },
    {
      "name": "Copper",
      "amount": 0.05271639935909129
    },
    {
      "name": "Fluoride",
      "amount": 0.81639370877418
    },
    {
      "name": "Iron",
      "amount": 0.4694544480462959
    },
    {
      "name": "Magnesium",
      "amount": 15.435773011915474
    },
    {
      "name": "Manganese",
      "amount": 0.07771971929277759
    },
    {
      "name": "Phosphorus",
      "amount": 82.03136112224112
    },
    {
      "name": "Potassium",
      "amount": 199.84001905621477
    },
    {
      "name": "Selenium",
      "amount": 7.255744218898023
    },
    {
      "name": "Sodium",
      "amount": 150.97788023610784
    },
    {
      "name": "Zinc",
      "amount": 0.38946396082696505
    },
    {
      "name": "Vitamin A",
      "amount": 323.33912273600635
    },
    {
      "name": "Retinol",
      "amount": 52.267264798353075
    },
    {
      "name": "Alpha-carotene",
      "amount": 0.0
    },
    {
      "name": "Beta-carotene",
      "amount": 52.51463711277943
    },
    {
      "name": "Beta-cryptoxanthin",
      "amount": 0.0
    },
    {
      "name": "Lycopene",
      "amount": 3124.392381886266
    },
    {
      "name": "Lutein+Zeaxanthin",
      "amount": 1.5797833368063583
    },
    {
      "name": "Folate",
      "amount": 10.868925789340672
    },
    {
      "name": "B1 (Thiamine)",
      "amount": 0.0435106115380649
    },
    {
      "name": "B2 (Riboflavin)",
      "amount": 0.0667817359056497
    },
    {
      "name": "B3 (Niacin)",
      "amount": 3.706612198321581
    },
    {
      "name": "B5 (Pantothenic Acid)",
      "amount": 0.38739282773583666
    },
    {
      "name": "B6 (Pyridoxine)",
      "amount": 0.2218290374528396
    },
    {
      "name": "B12 (Cyanocobalamin)",
      "amount": 0.10822408668592591
    },
    {
      "name": "Vitamin C",
      "amount": 4.993308315706596
    },
    {
      "name": "Vitamin D",
      "amount": 6.5167568920280585
    },
    {
      "name": "Vitamin E",
      "amount": 0.962014167634921
    },
    {
      "name": "Beta Tocopherol",
      "amount": 0.008433894753994116
    },
    {
      "name": "Delta Tocopherol",
      "amount": 0.018390517797634152
    },
    {
      "name": "Gamma Tocopherol",
      "amount": 0.5346819405352229
    },
    {
      "name": "Vitamin K",
      "amount": 2.5364552898993784
    },
    {
      "name": "Biotin",
      "amount": 0.0
    },
    {
      "name": "Choline",
      "amount": 26.01040684425034
    },
    {
      "name": "Saturated",
      "amount": 3.301313613545213
    },
    {
      "name": "Monounsaturated",
      "amount": 2.839819331139057
    },
    {
      "name": "Polyunsaturated",
      "amount": 0.9158969398081527
    },
    {
      "name": "Omega-3",
      "amount": 0.25719657633194626
    },
    {
      "name": "Omega-6",
      "amount": 0.6242045239189129
    },
    {
      "name": "Trans-Fats",
      "amount": 0.00733763083844999
    },
    {
      "name": "Cholesterol",
      "amount": 38.585668480454196
    },
    {
      "name": "Phytosterol",
      "amount": 5.924187513023844
    },
    {
      "name": "ALA",
      "amount": 0.45216701844548884
    },
    {
      "name": "ARG",
      "amount": 0.5273311125612777
    },
    {
      "name": "ASP",
      "amount": 0.7950016863486871
    },
    {
      "name": "CYS",
      "amount": 0.10563828119486111
    },
    {
      "name": "GLU",
      "amount": 1.4466380556962073
    },
    {
      "name": "GLY",
      "amount": 0.40378458996638067
    },
    {
      "name": "HIS",
      "amount": 0.25951413631600756
    },
    {
      "name": "HYP",
      "amount": 0.0
    },
    {
      "name": "ILE",
      "amount": 0.43913943446325104
    },
    {
      "name": "LEU",
      "amount": 0.6292536427834391
    },
    {
      "name": "LYS",
      "amount": 0.7075782752584517
    },
    {
      "name": "MET",
      "amount": 0.22505758613652005
    },
    {
      "name": "PHE",
      "amount": 0.33821584963204754
    },
    {
      "name": "PRO",
      "amount": 0.3569061807332689
    },
    {
      "name": "SER",
      "amount": 0.2976434598245712
    },
    {
      "name": "THR",
      "amount": 0.35620130553072765
    },
    {
      "name": "TRP",
      "amount": 0.1022285980439632
    },
    {
      "name": "TYR",
      "amount": 0.2854489445306636
    },
    {
      "name": "VAL",
      "amount": 0.41879550040110985
    }
  ],
  "servings": [
    {
      "source": "USDA",
      "grams": 121.21212121212122,
      "food": 5064,
      "measure": null
    },
    {
      "source": "USDA",
      "grams": 60.289855072463766,
      "food": 1053,
      "measure": null
    },
    {
      "source": "USDA",
      "grams": 190.0,
      "food": 11282,
      "measure": null
    },
    {
      "source": "My Foods",
      "grams": 99.2,
      "food": 63,
      "measure": null
    },
    {
      "source": "USDA",
      "grams": 8.936651583710407,
      "food": 4582,
      "measure": null
    },
    {
      "source": "USDA",
      "grams": 1.44,
      "food": 2047,
      "measure": null
    }
  ]
}