{
  "name": "Oil, olive, Extra Virgin",
  "uid": "00059.xml",
  "foodSource": "crdb",
  "entryType": "food",
  "pCF": 4.0,
  "cCF": 4.0,
  "lCF": 9.0,
  "comments": [
    "Carotenoids taken from:\nAnna Koski, Eleni Psomiadou, Maria Tsimidou, Anu Hopia and Panos Kefalas, Kristiina Wahala, Marina Heinonen. Oxidative stability and minor constituents of virgin olive oil and cold-pressed rapeseed oil. European Food Research and Technology. 214(4): 294-298, DOI: 10.1007/s00217-001-0479-5\n\n\nNote that per Int'l Olive Oil Commission, Oleic acid levels can in fact range from 55-85% in EVOO.\n\nVitamin E taken from USDA, with above citation higher and lower numbers in:\nGarcía-González, D. L., Aparicio-Ruiz, R. and Aparicio, R. (2008), Virgin olive oil - Chemical implications on quality and health. European Journal of Lipid Science and Technology, 110: 602–607. doi: 10.1002/ejlt.200700262"
  ],
  "measures": [
    {
      "grams": 1.0,
      "amount": 1.0,
      "description": "g"
    },
    {
      "grams": 13.5,
      "amount": 1.0,
      "description": "tablespoon"
    },
    {
      "grams": 216.0,
      "amount": 1.0,
      "description": "cup"
    },
    {
      "grams": 4.5,
      "amount": 1.0,
      "description": "tsp"
    }
  ],
  "nutrients": [
    {
      "name": "Energy",
      "amount": 884.0
    },
    {
      "name": "Protein",
      "amount": 0.0
    },
    {
      "name": "Carbs",
      "amount": 0.0
    },
    {
      "name": "Fiber",
      "amount": 0.0
    },
    {
      "name": "Sugars",
      "amount": 0.0
    },
    {
      "name": "Fat",
      "amount": 100.0
    },
    {
      "name": "Alcohol",
      "amount": 0.0
    },
    {
      "name": "Caffeine",
      "amount": 0.0
    },
    {
      "name": "Water",
      "amount": 0.0
    },
    {
      "name": "Ash",
      "amount": 0.0
    },
    {
      "name": "Calcium",
      "amount": 1.0
    },
    {
      "name": "Copper",
      "amount": 0.0
    },
    {
      "name": "Iron",
      "amount": 0.56
    },
    {
      "name": "Magnesium",
      "amount": 0.0
    },
    {
      "name": "Manganese",
      "amount": 0.0
    },
    {
      "name": "Phosphorus",
      "amount": 0.0
    },
    {
      "name": "Potassium",
      "amount": 1.0
    },
    {
      "name": "Selenium",
      "amount": 0.0
    },
    {
      "name": "Sodium",
      "amount": 2.0
    },
    {
      "name": "Zinc",
      "amount": 0.0
    },
    {
      "name": "Vitamin A",
      "amount": 0.0
    },
    {
      "name": "Retinol",
      "amount": 0.0
    },
    {
      "name": "Alpha-carotene",
      "amount": 0.0
    },
    {
      "name": "Beta-carotene",
      "amount": 280.0
    },
    {
      "name": "Beta-cryptoxanthin",
      "amount": 0.0
    },
    {
      "name": "Lycopene",
      "amount": 0.0
    },
    {
      "name": "Lutein+Zeaxanthin",
      "amount": 187.0
    },
    {
      "name": "Folate",
      "amount": 0.0
    },
    {
      "name": "B1 (Thiamine)",
      "amount": 0.0
    },
    {
      "name": "B2 (Riboflavin)",
      "amount": 0.0
    },
    {
      "name": "B3 (Niacin)",
      "amount": 0.0
    },
    {
      "name": "B5 (Pantothenic Acid)",
      "amount": 0.0
    },
    {
      "name": "B6 (Pyridoxine)",
      "amount": 0.0
    },
    {
      "name": "B12 (Cyanocobalamin)",
      "amount": 0.0
    },
    {
      "name": "Vitamin C",
      "amount": 0.0
    },
    {
      "name": "Vitamin D",
      "amount": 0.0
    },
    {
      "name": "Vitamin E",
      "amount": 14.4
    },
    {
      "name": "Beta Tocopherol",
      "amount": 0.11
    },
    {
      "name": "Delta Tocopherol",
      "amount": 0.0
    },
    {
      "name": "Gamma Tocopherol",
      "amount": 21.5
    },
    {
      "name": "Vitamin K",
      "amount": 60.2
    },
    {
      "name": "Choline",
      "amount": 0.3
    },
    {
      "name": "Saturated",
      "amount": 13.808
    },
    {
      "name": "Monounsaturated",
      "amount": 72.961
    },
    {
      "name": "Polyunsaturated",
      "amount": 10.523
    },
    {
      "name": "Omega-3",
      "amount": 0.761
    },
    {
      "name": "Omega-6",
      "amount": 9.762
    },
    {
      "name": "Cholesterol",
      "amount": 0.0
    },
    {
      "name": "Phytosterol",
      "amount": 221.0
    },
    {
      "name": "ALA",
      "amount": 0.0
    },
    {
      "name": "ARG",
      "amount": 0.0
    },
    {
      "name": "ASP",
      "amount": 0.0
    },
    {
      "name": "CYS",
      "amount": 0.0
    },
    {
      "name": "GLU",
      "amount": 0.0
    },
    {
      "name": "GLY",
      "amount": 0.0
    },
    {
      "name": "HIS",
      "amount": 0.0
    },
    {
      "name": "ILE",
      "amount": 0.0
    },
    {
      "name": "LEU",
      "amount": 0.0
    },
    {
      "name": "LYS",
      "amount": 0.0
    },
    {
      "name": "MET",
      "amount": 0.0
    },
    {
      "name": "PHE",
      "amount": 0.0
    },
    {
      "name": "PRO",
      "amount": 0.0
    },
    {
      "name": "SER",
      "amount": 0.0
    },
    {
      "name": "THR",
      "amount": 0.0
    },
    {
      "name": "TRP",
      "amount": 0.0
    },
    {
      "name": "TYR",
      "amount": 0.0
    },
    {
      "name": "VAL",
      "amount": 0.0
    }
  ]
}