{
  "name": "Broccoli, Cauliflower, & Carrots, frozen, unprepared, Giant or Ahold Foods",
  "uid": "00053.xml",
  "foodSource": "crdb",
  "entryType": "recipe",
  "pCF": 4.0,
  "cCF": 4.0,
  "lCF": 9.0,
  "comments": [],
  "measures": [
    {
      "grams": 1.0,
      "amount": 1.0,
      "description": "g"
    },
    {
      "grams": 95.0,
      "amount": 1.0,
      "description": "full recipe"
    },
    {
      "grams": 95.0,
      "amount": 1.0,
      "description": "Serving"
    }
  ],
  "nutrients": [
    {
      "name": "Energy",
      "amount": 31.405263157894737
    },
    {
      "name": "Protein",
      "amount": 1.9771052631578947
    },
    {
      "name": "Carbs",
      "amount": 6.385315789473683
    },
    {
      "name": "Fiber",
      "amount": 2.851578947368421
    },
    {
      "name": "Starch",
      "amount": 0.08210526315789474
    },
    {
      "name": "Sugars",
      "amount": 2.749894736842105
    },
    {
      "name": "Fat",
      "amount": 0.35315789473684217
    },
    {
      "name": "Alcohol",
      "amount": 0.0
    },
    {
      "name": "Caffeine",
      "amount": 0.0
    },
    {
      "name": "Water",
      "amount": 90.60605263157895
    },
    {
      "name": "Ash",
      "amount": 0.6814736842105263
    },
    {
      "name": "Calcium",
      "amount": 32.915789473684214
    },
    {
      "name": "Chromium",
      "amount": 0.0
    },
    {
      "name": "Copper",
      "amount": 0.0464157894736842
    },
    {
      "name": "Fluoride",
      "amount": 0.0
    },
    {
      "name": "Iron",
      "amount": 0.570578947368421
    },
    {
      "name": "Magnesium",
      "amount": 13.342105263157896
    },
    {
      "name": "Manganese",
      "amount": 0.20852631578947367
    },
    {
      "name": "Phosphorus",
      "amount": 42.58947368421053
    },
    {
      "name": "Potassium",
      "amount": 225.06315789473683
    },
    {
      "name": "Selenium",
      "amount": 1.1610526315789473
    },
    {
      "name": "Sodium",
      "amount": 35.38421052631579
    },
    {
      "name": "Zinc",
      "amount": 0.279
    },
    {
      "name": "Vitamin A",
      "amount": 4886.652631578948
    },
    {
      "name": "Retinol",
      "amount": 0.0
    },
    {
      "name": "Alpha-carotene",
      "amount": 939.3157894736842
    },
    {
      "name": "Beta-carotene",
      "amount": 2462.1631578947367
    },
    {
      "name": "Beta-cryptoxanthin",
      "amount": 0.3473684210526316
    },
    {
      "name": "Lycopene",
      "amount": 0.3157894736842105
    },
    {
      "name": "Lutein+Zeaxanthin",
      "amount": 608.8578947368421
    },
    {
      "name": "Folate",
      "amount": 57.03157894736842
    },
    {
      "name": "B1 (Thiamine)",
      "amount": 0.05581578947368421
    },
    {
      "name": "B2 (Riboflavin)",
      "amount": 0.07449473684210527
    },
    {
      "name": "B3 (Niacin)",
      "amount": 0.4492578947368421
    },
    {
      "name": "B5 (Pantothenic Acid)",
      "amount": 0.18821052631578947
    },
    {
      "name": "B6 (Pyridoxine)",
      "amount": 0.13157368421052631
    },
    {
      "name": "B12 (Cyanocobalamin)",
      "amount": 0.0
    },
    {
      "name": "Vitamin C",
      "amount": 40.695789473684215
    },
    {
      "name": "Vitamin D",
      "amount": 0.0
    },
    {
      "name": "Vitamin E",
      "amount": 0.6721578947368422
    },
    {
      "name": "Beta Tocopherol",
      "amount": 0.0
    },
    {
      "name": "Delta Tocopherol",
      "amount": 0.0
    },
    {
      "name": "Gamma Tocopherol",
      "amount": 0.0
    },
    {
      "name": "Vitamin K",
      "amount": 45.68842105263158
    },
    {
      "name": "Biotin",
      "amount": 0.0
    },
    {
      "name": "Choline",
      "amount": 16.263684210526314
    },
    {
      "name": "Saturated",
      "amount": 0.04654736842105263
    },
    {
      "name": "Monounsaturated",
      "amount": 0.019142105263157898
    },
    {
      "name": "Polyunsaturated",
      "amount": 0.1819
    },
    {
      "name": "Omega-3",
      "amount": 0.08128421052631579
    },
    {
      "name": "Omega-6",
      "amount": 0.1006
    },
    {
      "name": "Trans-Fats",
      "amount": 0.0
    },
    {
      "name": "Cholesterol",
      "amount": 0.0
    },
    {
      "name": "Phytosterol",
      "amount": 0.0
    },
    {
      "name": "ALA",
      "amount": 0.09963684210526316
    },
    {
      "name": "ARG",
      "amount": 0.10166842105263157
    },
    {
      "name": "ASP",
      "amount": 0.2047684210526316
    },
    {
      "name": "CYS",
      "amount": 0.018142105263157893
    },
    {
      "name": "GLU",
      "amount": 0.2988578947368421
    },
    {
      "name": "GLY",
      "amount": 0.06751578947368421
    },
    {
      "name": "HIS",
      "amount": 0.03776315789473684
    },
    {
      "name": "HYP",
      "amount": 0.0
    },
    {
      "name": "ILE",
      "amount": 0.0805
    },
    {
      "name": "LEU",
      "amount": 0.1032
    },
    {
      "name": "LYS",
      "amount": 0.10260000000000001
    },
    {
      "name": "MET",
      "amount": 0.024378947368421052
    },
    {
      "name": "PHE",
      "amount": 0.06663684210526316
    },
    {
      "name": "PRO",
      "amount": 0.08186842105263158
    },
    {
      "name": "SER",
      "amount": 0.08411052631578947
    },
    {
      "name": "THR",
      "amount": 0.07127368421052632
    },
    {
      "name": "TRP",
      "amount": 0.02321578947368421
    },
    {
      "name": "TYR",
      "amount": 0.045242105263157896
    },
    {
      "name": "VAL",
      "amount": 0.09672105263157894
    }
  ],
  "servings": [
    {
      "source": "USDA",
      "grams": 30.0,
      "food": 11130,
      "measure": null
    },
    {
      "source": "USDA",
      "grams": 31.5,
      "food": 11137,
      "measure": null
    },
    {
      "source": "USDA",
      "grams": 33.0,
      "food": 11094,
      "measure": null
    },
    {
      "source": "USDA",
      "grams": 0.5,
      "food": 20027,
      "measure": null
    }
  ]
}