{
  "name": "Lite Salt Salt Substitute, Morton's (Half-Salt in Canada)",
  "uid": "00057.xml",
  "foodSource": "crdb",
  "entryType": "food",
  "pCF": 4.0,
  "cCF": 4.0,
  "lCF": 9.0,
  "comments": [],
  "measures": [
    {
      "grams": 1.0,
      "amount": 1.0,
      "description": "g"
    },
    {
      "grams": 5.6,
      "amount": 1.0,
      "description": "tsp"
    }
  ],
  "nutrients": [
    {
      "name": "Potassium",
      "amount": 25000.000000000004
    },
    {
      "name": "Sodium",
      "amount": 20714.285714285717
    }
  ]
}