{
  "name": "Frozen Vegetables, Oriental Blend, Giant or Ahold",
  "uid": "00056.xml",
  "foodSource": "crdb",
  "entryType": "recipe",
  "pCF": 4.0,
  "cCF": 4.0,
  "lCF": 9.0,
  "comments": [],
  "measures": [
    {
      "grams": 1.0,
      "amount": 1.0,
      "description": "g"
    },
    {
      "grams": 85.0,
      "amount": 1.0,
      "description": "full recipe"
    }
  ],
  "nutrients": [
    {
      "name": "Energy",
      "amount": 29.529411764705884
    },
    {
      "name": "Protein",
      "amount": 2.106
    },
    {
      "name": "Carbs",
      "amount": 5.715058823529412
    },
    {
      "name": "Fiber",
      "amount": 2.1811764705882353
    },
    {
      "name": "Starch",
      "amount": 0.432
    },
    {
      "name": "Sugars",
      "amount": 1.4085882352941177
    },
    {
      "name": "Fat",
      "amount": 0.23329411764705882
    },
    {
      "name": "Alcohol",
      "amount": 0.0
    },
    {
      "name": "Caffeine",
      "amount": 0.0
    },
    {
      "name": "Water",
      "amount": 91.36235294117647
    },
    {
      "name": "Ash",
      "amount": 0.5788235294117647
    },
    {
      "name": "Calcium",
      "amount": 31.647058823529413
    },
    {
      "name": "Chromium",
      "amount": 0.0
    },
    {
      "name": "Copper",
      "amount": 0.09592941176470589
    },
    {
      "name": "Fluoride",
      "amount": 0.0
    },
    {
      "name": "Iron",
      "amount": 0.6427058823529411
    },
    {
      "name": "Magnesium",
      "amount": 14.635294117647058
    },
    {
      "name": "Manganese",
      "amount": 0.21110588235294117
    },
    {
      "name": "Phosphorus",
      "amount": 45.95294117647059
    },
    {
      "name": "Potassium",
      "amount": 206.4
    },
    {
      "name": "Selenium",
      "amount": 2.9905882352941173
    },
    {
      "name": "Sodium",
      "amount": 11.223529411764705
    },
    {
      "name": "Zinc",
      "amount": 0.32988235294117646
    },
    {
      "name": "Vitamin A",
      "amount": 442.4705882352941
    },
    {
      "name": "Retinol",
      "amount": 0.0
    },
    {
      "name": "Alpha-carotene",
      "amount": 25.741176470588233
    },
    {
      "name": "Beta-carotene",
      "amount": 247.50588235294117
    },
    {
      "name": "Beta-cryptoxanthin",
      "amount": 0.27058823529411763
    },
    {
      "name": "Lycopene",
      "amount": 0.0
    },
    {
      "name": "Lutein+Zeaxanthin",
      "amount": 490.25882352941176
    },
    {
      "name": "Folate",
      "amount": 29.752941176470586
    },
    {
      "name": "B1 (Thiamine)",
      "amount": 0.06622352941176471
    },
    {
      "name": "B2 (Riboflavin)",
      "amount": 0.1431529411764706
    },
    {
      "name": "B3 (Niacin)",
      "amount": 1.0665882352941176
    },
    {
      "name": "B5 (Pantothenic Acid)",
      "amount": 0.44587058823529413
    },
    {
      "name": "B6 (Pyridoxine)",
      "amount": 0.08727058823529411
    },
    {
      "name": "B12 (Cyanocobalamin)",
      "amount": 0.008470588235294117
    },
    {
      "name": "Vitamin C",
      "amount": 20.12470588235294
    },
    {
      "name": "Vitamin D",
      "amount": 1.4823529411764707
    },
    {
      "name": "Vitamin E",
      "amount": 0.4508235294117647
    },
    {
      "name": "Beta Tocopherol",
      "amount": 0.0021176470588235292
    },
    {
      "name": "Delta Tocopherol",
      "amount": 0.0021176470588235292
    },
    {
      "name": "Gamma Tocopherol",
      "amount": 0.07517647058823529
    },
    {
      "name": "Vitamin K",
      "amount": 34.59411764705882
    },
    {
      "name": "Biotin",
      "amount": 0.0
    },
    {
      "name": "Choline",
      "amount": 7.695294117647059
    },
    {
      "name": "Saturated",
      "amount": 0.03976470588235294
    },
    {
      "name": "Monounsaturated",
      "amount": 0.01096470588235294
    },
    {
      "name": "Polyunsaturated",
      "amount": 0.1103529411764706
    },
    {
      "name": "Omega-3",
      "amount": 0.04751764705882353
    },
    {
      "name": "Omega-6",
      "amount": 0.06255294117647059
    },
    {
      "name": "Trans-Fats",
      "amount": 0.0
    },
    {
      "name": "Cholesterol",
      "amount": 0.0
    },
    {
      "name": "Phytosterol",
      "amount": 0.0
    },
    {
      "name": "ALA",
      "amount": 0.10268235294117647
    },
    {
      "name": "ARG",
      "amount": 0.10157647058823528
    },
    {
      "name": "ASP",
      "amount": 0.1807529411764706
    },
    {
      "name": "CYS",
      "amount": 0.016329411764705884
    },
    {
      "name": "GLU",
      "amount": 0.2570470588235294
    },
    {
      "name": "GLY",
      "amount": 0.07130588235294118
    },
    {
      "name": "HIS",
      "amount": 0.03825882352941176
    },
    {
      "name": "HYP",
      "amount": 0.0
    },
    {
      "name": "ILE",
      "amount": 0.07081176470588235
    },
    {
      "name": "LEU",
      "amount": 0.09878823529411765
    },
    {
      "name": "LYS",
      "amount": 0.0943176470588235
    },
    {
      "name": "MET",
      "amount": 0.023623529411764706
    },
    {
      "name": "PHE",
      "amount": 0.06434117647058823
    },
    {
      "name": "PRO",
      "amount": 0.07201176470588234
    },
    {
      "name": "SER",
      "amount": 0.08032941176470589
    },
    {
      "name": "THR",
      "amount": 0.07405882352941176
    },
    {
      "name": "TRP",
      "amount": 0.023211764705882355
    },
    {
      "name": "TYR",
      "amount": 0.04292941176470588
    },
    {
      "name": "VAL",
      "amount": 0.11312941176470587
    }
  ],
  "servings": [
    {
      "source": "USDA",
      "grams": 24.0,
      "food": 11060,
      "measure": null
    },
    {
      "source": "USDA",
      "grams": 23.0,
      "food": 11092,
      "measure": null
    },
    {
      "source": "USDA",
      "grams": 20.0,
      "food": 11287,
      "measure": null
    },
    {
      "source": "USDA",
      "grams": 18.0,
      "food": 11260,
      "measure": null
    }
  ]
}