{
  "name": "Broccoli, Onions, Mushrooms, and Red Peppers, frozen - Steam-Ready, Giant or Ahold",
  "uid": "00054.xml",
  "foodSource": "crdb",
  "entryType": "recipe",
  "pCF": 4.0,
  "cCF": 4.0,
  "lCF": 9.0,
  "comments": [],
  "measures": [
    {
      "grams": 1.0,
      "amount": 1.0,
      "description": "g"
    },
    {
      "grams": 85.0,
      "amount": 1.0,
      "description": "serving"
    },
    {
      "grams": 340.0,
      "amount": 1.0,
      "description": "bag"
    }
  ],
  "nutrients": [
    {
      "name": "Energy",
      "amount": 29.0
    },
    {
      "name": "Protein",
      "amount": 2.041882352941176
    },
    {
      "name": "Carbs",
      "amount": 5.942705882352941
    },
    {
      "name": "Fiber",
      "amount": 2.0729411764705885
    },
    {
      "name": "Starch",
      "amount": 0.0
    },
    {
      "name": "Sugars",
      "amount": 1.638235294117647
    },
    {
      "name": "Fat",
      "amount": 0.24576470588235294
    },
    {
      "name": "Alcohol",
      "amount": 0.0
    },
    {
      "name": "Caffeine",
      "amount": 0.0
    },
    {
      "name": "Water",
      "amount": 91.15776470588234
    },
    {
      "name": "Ash",
      "amount": 0.607764705882353
    },
    {
      "name": "Calcium",
      "amount": 32.258823529411764
    },
    {
      "name": "Chromium",
      "amount": 0.0
    },
    {
      "name": "Copper",
      "amount": 0.09338823529411766
    },
    {
      "name": "Fluoride",
      "amount": 0.0
    },
    {
      "name": "Iron",
      "amount": 0.7565882352941178
    },
    {
      "name": "Magnesium",
      "amount": 13.705882352941176
    },
    {
      "name": "Manganese",
      "amount": 0.19762352941176467
    },
    {
      "name": "Phosphorus",
      "amount": 44.29411764705882
    },
    {
      "name": "Potassium",
      "amount": 192.37647058823532
    },
    {
      "name": "Selenium",
      "amount": 2.885882352941177
    },
    {
      "name": "Sodium",
      "amount": 15.164705882352939
    },
    {
      "name": "Zinc",
      "amount": 0.30305882352941177
    },
    {
      "name": "Vitamin A",
      "amount": 847.4941176470587
    },
    {
      "name": "Retinol",
      "amount": 0.0
    },
    {
      "name": "Alpha-carotene",
      "amount": 9.058823529411764
    },
    {
      "name": "Beta-carotene",
      "amount": 476.47058823529414
    },
    {
      "name": "Beta-cryptoxanthin",
      "amount": 45.07058823529412
    },
    {
      "name": "Lycopene",
      "amount": 0.0
    },
    {
      "name": "Lutein+Zeaxanthin",
      "amount": 614.2352941176471
    },
    {
      "name": "Folate",
      "amount": 39.68235294117647
    },
    {
      "name": "B1 (Thiamine)",
      "amount": 0.055152941176470585
    },
    {
      "name": "B2 (Riboflavin)",
      "amount": 0.1199529411764706
    },
    {
      "name": "B3 (Niacin)",
      "amount": 1.0470000000000002
    },
    {
      "name": "B5 (Pantothenic Acid)",
      "amount": 0.40828235294117654
    },
    {
      "name": "B6 (Pyridoxine)",
      "amount": 0.12419999999999999
    },
    {
      "name": "B12 (Cyanocobalamin)",
      "amount": 0.007058823529411765
    },
    {
      "name": "Vitamin C",
      "amount": 29.892941176470586
    },
    {
      "name": "Vitamin D",
      "amount": 1.2352941176470589
    },
    {
      "name": "Vitamin E",
      "amount": 0.6888235294117646
    },
    {
      "name": "Beta Tocopherol",
      "amount": 0.0017647058823529412
    },
    {
      "name": "Delta Tocopherol",
      "amount": 0.0017647058823529412
    },
    {
      "name": "Gamma Tocopherol",
      "amount": 0.10023529411764706
    },
    {
      "name": "Vitamin K",
      "amount": 35.00117647058823
    },
    {
      "name": "Biotin",
      "amount": 0.0
    },
    {
      "name": "Choline",
      "amount": 9.998823529411764
    },
    {
      "name": "Saturated",
      "amount": 0.03675294117647059
    },
    {
      "name": "Monounsaturated",
      "amount": 0.012658823529411764
    },
    {
      "name": "Polyunsaturated",
      "amount": 0.11788235294117647
    },
    {
      "name": "Omega-3",
      "amount": 0.0504235294117647
    },
    {
      "name": "Omega-6",
      "amount": 0.06734117647058824
    },
    {
      "name": "Trans-Fats",
      "amount": 0.0
    },
    {
      "name": "Cholesterol",
      "amount": 0.0
    },
    {
      "name": "Phytosterol",
      "amount": 0.0
    },
    {
      "name": "ALA",
      "amount": 0.09634117647058822
    },
    {
      "name": "ARG",
      "amount": 0.10632941176470588
    },
    {
      "name": "ASP",
      "amount": 0.15551764705882354
    },
    {
      "name": "CYS",
      "amount": 0.017823529411764707
    },
    {
      "name": "GLU",
      "amount": 0.2685411764705882
    },
    {
      "name": "GLY",
      "amount": 0.07065882352941176
    },
    {
      "name": "HIS",
      "amount": 0.036588235294117644
    },
    {
      "name": "HYP",
      "amount": 0.0
    },
    {
      "name": "ILE",
      "amount": 0.06937647058823529
    },
    {
      "name": "LEU",
      "amount": 0.09229411764705882
    },
    {
      "name": "LYS",
      "amount": 0.09315294117647058
    },
    {
      "name": "MET",
      "amount": 0.02295294117647059
    },
    {
      "name": "PHE",
      "amount": 0.06041176470588236
    },
    {
      "name": "PRO",
      "amount": 0.07375294117647058
    },
    {
      "name": "SER",
      "amount": 0.07327058823529412
    },
    {
      "name": "THR",
      "amount": 0.06791764705882353
    },
    {
      "name": "TRP",
      "amount": 0.022258823529411765
    },
    {
      "name": "TYR",
      "amount": 0.0423764705882353
    },
    {
      "name": "VAL",
      "amount": 0.10308235294117647
    }
  ],
  "servings": [
    {
      "source": "USDA",
      "grams": 31.0,
      "food": 11092,
      "measure": null
    },
    {
      "source": "USDA",
      "grams": 20.0,
      "food": 11287,
      "measure": null
    },
    {
      "source": "USDA",
      "grams": 15.0,
      "food": 11260,
      "measure": null
    },
    {
      "source": "USDA",
      "grams": 9.0,
      "food": 11246,
      "measure": null
    },
    {
      "source": "USDA",
      "grams": 10.0,
      "food": 11917,
      "measure": null
    }
  ]
}