{
  "name": "Quorn Grounds",
  "uid": "00052.xml",
  "foodSource": "crdb",
  "entryType": "food",
  "pCF": 4.0,
  "cCF": 4.0,
  "lCF": 9.0,
  "comments": [],
  "measures": [
    {
      "grams": 1.0,
      "amount": 1.0,
      "description": "g"
    },
    {
      "grams": 85.0,
      "amount": 1.0,
      "description": "Serving"
    }
  ],
  "nutrients": [
    {
      "name": "Energy",
      "amount": 105.88235294117648
    },
    {
      "name": "Protein",
      "amount": 15.294117647058824
    },
    {
      "name": "Carbs",
      "amount": 10.588235294117647
    },
    {
      "name": "Fiber",
      "amount": 5.882352941176471
    },
    {
      "name": "Fat",
      "amount": 2.3529411764705883
    },
    {
      "name": "Calcium",
      "amount": 23.529411764705884
    },
    {
      "name": "Copper",
      "amount": 0.5882352941176471
    },
    {
      "name": "Iron",
      "amount": 0.8470588235294118
    },
    {
      "name": "Magnesium",
      "amount": 50.235294117647065
    },
    {
      "name": "Manganese",
      "amount": 6.470588235294118
    },
    {
      "name": "Phosphorus",
      "amount": 285.88235294117646
    },
    {
      "name": "Potassium",
      "amount": 118.70588235294119
    },
    {
      "name": "Selenium",
      "amount": 22.58823529411765
    },
    {
      "name": "Sodium",
      "amount": 200.0
    },
    {
      "name": "Zinc",
      "amount": 9.764705882352942
    },
    {
      "name": "Vitamin A",
      "amount": 0.0
    },
    {
      "name": "Folate",
      "amount": 10.470588235294118
    },
    {
      "name": "B1 (Thiamine)",
      "amount": 0.01764705882352941
    },
    {
      "name": "B2 (Riboflavin)",
      "amount": 0.35294117647058826
    },
    {
      "name": "B3 (Niacin)",
      "amount": 0.4705882352941177
    },
    {
      "name": "B5 (Pantothenic Acid)",
      "amount": 0.23529411764705885
    },
    {
      "name": "B6 (Pyridoxine)",
      "amount": 0.23529411764705885
    },
    {
      "name": "B12 (Cyanocobalamin)",
      "amount": 0.35294117647058826
    },
    {
      "name": "Vitamin C",
      "amount": 0.0
    },
    {
      "name": "Vitamin E",
      "amount": 0.11764705882352942
    },
    {
      "name": "Vitamin K",
      "amount": 0.0
    },
    {
      "name": "Saturated",
      "amount": 0.5882352941176471
    },
    {
      "name": "Monounsaturated",
      "amount": 0.5882352941176471
    },
    {
      "name": "Polyunsaturated",
      "amount": 1.1764705882352942
    },
    {
      "name": "ARG",
      "amount": 0.01
    },
    {
      "name": "CYS",
      "amount": 0.01
    },
    {
      "name": "GLU",
      "amount": 0.11764705882352942
    },
    {
      "name": "HIS",
      "amount": 0.4705882352941177
    },
    {
      "name": "ILE",
      "amount": 0.7058823529411765
    },
    {
      "name": "LEU",
      "amount": 1.1764705882352942
    },
    {
      "name": "LYS",
      "amount": 1.1764705882352942
    },
    {
      "name": "MET",
      "amount": 0.35294117647058826
    },
    {
      "name": "PHE",
      "amount": 0.7058823529411765
    },
    {
      "name": "THR",
      "amount": 0.8235294117647058
    },
    {
      "name": "TRP",
      "amount": 0.8235294117647058
    },
    {
      "name": "TYR",
      "amount": 0.01
    },
    {
      "name": "VAL",
      "amount": 0.8235294117647058
    }
  ]
}