{
  "name": "Roasted Turkey & Vegetables, Lean Cuisine",
  "uid": "00051.xml",
  "foodSource": "crdb",
  "entryType": "recipe",
  "pCF": 4.0,
  "cCF": 4.0,
  "lCF": 9.0,
  "comments": [],
  "measures": [
    {
      "grams": 1.0,
      "amount": 1.0,
      "description": "g"
    },
    {
      "grams": 195.98717948717947,
      "amount": 1.0,
      "description": "full recipe"
    }
  ],
  "nutrients": [
    {
      "name": "Energy",
      "amount": 77.79080264276837
    },
    {
      "name": "Protein",
      "amount": 7.336602996009683
    },
    {
      "name": "Carbs",
      "amount": 5.73679924118532
    },
    {
      "name": "Fiber",
      "amount": 1.631353437561327
    },
    {
      "name": "Starch",
      "amount": 0.7406292928632171
    },
    {
      "name": "Sugars",
      "amount": 2.7361058415647275
    },
    {
      "name": "Fat",
      "amount": 2.783521946752142
    },
    {
      "name": "Alcohol",
      "amount": 0.0
    },
    {
      "name": "Caffeine",
      "amount": 0.0
    },
    {
      "name": "Water",
      "amount": 82.73376398246877
    },
    {
      "name": "Ash",
      "amount": 1.40905671485576
    },
    {
      "name": "Calcium",
      "amount": 24.26964087132858
    },
    {
      "name": "Chromium",
      "amount": 0.0
    },
    {
      "name": "Copper",
      "amount": 0.058214495976973896
    },
    {
      "name": "Fluoride",
      "amount": 0.0
    },
    {
      "name": "Iron",
      "amount": 1.018368548439851
    },
    {
      "name": "Magnesium",
      "amount": 19.42271210832734
    },
    {
      "name": "Manganese",
      "amount": 0.198384248053902
    },
    {
      "name": "Phosphorus",
      "amount": 79.02858638058481
    },
    {
      "name": "Potassium",
      "amount": 218.56021456139203
    },
    {
      "name": "Selenium",
      "amount": 8.937594034146661
    },
    {
      "name": "Sodium",
      "amount": 375.56911100935434
    },
    {
      "name": "Zinc",
      "amount": 0.6348380977300975
    },
    {
      "name": "Vitamin A",
      "amount": 524.7010531824426
    },
    {
      "name": "Retinol",
      "amount": 3.6795970432393537
    },
    {
      "name": "Alpha-carotene",
      "amount": 36.383855563550725
    },
    {
      "name": "Beta-carotene",
      "amount": 269.82665009485186
    },
    {
      "name": "Beta-cryptoxanthin",
      "amount": 38.7780467063518
    },
    {
      "name": "Lycopene",
      "amount": 0.0
    },
    {
      "name": "Lutein+Zeaxanthin",
      "amount": 324.9192124026951
    },
    {
      "name": "Folate",
      "amount": 10.569765159939818
    },
    {
      "name": "B1 (Thiamine)",
      "amount": 0.10438150062144307
    },
    {
      "name": "B2 (Riboflavin)",
      "amount": 0.17593118335840913
    },
    {
      "name": "B3 (Niacin)",
      "amount": 0.5124013867992412
    },
    {
      "name": "B5 (Pantothenic Acid)",
      "amount": 0.15267743834630731
    },
    {
      "name": "B6 (Pyridoxine)",
      "amount": 0.08503172630339506
    },
    {
      "name": "B12 (Cyanocobalamin)",
      "amount": 0.034136848302479234
    },
    {
      "name": "Vitamin C",
      "amount": 14.385654477660758
    },
    {
      "name": "Vitamin D",
      "amount": 0.4592137109962714
    },
    {
      "name": "Vitamin E",
      "amount": 0.5291496042388958
    },
    {
      "name": "Beta Tocopherol",
      "amount": 0.018623667168182118
    },
    {
      "name": "Delta Tocopherol",
      "amount": 0.4349774318048016
    },
    {
      "name": "Gamma Tocopherol",
      "amount": 1.3117694773336825
    },
    {
      "name": "Vitamin K",
      "amount": 25.827487407601232
    },
    {
      "name": "Biotin",
      "amount": 0.0
    },
    {
      "name": "Choline",
      "amount": 25.316765879505468
    },
    {
      "name": "Saturated",
      "amount": 0.4689510695362073
    },
    {
      "name": "Monounsaturated",
      "amount": 0.6520629292863218
    },
    {
      "name": "Polyunsaturated",
      "amount": 1.360605089291555
    },
    {
      "name": "Omega-3",
      "amount": 0.18072826584679796
    },
    {
      "name": "Omega-6",
      "amount": 1.1621571269706288
    },
    {
      "name": "Trans-Fats",
      "amount": 0.010878262576045008
    },
    {
      "name": "Cholesterol",
      "amount": 15.822267285929222
    },
    {
      "name": "Phytosterol",
      "amount": 0.0
    },
    {
      "name": "ALA",
      "amount": 0.43867828874206843
    },
    {
      "name": "ARG",
      "amount": 0.4808736181068883
    },
    {
      "name": "ASP",
      "amount": 0.7532373912474651
    },
    {
      "name": "CYS",
      "amount": 0.0766592529600314
    },
    {
      "name": "GLU",
      "amount": 1.1384143389808332
    },
    {
      "name": "GLY",
      "amount": 0.34955550467717666
    },
    {
      "name": "HIS",
      "amount": 0.2162801726957546
    },
    {
      "name": "HYP",
      "amount": 0.0
    },
    {
      "name": "ILE",
      "amount": 0.36420749656570944
    },
    {
      "name": "LEU",
      "amount": 0.5629332112252241
    },
    {
      "name": "LYS",
      "amount": 0.6417894289265389
    },
    {
      "name": "MET",
      "amount": 0.19490711061686403
    },
    {
      "name": "PHE",
      "amount": 0.2869614705305161
    },
    {
      "name": "PRO",
      "amount": 0.3007872702296069
    },
    {
      "name": "SER",
      "amount": 0.3339906456466279
    },
    {
      "name": "THR",
      "amount": 0.32433472885458237
    },
    {
      "name": "TRP",
      "amount": 0.08290312029829268
    },
    {
      "name": "TYR",
      "amount": 0.2720713678288742
    },
    {
      "name": "VAL",
      "amount": 0.38733270098776745
    }
  ],
  "servings": [
    {
      "source": "USDA",
      "grams": 94.87179487179486,
      "food": 11060,
      "measure": null
    },
    {
      "source": "USDA",
      "grams": 72.11538461538461,
      "food": 7079,
      "measure": null
    },
    {
      "source": "USDA",
      "grams": 20.0,
      "food": 11917,
      "measure": null
    },
    {
      "source": "USDA",
      "grams": 4.0,
      "food": 4044,
      "measure": null
    },
    {
      "source": "USDA",
      "grams": 5.0,
      "food": 11260,
      "measure": null
    }
  ]
}