{
  "name": "String cheese, mozzarella, Weight Watchers",
  "uid": "00062.xml",
  "foodSource": "crdb",
  "entryType": "food",
  "pCF": 4.0,
  "cCF": 4.0,
  "lCF": 9.0,
  "comments": [],
  "measures": [
    {
      "grams": 1.0,
      "amount": 1.0,
      "description": "g"
    },
    {
      "grams": 24.0,
      "amount": 1.0,
      "description": "stick"
    }
  ],
  "nutrients": [
    {
      "name": "Energy",
      "amount": 208.33333333333334
    },
    {
      "name": "Protein",
      "amount": 25.96
    },
    {
      "name": "Carbs",
      "amount": 3.83
    },
    {
      "name": "Fiber",
      "amount": 0.0
    },
    {
      "name": "Sugars",
      "amount": 0.6
    },
    {
      "name": "Fat",
      "amount": 10.416666666666668
    },
    {
      "name": "Alcohol",
      "amount": 0.0
    },
    {
      "name": "Caffeine",
      "amount": 0.0
    },
    {
      "name": "Water",
      "amount": 46.46
    },
    {
      "name": "Ash",
      "amount": 3.72
    },
    {
      "name": "Calcium",
      "amount": 625.0
    },
    {
      "name": "Copper",
      "amount": 0.027
    },
    {
      "name": "Iron",
      "amount": 0.25
    },
    {
      "name": "Magnesium",
      "amount": 26.0
    },
    {
      "name": "Manganese",
      "amount": 0.011
    },
    {
      "name": "Phosphorus",
      "amount": 524.0
    },
    {
      "name": "Potassium",
      "amount": 95.0
    },
    {
      "name": "Selenium",
      "amount": 16.3
    },
    {
      "name": "Sodium",
      "amount": 625.0
    },
    {
      "name": "Zinc",
      "amount": 3.13
    },
    {
      "name": "Vitamin A",
      "amount": 1250.0
    },
    {
      "name": "Retinol",
      "amount": 156.0
    },
    {
      "name": "Alpha-carotene",
      "amount": 0.0
    },
    {
      "name": "Beta-carotene",
      "amount": 51.0
    },
    {
      "name": "Beta-cryptoxanthin",
      "amount": 0.0
    },
    {
      "name": "Lycopene",
      "amount": 0.0
    },
    {
      "name": "Lutein+Zeaxanthin",
      "amount": 0.0
    },
    {
      "name": "Folate",
      "amount": 10.0
    },
    {
      "name": "B1 (Thiamine)",
      "amount": 0.101
    },
    {
      "name": "B2 (Riboflavin)",
      "amount": 0.329
    },
    {
      "name": "B3 (Niacin)",
      "amount": 0.119
    },
    {
      "name": "B5 (Pantothenic Acid)",
      "amount": 0.09
    },
    {
      "name": "B6 (Pyridoxine)",
      "amount": 0.079
    },
    {
      "name": "B12 (Cyanocobalamin)",
      "amount": 2.31
    },
    {
      "name": "Vitamin C",
      "amount": 0.0
    },
    {
      "name": "Vitamin D",
      "amount": 15.0
    },
    {
      "name": "Vitamin E",
      "amount": 0.37
    },
    {
      "name": "Beta Tocopherol",
      "amount": 0.0
    },
    {
      "name": "Delta Tocopherol",
      "amount": 0.0
    },
    {
      "name": "Gamma Tocopherol",
      "amount": 0.08
    },
    {
      "name": "Vitamin K",
      "amount": 1.3
    },
    {
      "name": "Choline",
      "amount": 14.2
    },
    {
      "name": "Saturated",
      "amount": 4.166666666666667
    },
    {
      "name": "Monounsaturated",
      "amount": 2.5
    },
    {
      "name": "Polyunsaturated",
      "amount": 0.508
    },
    {
      "name": "Omega-3",
      "amount": 0.147
    },
    {
      "name": "Omega-6",
      "amount": 0.36
    },
    {
      "name": "Cholesterol",
      "amount": 20.833333333333336
    },
    {
      "name": "ALA",
      "amount": 0.828
    },
    {
      "name": "ARG",
      "amount": 0.603
    },
    {
      "name": "ASP",
      "amount": 1.912
    },
    {
      "name": "CYS",
      "amount": 0.135
    },
    {
      "name": "GLU",
      "amount": 5.22
    },
    {
      "name": "GLY",
      "amount": 0.603
    },
    {
      "name": "HIS",
      "amount": 0.603
    },
    {
      "name": "ILE",
      "amount": 1.329
    },
    {
      "name": "LEU",
      "amount": 2.138
    },
    {
      "name": "LYS",
      "amount": 1.13
    },
    {
      "name": "MET",
      "amount": 0.603
    },
    {
      "name": "PHE",
      "amount": 1.184
    },
    {
      "name": "PRO",
      "amount": 2.753
    },
    {
      "name": "SER",
      "amount": 0.86
    },
    {
      "name": "THR",
      "amount": 1.151
    },
    {
      "name": "TRP",
      "amount": 0.603
    },
    {
      "name": "TYR",
      "amount": 1.222
    },
    {
      "name": "VAL",
      "amount": 1.548
    }
  ]
}