{
  "name": "Spaghetti Sauce, Healthy Choice",
  "uid": "00061.xml",
  "foodSource": "crdb",
  "entryType": "food",
  "pCF": 4.0,
  "cCF": 4.0,
  "lCF": 9.0,
  "comments": [],
  "measures": [
    {
      "grams": 1.0,
      "amount": 1.0,
      "description": "g"
    }
  ],
  "nutrients": [
    {
      "name": "Energy",
      "amount": 48.0
    },
    {
      "name": "Protein",
      "amount": 1.6
    },
    {
      "name": "Carbs",
      "amount": 10.4
    },
    {
      "name": "Fiber",
      "amount": 2.4
    },
    {
      "name": "Fat",
      "amount": 0.9
    },
    {
      "name": "Water",
      "amount": 87.1
    },
    {
      "name": "Ash",
      "amount": 2.1
    },
    {
      "name": "Calcium",
      "amount": 20.0
    },
    {
      "name": "Iron",
      "amount": 0.9
    },
    {
      "name": "Magnesium",
      "amount": 13.0
    },
    {
      "name": "Phosphorus",
      "amount": 25.0
    },
    {
      "name": "Potassium",
      "amount": 292.0
    },
    {
      "name": "Sodium",
      "amount": 296.0
    },
    {
      "name": "Zinc",
      "amount": 0.21
    },
    {
      "name": "Vitamin A",
      "amount": 600.0
    },
    {
      "name": "B1 (Thiamine)",
      "amount": 0.03
    },
    {
      "name": "B2 (Riboflavin)",
      "amount": 0.12
    },
    {
      "name": "B3 (Niacin)",
      "amount": 0.73
    },
    {
      "name": "B6 (Pyridoxine)",
      "amount": 0.06
    },
    {
      "name": "Vitamin C",
      "amount": 9.6
    },
    {
      "name": "Saturated",
      "amount": 0.162
    },
    {
      "name": "Monounsaturated",
      "amount": 0.21
    },
    {
      "name": "Polyunsaturated",
      "amount": 0.51
    },
    {
      "name": "Omega-3",
      "amount": 0.057
    },
    {
      "name": "Omega-6",
      "amount": 0.453
    }
  ]
}