{
  "name": "Sauce, Essentia Primavera Pasta/Spaghetti",
  "uid": "00060.xml",
  "foodSource": "crdb",
  "entryType": "food",
  "pCF": 4.0,
  "cCF": 4.0,
  "lCF": 9.0,
  "comments": [],
  "measures": [
    {
      "grams": 1.0,
      "amount": 1.0,
      "description": "g"
    },
    {
      "grams": 250.0,
      "amount": 1.0,
      "description": "cup"
    },
    {
      "grams": 125.0,
      "amount": 1.0,
      "description": "serving"
    },
    {
      "grams": 125.0,
      "amount": 0.5,
      "description": "cup"
    }
  ],
  "nutrients": [
    {
      "name": "Energy",
      "amount": 40.32
    },
    {
      "name": "Protein",
      "amount": 1.7600000000000002
    },
    {
      "name": "Carbs",
      "amount": 7.359999999999999
    },
    {
      "name": "Fiber",
      "amount": 3.2
    },
    {
      "name": "Sugars",
      "amount": 8.88
    },
    {
      "name": "Fat",
      "amount": 0.8
    },
    {
      "name": "Alcohol",
      "amount": 0.0
    },
    {
      "name": "Caffeine",
      "amount": 0.0
    },
    {
      "name": "Water",
      "amount": 82.4
    },
    {
      "name": "Ash",
      "amount": 2.01
    },
    {
      "name": "Calcium",
      "amount": 48.0
    },
    {
      "name": "Copper",
      "amount": 0.188
    },
    {
      "name": "Fluoride",
      "amount": 22.0
    },
    {
      "name": "Iron",
      "amount": 0.576
    },
    {
      "name": "Magnesium",
      "amount": 21.0
    },
    {
      "name": "Manganese",
      "amount": 0.16
    },
    {
      "name": "Phosphorus",
      "amount": 36.0
    },
    {
      "name": "Potassium",
      "amount": 376.0
    },
    {
      "name": "Selenium",
      "amount": 1.4
    },
    {
      "name": "Sodium",
      "amount": 560.0
    },
    {
      "name": "Zinc",
      "amount": 0.54
    },
    {
      "name": "Vitamin A",
      "amount": 240.0
    },
    {
      "name": "Retinol",
      "amount": 0.0
    },
    {
      "name": "Alpha-carotene",
      "amount": 0.0
    },
    {
      "name": "Beta-carotene",
      "amount": 324.0
    },
    {
      "name": "Beta-cryptoxanthin",
      "amount": 0.0
    },
    {
      "name": "Lycopene",
      "amount": 1112.0
    },
    {
      "name": "Lutein+Zeaxanthin",
      "amount": 0.0
    },
    {
      "name": "Folate",
      "amount": 11.0
    },
    {
      "name": "B1 (Thiamine)",
      "amount": 0.024
    },
    {
      "name": "B2 (Riboflavin)",
      "amount": 0.061
    },
    {
      "name": "B3 (Niacin)",
      "amount": 3.917
    },
    {
      "name": "B5 (Pantothenic Acid)",
      "amount": 0.076
    },
    {
      "name": "B6 (Pyridoxine)",
      "amount": 0.173
    },
    {
      "name": "B12 (Cyanocobalamin)",
      "amount": 0.0
    },
    {
      "name": "Vitamin C",
      "amount": 9.6
    },
    {
      "name": "Vitamin E",
      "amount": 2.04
    },
    {
      "name": "Vitamin K",
      "amount": 13.9
    },
    {
      "name": "Saturated",
      "amount": 0.0
    },
    {
      "name": "Monounsaturated",
      "amount": 0.4
    },
    {
      "name": "Polyunsaturated",
      "amount": 0.48
    },
    {
      "name": "Omega-3",
      "amount": 0.16
    },
    {
      "name": "Omega-6",
      "amount": 0.24
    },
    {
      "name": "Cholesterol",
      "amount": 0.0
    }
  ]
}