{
  "name": "Milk substitutes, fluid with hydrogenated vegetable oils",
  "sourceUID": 1075,
  "legacyUID": 1075,
  "pCF": 4.0,
  "cCF": 4.0,
  "lCF": 9.0,
  "comments": [],
  "measures": [
    {
      "grams": 1.0,
      "amount": 1.0,
      "description": "g"
    },
    {
      "grams": 244.0,
      "amount": 1.0,
      "description": "cup"
    },
    {
      "grams": 30.5,
      "amount": 1.0,
      "description": "fl oz"
    },
    {
      "grams": 976.0,
      "amount": 1.0,
      "description": "quart"
    }
  ],
  "nutrients": [
    {
      "name": "Energy",
      "amount": 61.0
    },
    {
      "name": "Protein",
      "amount": 1.75
    },
    {
      "name": "Carbs",
      "amount": 6.16
    },
    {
      "name": "Fiber",
      "amount": 0.0
    },
    {
      "name": "Sugars",
      "amount": 6.16
    },
    {
      "name": "Fat",
      "amount": 3.41
    },
    {
      "name": "Alcohol",
      "amount": 0.0
    },
    {
      "name": "Caffeine",
      "amount": 0.0
    },
    {
      "name": "Water",
      "amount": 88.18
    },
    {
      "name": "Ash",
      "amount": 0.5
    },
    {
      "name": "Calcium",
      "amount": 33.0
    },
    {
      "name": "Copper",
      "amount": 0.051
    },
    {
      "name": "Iron",
      "amount": 0.39
    },
    {
      "name": "Magnesium",
      "amount": 6.0
    },
    {
      "name": "Manganese",
      "amount": 0.097
    },
    {
      "name": "Phosphorus",
      "amount": 74.0
    },
    {
      "name": "Potassium",
      "amount": 114.0
    },
    {
      "name": "Selenium",
      "amount": 1.9
    },
    {
      "name": "Sodium",
      "amount": 78.0
    },
    {
      "name": "Zinc",
      "amount": 1.18
    },
    {
      "name": "Vitamin A",
      "amount": 0.0
    },
    {
      "name": "Retinol",
      "amount": 0.0
    },
    {
      "name": "Alpha-carotene",
      "amount": 0.0
    },
    {
      "name": "Beta-carotene",
      "amount": 0.0
    },
    {
      "name": "Beta-cryptoxanthin",
      "amount": 0.0
    },
    {
      "name": "Lycopene",
      "amount": 0.0
    },
    {
      "name": "Lutein+Zeaxanthin",
      "amount": 0.0
    },
    {
      "name": "Folate",
      "amount": 0.0
    },
    {
      "name": "B1 (Thiamine)",
      "amount": 0.012
    },
    {
      "name": "B2 (Riboflavin)",
      "amount": 0.088
    },
    {
      "name": "B3 (Niacin)",
      "amount": 0.0
    },
    {
      "name": "B5 (Pantothenic Acid)",
      "amount": 0.0
    },
    {
      "name": "B6 (Pyridoxine)",
      "amount": 0.0
    },
    {
      "name": "B12 (Cyanocobalamin)",
      "amount": 0.0
    },
    {
      "name": "Vitamin C",
      "amount": 0.0
    },
    {
      "name": "Vitamin E",
      "amount": 0.28
    },
    {
      "name": "Vitamin K",
      "amount": 0.8
    },
    {
      "name": "Saturated",
      "amount": 0.767
    },
    {
      "name": "Monounsaturated",
      "amount": 1.998
    },
    {
      "name": "Polyunsaturated",
      "amount": 0.488
    },
    {
      "name": "Omega-3",
      "amount": 0.039
    },
    {
      "name": "Omega-6",
      "amount": 0.364
    },
    {
      "name": "Cholesterol",
      "amount": 0.0
    },
    {
      "name": "Phytosterol",
      "amount": 7.0
    },
    {
      "name": "ALA",
      "amount": 0.055
    },
    {
      "name": "ARG",
      "amount": 0.069
    },
    {
      "name": "ASP",
      "amount": 0.124
    },
    {
      "name": "CYS",
      "amount": 0.008
    },
    {
      "name": "GLU",
      "amount": 0.398
    },
    {
      "name": "GLY",
      "amount": 0.035
    },
    {
      "name": "HIS",
      "amount": 0.052
    },
    {
      "name": "ILE",
      "amount": 0.107
    },
    {
      "name": "LEU",
      "amount": 0.173
    },
    {
      "name": "LYS",
      "amount": 0.141
    },
    {
      "name": "MET",
      "amount": 0.053
    },
    {
      "name": "PHE",
      "amount": 0.094
    },
    {
      "name": "PRO",
      "amount": 0.197
    },
    {
      "name": "SER",
      "amount": 0.108
    },
    {
      "name": "THR",
      "amount": 0.074
    },
    {
      "name": "TRP",
      "amount": 0.024
    },
    {
      "name": "TYR",
      "amount": 0.1
    },
    {
      "name": "VAL",
      "amount": 0.125
    }
  ],
  "foodSource": "usda",
  "foodType": "deprecated"
}