{
  "name": "Cheese, pasteurized process, american, without di sodium phosphate",
  "sourceUID": 1147,
  "legacyUID": 1147,
  "pCF": 4.0,
  "cCF": 4.0,
  "lCF": 9.0,
  "comments": [],
  "measures": [
    {
      "grams": 1.0,
      "amount": 1.0,
      "description": "g"
    },
    {
      "grams": 28.35,
      "amount": 1.0,
      "description": "oz"
    },
    {
      "grams": 18.0,
      "amount": 1.0,
      "description": "cubic inch"
    }
  ],
  "nutrients": [
    {
      "name": "Energy",
      "amount": 375.0
    },
    {
      "name": "Protein",
      "amount": 22.15
    },
    {
      "name": "Carbs",
      "amount": 1.6
    },
    {
      "name": "Fiber",
      "amount": 0.0
    },
    {
      "name": "Sugars",
      "amount": 0.51
    },
    {
      "name": "Fat",
      "amount": 31.25
    },
    {
      "name": "Alcohol",
      "amount": 0.0
    },
    {
      "name": "Caffeine",
      "amount": 0.0
    },
    {
      "name": "Water",
      "amount": 39.16
    },
    {
      "name": "Ash",
      "amount": 5.84
    },
    {
      "name": "Calcium",
      "amount": 616.0
    },
    {
      "name": "Copper",
      "amount": 0.03
    },
    {
      "name": "Fluoride",
      "amount": 35.0
    },
    {
      "name": "Iron",
      "amount": 0.39
    },
    {
      "name": "Magnesium",
      "amount": 22.0
    },
    {
      "name": "Manganese",
      "amount": 0.015
    },
    {
      "name": "Phosphorus",
      "amount": 444.0
    },
    {
      "name": "Potassium",
      "amount": 162.0
    },
    {
      "name": "Selenium",
      "amount": 14.4
    },
    {
      "name": "Sodium",
      "amount": 650.0
    },
    {
      "name": "Zinc",
      "amount": 2.99
    },
    {
      "name": "Vitamin A",
      "amount": 961.0
    },
    {
      "name": "Retinol",
      "amount": 247.0
    },
    {
      "name": "Alpha-carotene",
      "amount": 0.0
    },
    {
      "name": "Beta-carotene",
      "amount": 82.0
    },
    {
      "name": "Beta-cryptoxanthin",
      "amount": 0.0
    },
    {
      "name": "Lycopene",
      "amount": 0.0
    },
    {
      "name": "Lutein+Zeaxanthin",
      "amount": 0.0
    },
    {
      "name": "Folate",
      "amount": 8.0
    },
    {
      "name": "B1 (Thiamine)",
      "amount": 0.027
    },
    {
      "name": "B2 (Riboflavin)",
      "amount": 0.353
    },
    {
      "name": "B3 (Niacin)",
      "amount": 0.069
    },
    {
      "name": "B5 (Pantothenic Acid)",
      "amount": 0.482
    },
    {
      "name": "B6 (Pyridoxine)",
      "amount": 0.071
    },
    {
      "name": "B12 (Cyanocobalamin)",
      "amount": 0.7
    },
    {
      "name": "Vitamin C",
      "amount": 0.0
    },
    {
      "name": "Vitamin E",
      "amount": 0.27
    },
    {
      "name": "Vitamin K",
      "amount": 2.7
    },
    {
      "name": "Saturated",
      "amount": 19.694
    },
    {
      "name": "Monounsaturated",
      "amount": 8.951
    },
    {
      "name": "Polyunsaturated",
      "amount": 0.99
    },
    {
      "name": "Omega-3",
      "amount": 0.383
    },
    {
      "name": "Omega-6",
      "amount": 0.607
    },
    {
      "name": "Cholesterol",
      "amount": 94.0
    },
    {
      "name": "ALA",
      "amount": 0.555
    },
    {
      "name": "ARG",
      "amount": 0.927
    },
    {
      "name": "ASP",
      "amount": 1.361
    },
    {
      "name": "CYS",
      "amount": 0.142
    },
    {
      "name": "GLU",
      "amount": 4.597
    },
    {
      "name": "GLY",
      "amount": 0.365
    },
    {
      "name": "HIS",
      "amount": 0.903
    },
    {
      "name": "ILE",
      "amount": 1.024
    },
    {
      "name": "LEU",
      "amount": 1.958
    },
    {
      "name": "LYS",
      "amount": 2.198
    },
    {
      "name": "MET",
      "amount": 0.573
    },
    {
      "name": "PHE",
      "amount": 1.125
    },
    {
      "name": "PRO",
      "amount": 2.253
    },
    {
      "name": "SER",
      "amount": 1.069
    },
    {
      "name": "THR",
      "amount": 0.719
    },
    {
      "name": "TRP",
      "amount": 0.323
    },
    {
      "name": "TYR",
      "amount": 1.212
    },
    {
      "name": "VAL",
      "amount": 1.326
    }
  ],
  "foodSource": "usda",
  "foodType": "deprecated"
}