{
  "name": "Egg substitute, frozen",
  "sourceUID": 1142,
  "legacyUID": 1142,
  "pCF": 4.0,
  "cCF": 4.0,
  "lCF": 9.0,
  "comments": [],
  "measures": [
    {
      "grams": 1.0,
      "amount": 1.0,
      "description": "g"
    },
    {
      "grams": 240.0,
      "amount": 1.0,
      "description": "cup"
    },
    {
      "grams": 60.0,
      "amount": 0.25,
      "description": "cup"
    }
  ],
  "nutrients": [
    {
      "name": "Energy",
      "amount": 160.0
    },
    {
      "name": "Protein",
      "amount": 11.29
    },
    {
      "name": "Carbs",
      "amount": 3.2
    },
    {
      "name": "Fiber",
      "amount": 0.0
    },
    {
      "name": "Sugars",
      "amount": 3.2
    },
    {
      "name": "Fat",
      "amount": 11.11
    },
    {
      "name": "Alcohol",
      "amount": 0.0
    },
    {
      "name": "Caffeine",
      "amount": 0.0
    },
    {
      "name": "Water",
      "amount": 73.1
    },
    {
      "name": "Ash",
      "amount": 1.3
    },
    {
      "name": "Calcium",
      "amount": 73.0
    },
    {
      "name": "Copper",
      "amount": 0.022
    },
    {
      "name": "Iron",
      "amount": 1.98
    },
    {
      "name": "Magnesium",
      "amount": 15.0
    },
    {
      "name": "Manganese",
      "amount": 0.006
    },
    {
      "name": "Phosphorus",
      "amount": 72.0
    },
    {
      "name": "Potassium",
      "amount": 213.0
    },
    {
      "name": "Selenium",
      "amount": 41.3
    },
    {
      "name": "Sodium",
      "amount": 199.0
    },
    {
      "name": "Zinc",
      "amount": 0.98
    },
    {
      "name": "Vitamin A",
      "amount": 225.0
    },
    {
      "name": "Retinol",
      "amount": 0.0
    },
    {
      "name": "Alpha-carotene",
      "amount": 0.0
    },
    {
      "name": "Beta-carotene",
      "amount": 135.0
    },
    {
      "name": "Beta-cryptoxanthin",
      "amount": 0.0
    },
    {
      "name": "Lycopene",
      "amount": 0.0
    },
    {
      "name": "Lutein+Zeaxanthin",
      "amount": 0.0
    },
    {
      "name": "Folate",
      "amount": 16.0
    },
    {
      "name": "B1 (Thiamine)",
      "amount": 0.12
    },
    {
      "name": "B2 (Riboflavin)",
      "amount": 0.386
    },
    {
      "name": "B3 (Niacin)",
      "amount": 0.14
    },
    {
      "name": "B5 (Pantothenic Acid)",
      "amount": 1.66
    },
    {
      "name": "B6 (Pyridoxine)",
      "amount": 0.133
    },
    {
      "name": "B12 (Cyanocobalamin)",
      "amount": 0.34
    },
    {
      "name": "Vitamin C",
      "amount": 0.5
    },
    {
      "name": "Vitamin E",
      "amount": 1.59
    },
    {
      "name": "Vitamin K",
      "amount": 0.2
    },
    {
      "name": "Choline",
      "amount": 2.5
    },
    {
      "name": "Saturated",
      "amount": 1.93
    },
    {
      "name": "Monounsaturated",
      "amount": 2.435
    },
    {
      "name": "Polyunsaturated",
      "amount": 6.241
    },
    {
      "name": "Omega-3",
      "amount": 0.064
    },
    {
      "name": "Omega-6",
      "amount": 6.177
    },
    {
      "name": "Cholesterol",
      "amount": 2.0
    },
    {
      "name": "Phytosterol",
      "amount": 95.0
    },
    {
      "name": "ALA",
      "amount": 0.624
    },
    {
      "name": "ARG",
      "amount": 0.577
    },
    {
      "name": "ASP",
      "amount": 0.928
    },
    {
      "name": "CYS",
      "amount": 0.229
    },
    {
      "name": "GLU",
      "amount": 1.69
    },
    {
      "name": "GLY",
      "amount": 0.365
    },
    {
      "name": "HIS",
      "amount": 0.257
    },
    {
      "name": "ILE",
      "amount": 0.66
    },
    {
      "name": "LEU",
      "amount": 0.972
    },
    {
      "name": "LYS",
      "amount": 0.713
    },
    {
      "name": "MET",
      "amount": 0.387
    },
    {
      "name": "PHE",
      "amount": 0.645
    },
    {
      "name": "PRO",
      "amount": 0.558
    },
    {
      "name": "SER",
      "amount": 0.751
    },
    {
      "name": "THR",
      "amount": 0.484
    },
    {
      "name": "TRP",
      "amount": 0.164
    },
    {
      "name": "TYR",
      "amount": 0.456
    },
    {
      "name": "VAL",
      "amount": 0.792
    }
  ],
  "foodSource": "usda",
  "foodType": "deprecated"
}