{
  "name": "Cheese food, pasteurized process, american, with di sodium phosphate",
  "sourceUID": 1149,
  "legacyUID": 1149,
  "pCF": 4.0,
  "cCF": 4.0,
  "lCF": 9.0,
  "comments": [],
  "measures": [
    {
      "grams": 1.0,
      "amount": 1.0,
      "description": "g"
    },
    {
      "grams": 28.35,
      "amount": 1.0,
      "description": "oz"
    },
    {
      "grams": 227.0,
      "amount": 1.0,
      "description": "package (8 oz)"
    }
  ],
  "nutrients": [
    {
      "name": "Energy",
      "amount": 328.0
    },
    {
      "name": "Protein",
      "amount": 19.61
    },
    {
      "name": "Carbs",
      "amount": 7.29
    },
    {
      "name": "Fiber",
      "amount": 0.0
    },
    {
      "name": "Sugars",
      "amount": 7.43
    },
    {
      "name": "Fat",
      "amount": 24.6
    },
    {
      "name": "Water",
      "amount": 43.15
    },
    {
      "name": "Ash",
      "amount": 5.35
    },
    {
      "name": "Calcium",
      "amount": 574.0
    },
    {
      "name": "Copper",
      "amount": 0.03
    },
    {
      "name": "Fluoride",
      "amount": 35.0
    },
    {
      "name": "Iron",
      "amount": 0.84
    },
    {
      "name": "Magnesium",
      "amount": 31.0
    },
    {
      "name": "Manganese",
      "amount": 0.01
    },
    {
      "name": "Phosphorus",
      "amount": 754.0
    },
    {
      "name": "Potassium",
      "amount": 279.0
    },
    {
      "name": "Selenium",
      "amount": 16.0
    },
    {
      "name": "Sodium",
      "amount": 1596.0
    },
    {
      "name": "Zinc",
      "amount": 2.99
    },
    {
      "name": "Vitamin A",
      "amount": 762.0
    },
    {
      "name": "Retinol",
      "amount": 196.0
    },
    {
      "name": "Beta-carotene",
      "amount": 65.0
    },
    {
      "name": "Folate",
      "amount": 7.0
    },
    {
      "name": "B1 (Thiamine)",
      "amount": 0.029
    },
    {
      "name": "B2 (Riboflavin)",
      "amount": 0.442
    },
    {
      "name": "B3 (Niacin)",
      "amount": 0.14
    },
    {
      "name": "B5 (Pantothenic Acid)",
      "amount": 0.558
    },
    {
      "name": "B6 (Pyridoxine)",
      "amount": 0.141
    },
    {
      "name": "B12 (Cyanocobalamin)",
      "amount": 1.12
    },
    {
      "name": "Vitamin C",
      "amount": 0.0
    },
    {
      "name": "Vitamin E",
      "amount": 0.22
    },
    {
      "name": "Saturated",
      "amount": 15.443
    },
    {
      "name": "Monounsaturated",
      "amount": 7.206
    },
    {
      "name": "Polyunsaturated",
      "amount": 0.723
    },
    {
      "name": "Omega-3",
      "amount": 0.259
    },
    {
      "name": "Omega-6",
      "amount": 0.464
    },
    {
      "name": "Cholesterol",
      "amount": 64.0
    },
    {
      "name": "ALA",
      "amount": 0.491
    },
    {
      "name": "ARG",
      "amount": 0.821
    },
    {
      "name": "ASP",
      "amount": 1.205
    },
    {
      "name": "CYS",
      "amount": 0.126
    },
    {
      "name": "GLU",
      "amount": 4.07
    },
    {
      "name": "GLY",
      "amount": 0.323
    },
    {
      "name": "HIS",
      "amount": 0.799
    },
    {
      "name": "ILE",
      "amount": 0.907
    },
    {
      "name": "LEU",
      "amount": 1.733
    },
    {
      "name": "LYS",
      "amount": 1.946
    },
    {
      "name": "MET",
      "amount": 0.507
    },
    {
      "name": "PHE",
      "amount": 0.996
    },
    {
      "name": "PRO",
      "amount": 1.995
    },
    {
      "name": "SER",
      "amount": 0.946
    },
    {
      "name": "THR",
      "amount": 0.637
    },
    {
      "name": "TRP",
      "amount": 0.286
    },
    {
      "name": "TYR",
      "amount": 1.073
    },
    {
      "name": "VAL",
      "amount": 1.174
    }
  ],
  "foodSource": "usda",
  "foodType": "deprecated"
}