{
  "name": "Cheese, pasteurized process, swiss, without di sodium phosphate",
  "sourceUID": 1148,
  "legacyUID": 1148,
  "pCF": 4.0,
  "cCF": 4.0,
  "lCF": 9.0,
  "comments": [],
  "measures": [
    {
      "grams": 1.0,
      "amount": 1.0,
      "description": "g"
    },
    {
      "grams": 28.35,
      "amount": 1.0,
      "description": "oz"
    },
    {
      "grams": 18.0,
      "amount": 1.0,
      "description": "cubic inch"
    }
  ],
  "nutrients": [
    {
      "name": "Energy",
      "amount": 334.0
    },
    {
      "name": "Protein",
      "amount": 24.73
    },
    {
      "name": "Carbs",
      "amount": 2.1
    },
    {
      "name": "Fiber",
      "amount": 0.0
    },
    {
      "name": "Fat",
      "amount": 25.01
    },
    {
      "name": "Water",
      "amount": 42.31
    },
    {
      "name": "Ash",
      "amount": 5.85
    },
    {
      "name": "Calcium",
      "amount": 772.0
    },
    {
      "name": "Copper",
      "amount": 0.027
    },
    {
      "name": "Iron",
      "amount": 0.61
    },
    {
      "name": "Magnesium",
      "amount": 29.0
    },
    {
      "name": "Manganese",
      "amount": 0.014
    },
    {
      "name": "Phosphorus",
      "amount": 540.0
    },
    {
      "name": "Potassium",
      "amount": 216.0
    },
    {
      "name": "Selenium",
      "amount": 15.9
    },
    {
      "name": "Sodium",
      "amount": 681.0
    },
    {
      "name": "Zinc",
      "amount": 3.61
    },
    {
      "name": "Vitamin A",
      "amount": 808.0
    },
    {
      "name": "Retinol",
      "amount": 221.0
    },
    {
      "name": "Folate",
      "amount": 6.0
    },
    {
      "name": "B1 (Thiamine)",
      "amount": 0.014
    },
    {
      "name": "B2 (Riboflavin)",
      "amount": 0.276
    },
    {
      "name": "B3 (Niacin)",
      "amount": 0.038
    },
    {
      "name": "B5 (Pantothenic Acid)",
      "amount": 0.26
    },
    {
      "name": "B6 (Pyridoxine)",
      "amount": 0.036
    },
    {
      "name": "B12 (Cyanocobalamin)",
      "amount": 1.23
    },
    {
      "name": "Vitamin C",
      "amount": 0.0
    },
    {
      "name": "Saturated",
      "amount": 16.045
    },
    {
      "name": "Monounsaturated",
      "amount": 7.046
    },
    {
      "name": "Polyunsaturated",
      "amount": 0.622
    },
    {
      "name": "Omega-3",
      "amount": 0.28
    },
    {
      "name": "Omega-6",
      "amount": 0.342
    },
    {
      "name": "Cholesterol",
      "amount": 85.0
    },
    {
      "name": "ALA",
      "amount": 0.62
    },
    {
      "name": "ARG",
      "amount": 1.035
    },
    {
      "name": "ASP",
      "amount": 1.519
    },
    {
      "name": "CYS",
      "amount": 0.159
    },
    {
      "name": "GLU",
      "amount": 5.132
    },
    {
      "name": "GLY",
      "amount": 0.407
    },
    {
      "name": "HIS",
      "amount": 1.008
    },
    {
      "name": "ILE",
      "amount": 1.143
    },
    {
      "name": "LEU",
      "amount": 2.186
    },
    {
      "name": "LYS",
      "amount": 2.454
    },
    {
      "name": "MET",
      "amount": 0.64
    },
    {
      "name": "PHE",
      "amount": 1.256
    },
    {
      "name": "PRO",
      "amount": 2.516
    },
    {
      "name": "SER",
      "amount": 1.194
    },
    {
      "name": "THR",
      "amount": 0.802
    },
    {
      "name": "TRP",
      "amount": 0.36
    },
    {
      "name": "TYR",
      "amount": 1.353
    },
    {
      "name": "VAL",
      "amount": 1.481
    }
  ],
  "foodSource": "usda",
  "foodType": "deprecated"
}