{
  "name": "Cheese spread, pasteurized process, american, with di sodium phosphate",
  "sourceUID": 1150,
  "legacyUID": 1150,
  "pCF": 4.0,
  "cCF": 4.0,
  "lCF": 9.0,
  "comments": [],
  "measures": [
    {
      "grams": 1.0,
      "amount": 1.0,
      "description": "g"
    },
    {
      "grams": 28.35,
      "amount": 1.0,
      "description": "oz"
    },
    {
      "grams": 142.0,
      "amount": 1.0,
      "description": "jar (5 oz)"
    }
  ],
  "nutrients": [
    {
      "name": "Energy",
      "amount": 290.0
    },
    {
      "name": "Protein",
      "amount": 16.41
    },
    {
      "name": "Carbs",
      "amount": 8.73
    },
    {
      "name": "Fiber",
      "amount": 0.0
    },
    {
      "name": "Fat",
      "amount": 21.23
    },
    {
      "name": "Water",
      "amount": 47.65
    },
    {
      "name": "Ash",
      "amount": 5.98
    },
    {
      "name": "Calcium",
      "amount": 562.0
    },
    {
      "name": "Copper",
      "amount": 0.033
    },
    {
      "name": "Fluoride",
      "amount": 35.0
    },
    {
      "name": "Iron",
      "amount": 0.33
    },
    {
      "name": "Magnesium",
      "amount": 29.0
    },
    {
      "name": "Manganese",
      "amount": 0.02
    },
    {
      "name": "Phosphorus",
      "amount": 875.0
    },
    {
      "name": "Potassium",
      "amount": 242.0
    },
    {
      "name": "Selenium",
      "amount": 11.3
    },
    {
      "name": "Sodium",
      "amount": 1625.0
    },
    {
      "name": "Zinc",
      "amount": 2.59
    },
    {
      "name": "Vitamin A",
      "amount": 788.0
    },
    {
      "name": "Folate",
      "amount": 7.0
    },
    {
      "name": "B1 (Thiamine)",
      "amount": 0.048
    },
    {
      "name": "B2 (Riboflavin)",
      "amount": 0.431
    },
    {
      "name": "B3 (Niacin)",
      "amount": 0.131
    },
    {
      "name": "B5 (Pantothenic Acid)",
      "amount": 0.686
    },
    {
      "name": "B6 (Pyridoxine)",
      "amount": 0.117
    },
    {
      "name": "B12 (Cyanocobalamin)",
      "amount": 0.4
    },
    {
      "name": "Vitamin C",
      "amount": 0.0
    },
    {
      "name": "Saturated",
      "amount": 13.327
    },
    {
      "name": "Monounsaturated",
      "amount": 6.219
    },
    {
      "name": "Polyunsaturated",
      "amount": 0.624
    },
    {
      "name": "Omega-3",
      "amount": 0.223
    },
    {
      "name": "Omega-6",
      "amount": 0.4
    },
    {
      "name": "Cholesterol",
      "amount": 55.0
    },
    {
      "name": "ALA",
      "amount": 0.602
    },
    {
      "name": "ARG",
      "amount": 0.545
    },
    {
      "name": "ASP",
      "amount": 1.103
    },
    {
      "name": "CYS",
      "amount": 0.105
    },
    {
      "name": "GLU",
      "amount": 3.475
    },
    {
      "name": "GLY",
      "amount": 0.311
    },
    {
      "name": "HIS",
      "amount": 0.509
    },
    {
      "name": "ILE",
      "amount": 0.833
    },
    {
      "name": "LEU",
      "amount": 1.78
    },
    {
      "name": "LYS",
      "amount": 1.507
    },
    {
      "name": "MET",
      "amount": 0.538
    },
    {
      "name": "PHE",
      "amount": 0.931
    },
    {
      "name": "PRO",
      "amount": 2.32
    },
    {
      "name": "SER",
      "amount": 1.037
    },
    {
      "name": "THR",
      "amount": 0.628
    },
    {
      "name": "TRP",
      "amount": 0.239
    },
    {
      "name": "TYR",
      "amount": 0.89
    },
    {
      "name": "VAL",
      "amount": 1.366
    }
  ],
  "foodSource": "usda",
  "foodType": "deprecated"
}