{
  "name": "Cheese fondue",
  "sourceUID": 1163,
  "legacyUID": 1163,
  "pCF": 4.0,
  "cCF": 4.0,
  "lCF": 9.0,
  "comments": [],
  "measures": [
    {
      "grams": 1.0,
      "amount": 1.0,
      "description": "g"
    },
    {
      "grams": 215.0,
      "amount": 1.0,
      "description": "cup"
    },
    {
      "grams": 108.0,
      "amount": 0.5,
      "description": "cup"
    }
  ],
  "nutrients": [
    {
      "name": "Energy",
      "amount": 229.0
    },
    {
      "name": "Protein",
      "amount": 14.23
    },
    {
      "name": "Carbs",
      "amount": 3.77
    },
    {
      "name": "Fiber",
      "amount": 0.0
    },
    {
      "name": "Fat",
      "amount": 13.47
    },
    {
      "name": "Alcohol",
      "amount": 0.3
    },
    {
      "name": "Water",
      "amount": 61.61
    },
    {
      "name": "Ash",
      "amount": 1.85
    },
    {
      "name": "Calcium",
      "amount": 476.0
    },
    {
      "name": "Copper",
      "amount": 0.026
    },
    {
      "name": "Iron",
      "amount": 0.39
    },
    {
      "name": "Magnesium",
      "amount": 23.0
    },
    {
      "name": "Manganese",
      "amount": 0.099
    },
    {
      "name": "Phosphorus",
      "amount": 306.0
    },
    {
      "name": "Potassium",
      "amount": 105.0
    },
    {
      "name": "Selenium",
      "amount": 9.0
    },
    {
      "name": "Sodium",
      "amount": 132.0
    },
    {
      "name": "Zinc",
      "amount": 1.96
    },
    {
      "name": "Vitamin A",
      "amount": 414.0
    },
    {
      "name": "Retinol",
      "amount": 107.0
    },
    {
      "name": "Folate",
      "amount": 8.0
    },
    {
      "name": "B1 (Thiamine)",
      "amount": 0.027
    },
    {
      "name": "B2 (Riboflavin)",
      "amount": 0.196
    },
    {
      "name": "B3 (Niacin)",
      "amount": 0.19
    },
    {
      "name": "B5 (Pantothenic Acid)",
      "amount": 0.233
    },
    {
      "name": "B6 (Pyridoxine)",
      "amount": 0.055
    },
    {
      "name": "B12 (Cyanocobalamin)",
      "amount": 0.83
    },
    {
      "name": "Vitamin C",
      "amount": 0.0
    },
    {
      "name": "Saturated",
      "amount": 8.721
    },
    {
      "name": "Monounsaturated",
      "amount": 3.563
    },
    {
      "name": "Polyunsaturated",
      "amount": 0.484
    },
    {
      "name": "Omega-3",
      "amount": 0.173
    },
    {
      "name": "Omega-6",
      "amount": 0.311
    },
    {
      "name": "Cholesterol",
      "amount": 45.0
    },
    {
      "name": "ALA",
      "amount": 0.409
    },
    {
      "name": "ARG",
      "amount": 0.416
    },
    {
      "name": "ASP",
      "amount": 0.705
    },
    {
      "name": "CYS",
      "amount": 0.129
    },
    {
      "name": "GLU",
      "amount": 2.562
    },
    {
      "name": "GLY",
      "amount": 0.228
    },
    {
      "name": "HIS",
      "amount": 0.477
    },
    {
      "name": "ILE",
      "amount": 0.689
    },
    {
      "name": "LEU",
      "amount": 1.328
    },
    {
      "name": "LYS",
      "amount": 1.16
    },
    {
      "name": "MET",
      "amount": 0.352
    },
    {
      "name": "PHE",
      "amount": 0.746
    },
    {
      "name": "PRO",
      "amount": 1.656
    },
    {
      "name": "SER",
      "amount": 0.735
    },
    {
      "name": "THR",
      "amount": 0.466
    },
    {
      "name": "TRP",
      "amount": 0.179
    },
    {
      "name": "TYR",
      "amount": 0.759
    },
    {
      "name": "VAL",
      "amount": 0.961
    }
  ],
  "foodSource": "usda",
  "foodType": "deprecated"
}