{
  "name": "USDA Commodity, cheese, cheddar, reduced fat",
  "sourceUID": 1182,
  "legacyUID": 1182,
  "pCF": 4.0,
  "cCF": 4.0,
  "lCF": 9.0,
  "comments": [],
  "measures": [
    {
      "grams": 1.0,
      "amount": 1.0,
      "description": "g"
    },
    {
      "grams": 113.0,
      "amount": 1.0,
      "description": "cup shredded"
    }
  ],
  "nutrients": [
    {
      "name": "Energy",
      "amount": 282.0
    },
    {
      "name": "Protein",
      "amount": 27.2
    },
    {
      "name": "Carbs",
      "amount": 2.0
    },
    {
      "name": "Fiber",
      "amount": 0.0
    },
    {
      "name": "Sugars",
      "amount": 0.58
    },
    {
      "name": "Fat",
      "amount": 18.3
    },
    {
      "name": "Alcohol",
      "amount": 0.0
    },
    {
      "name": "Caffeine",
      "amount": 0.0
    },
    {
      "name": "Water",
      "amount": 48.2
    },
    {
      "name": "Ash",
      "amount": 4.3
    },
    {
      "name": "Calcium",
      "amount": 905.0
    },
    {
      "name": "Copper",
      "amount": 0.021
    },
    {
      "name": "Iron",
      "amount": 0.13
    },
    {
      "name": "Magnesium",
      "amount": 35.0
    },
    {
      "name": "Phosphorus",
      "amount": 583.0
    },
    {
      "name": "Potassium",
      "amount": 93.0
    },
    {
      "name": "Selenium",
      "amount": 15.5
    },
    {
      "name": "Sodium",
      "amount": 725.0
    },
    {
      "name": "Zinc",
      "amount": 4.3
    },
    {
      "name": "Vitamin A",
      "amount": 633.0
    },
    {
      "name": "Retinol",
      "amount": 142.0
    },
    {
      "name": "Alpha-carotene",
      "amount": 0.0
    },
    {
      "name": "Beta-carotene",
      "amount": 95.0
    },
    {
      "name": "Beta-cryptoxanthin",
      "amount": 0.0
    },
    {
      "name": "Lycopene",
      "amount": 0.0
    },
    {
      "name": "Lutein+Zeaxanthin",
      "amount": 0.0
    },
    {
      "name": "Folate",
      "amount": 20.0
    },
    {
      "name": "B1 (Thiamine)",
      "amount": 0.03
    },
    {
      "name": "B2 (Riboflavin)",
      "amount": 0.3
    },
    {
      "name": "B3 (Niacin)",
      "amount": 0.06
    },
    {
      "name": "B6 (Pyridoxine)",
      "amount": 0.084
    },
    {
      "name": "B12 (Cyanocobalamin)",
      "amount": 1.66
    },
    {
      "name": "Vitamin C",
      "amount": 0.0
    },
    {
      "name": "Vitamin D",
      "amount": 13.0
    },
    {
      "name": "Vitamin E",
      "amount": 0.16
    },
    {
      "name": "Vitamin K",
      "amount": 1.5
    },
    {
      "name": "Choline",
      "amount": 15.4
    },
    {
      "name": "Saturated",
      "amount": 11.58
    },
    {
      "name": "Monounsaturated",
      "amount": 5.02
    },
    {
      "name": "Polyunsaturated",
      "amount": 0.75
    },
    {
      "name": "Omega-3",
      "amount": 0.13
    },
    {
      "name": "Omega-6",
      "amount": 0.57
    },
    {
      "name": "Cholesterol",
      "amount": 56.0
    }
  ],
  "foodSource": "usda",
  "foodType": "deprecated"
}