{
  "name": "KRAFT BREYERS Smooth & Creamy Lowfat Strawberry Yogurt (1% Milkfat)",
  "sourceUID": 1197,
  "legacyUID": 1197,
  "pCF": 4.0,
  "cCF": 4.0,
  "lCF": 9.0,
  "comments": [],
  "measures": [
    {
      "grams": 1.0,
      "amount": 1.0,
      "description": "g"
    },
    {
      "grams": 227.0,
      "amount": 1.0,
      "description": "container (8 oz)"
    }
  ],
  "nutrients": [
    {
      "name": "Energy",
      "amount": 102.0
    },
    {
      "name": "Protein",
      "amount": 3.8
    },
    {
      "name": "Carbs",
      "amount": 19.9
    },
    {
      "name": "Fiber",
      "amount": 0.3
    },
    {
      "name": "Sugars",
      "amount": 17.2
    },
    {
      "name": "Fat",
      "amount": 0.9
    },
    {
      "name": "Water",
      "amount": 74.8
    },
    {
      "name": "Ash",
      "amount": 0.7
    },
    {
      "name": "Calcium",
      "amount": 108.0
    },
    {
      "name": "Iron",
      "amount": 0.13
    },
    {
      "name": "Phosphorus",
      "amount": 78.0
    },
    {
      "name": "Potassium",
      "amount": 177.0
    },
    {
      "name": "Sodium",
      "amount": 55.0
    },
    {
      "name": "Vitamin A",
      "amount": 31.0
    },
    {
      "name": "B2 (Riboflavin)",
      "amount": 0.18
    },
    {
      "name": "B12 (Cyanocobalamin)",
      "amount": 0.52
    },
    {
      "name": "Vitamin C",
      "amount": 0.0
    },
    {
      "name": "Saturated",
      "amount": 0.5
    },
    {
      "name": "Cholesterol",
      "amount": 9.0
    }
  ],
  "foodSource": "usda",
  "foodType": "deprecated"
}