{
  "name": "KRAFT BREYERS Lowfat Strawberry Yogurt (1% Milkfat)",
  "sourceUID": 1195,
  "legacyUID": 1195,
  "pCF": 4.0,
  "cCF": 4.0,
  "lCF": 9.0,
  "comments": [],
  "measures": [
    {
      "grams": 1.0,
      "amount": 1.0,
      "description": "g"
    },
    {
      "grams": 227.0,
      "amount": 1.0,
      "description": "container (8 oz)"
    }
  ],
  "nutrients": [
    {
      "name": "Energy",
      "amount": 96.0
    },
    {
      "name": "Protein",
      "amount": 3.8
    },
    {
      "name": "Carbs",
      "amount": 18.2
    },
    {
      "name": "Fiber",
      "amount": 0.2
    },
    {
      "name": "Sugars",
      "amount": 17.4
    },
    {
      "name": "Fat",
      "amount": 0.8
    },
    {
      "name": "Water",
      "amount": 76.5
    },
    {
      "name": "Ash",
      "amount": 0.7
    },
    {
      "name": "Calcium",
      "amount": 125.0
    },
    {
      "name": "Iron",
      "amount": 0.1
    },
    {
      "name": "Phosphorus",
      "amount": 89.0
    },
    {
      "name": "Potassium",
      "amount": 192.0
    },
    {
      "name": "Sodium",
      "amount": 52.0
    },
    {
      "name": "Vitamin A",
      "amount": 34.0
    },
    {
      "name": "B2 (Riboflavin)",
      "amount": 0.19
    },
    {
      "name": "B12 (Cyanocobalamin)",
      "amount": 0.53
    },
    {
      "name": "Vitamin C",
      "amount": 0.0
    },
    {
      "name": "Saturated",
      "amount": 0.5
    },
    {
      "name": "Cholesterol",
      "amount": 9.0
    }
  ],
  "foodSource": "usda",
  "foodType": "deprecated"
}