{
  "name": "KRAFT BREYERS LIGHT Nonfat Strawberry Yogurt (with Aspartame and Fructose Sweeteners)",
  "sourceUID": 1198,
  "legacyUID": 1198,
  "pCF": 4.0,
  "cCF": 4.0,
  "lCF": 9.0,
  "comments": [],
  "measures": [
    {
      "grams": 1.0,
      "amount": 1.0,
      "description": "g"
    },
    {
      "grams": 227.0,
      "amount": 1.0,
      "description": "container (8 oz)"
    }
  ],
  "nutrients": [
    {
      "name": "Energy",
      "amount": 55.0
    },
    {
      "name": "Protein",
      "amount": 3.4
    },
    {
      "name": "Carbs",
      "amount": 9.9
    },
    {
      "name": "Fiber",
      "amount": 0.0
    },
    {
      "name": "Sugars",
      "amount": 7.7
    },
    {
      "name": "Fat",
      "amount": 0.2
    },
    {
      "name": "Water",
      "amount": 86.0
    },
    {
      "name": "Ash",
      "amount": 0.6
    },
    {
      "name": "Calcium",
      "amount": 95.0
    },
    {
      "name": "Iron",
      "amount": 0.11
    },
    {
      "name": "Phosphorus",
      "amount": 68.0
    },
    {
      "name": "Potassium",
      "amount": 146.0
    },
    {
      "name": "Sodium",
      "amount": 45.0
    },
    {
      "name": "Vitamin A",
      "amount": 4.0
    },
    {
      "name": "B2 (Riboflavin)",
      "amount": 0.14
    },
    {
      "name": "B12 (Cyanocobalamin)",
      "amount": 0.41
    },
    {
      "name": "Vitamin C",
      "amount": 0.6
    },
    {
      "name": "Saturated",
      "amount": 0.1
    },
    {
      "name": "Cholesterol",
      "amount": 5.0
    }
  ],
  "foodSource": "usda",
  "foodType": "deprecated"
}