{
  "name": "KRAFT BREYERS LIGHT N' LIVELY Lowfat Strawberry Yogurt (1% Milkfat)",
  "sourceUID": 1196,
  "legacyUID": 1196,
  "pCF": 4.0,
  "cCF": 4.0,
  "lCF": 9.0,
  "comments": [],
  "measures": [
    {
      "grams": 1.0,
      "amount": 1.0,
      "description": "g"
    },
    {
      "grams": 125.0,
      "amount": 1.0,
      "description": "container (4.4 oz)"
    }
  ],
  "nutrients": [
    {
      "name": "Energy",
      "amount": 108.0
    },
    {
      "name": "Protein",
      "amount": 3.2
    },
    {
      "name": "Carbs",
      "amount": 21.9
    },
    {
      "name": "Fiber",
      "amount": 0.2
    },
    {
      "name": "Sugars",
      "amount": 19.6
    },
    {
      "name": "Fat",
      "amount": 0.8
    },
    {
      "name": "Water",
      "amount": 73.3
    },
    {
      "name": "Ash",
      "amount": 0.6
    },
    {
      "name": "Calcium",
      "amount": 91.0
    },
    {
      "name": "Iron",
      "amount": 0.11
    },
    {
      "name": "Phosphorus",
      "amount": 67.0
    },
    {
      "name": "Potassium",
      "amount": 151.0
    },
    {
      "name": "Sodium",
      "amount": 45.0
    },
    {
      "name": "Vitamin A",
      "amount": 30.0
    },
    {
      "name": "B2 (Riboflavin)",
      "amount": 0.14
    },
    {
      "name": "B12 (Cyanocobalamin)",
      "amount": 0.46
    },
    {
      "name": "Vitamin C",
      "amount": 0.0
    },
    {
      "name": "Saturated",
      "amount": 0.5
    },
    {
      "name": "Cholesterol",
      "amount": 9.0
    }
  ],
  "foodSource": "usda",
  "foodType": "deprecated"
}