{
  "name": "Egg Mix, USDA Commodity",
  "sourceUID": 1210,
  "legacyUID": 1210,
  "pCF": 4.0,
  "cCF": 4.0,
  "lCF": 9.0,
  "comments": [],
  "measures": [
    {
      "grams": 1.0,
      "amount": 1.0,
      "description": "g"
    },
    {
      "grams": 8.6,
      "amount": 1.0,
      "description": "tbsp"
    },
    {
      "grams": 105.0,
      "amount": 1.0,
      "description": "cup"
    }
  ],
  "nutrients": [
    {
      "name": "Energy",
      "amount": 555.0
    },
    {
      "name": "Protein",
      "amount": 35.6
    },
    {
      "name": "Carbs",
      "amount": 23.97
    },
    {
      "name": "Sugars",
      "amount": 2.46
    },
    {
      "name": "Fat",
      "amount": 34.5
    },
    {
      "name": "Water",
      "amount": 2.78
    },
    {
      "name": "Ash",
      "amount": 3.15
    },
    {
      "name": "Calcium",
      "amount": 171.0
    },
    {
      "name": "Copper",
      "amount": 0.149
    },
    {
      "name": "Iron",
      "amount": 3.23
    },
    {
      "name": "Magnesium",
      "amount": 11.0
    },
    {
      "name": "Manganese",
      "amount": 0.056
    },
    {
      "name": "Phosphorus",
      "amount": 451.0
    },
    {
      "name": "Potassium",
      "amount": 373.0
    },
    {
      "name": "Selenium",
      "amount": 118.0
    },
    {
      "name": "Sodium",
      "amount": 576.0
    },
    {
      "name": "Zinc",
      "amount": 2.76
    },
    {
      "name": "Vitamin A",
      "amount": 398.0
    },
    {
      "name": "Retinol",
      "amount": 116.0
    },
    {
      "name": "Alpha-carotene",
      "amount": 0.0
    },
    {
      "name": "Beta-carotene",
      "amount": 0.0
    },
    {
      "name": "Beta-cryptoxanthin",
      "amount": 13.0
    },
    {
      "name": "Lycopene",
      "amount": 0.0
    },
    {
      "name": "Folate",
      "amount": 138.0
    },
    {
      "name": "B1 (Thiamine)",
      "amount": 0.19
    },
    {
      "name": "B2 (Riboflavin)",
      "amount": 1.277
    },
    {
      "name": "B3 (Niacin)",
      "amount": 0.267
    },
    {
      "name": "B5 (Pantothenic Acid)",
      "amount": 6.5
    },
    {
      "name": "B6 (Pyridoxine)",
      "amount": 0.207
    },
    {
      "name": "B12 (Cyanocobalamin)",
      "amount": 2.9
    },
    {
      "name": "Vitamin D",
      "amount": 296.0
    },
    {
      "name": "Vitamin E",
      "amount": 2.04
    },
    {
      "name": "Beta Tocopherol",
      "amount": 0.03
    },
    {
      "name": "Delta Tocopherol",
      "amount": 0.19
    },
    {
      "name": "Gamma Tocopherol",
      "amount": 4.29
    },
    {
      "name": "Vitamin K",
      "amount": 0.7
    },
    {
      "name": "Choline",
      "amount": 602.5
    },
    {
      "name": "Saturated",
      "amount": 10.305
    },
    {
      "name": "Monounsaturated",
      "amount": 13.745
    },
    {
      "name": "Polyunsaturated",
      "amount": 7.555
    },
    {
      "name": "Omega-3",
      "amount": 0.143
    },
    {
      "name": "Omega-6",
      "amount": 6.905
    },
    {
      "name": "Cholesterol",
      "amount": 975.0
    },
    {
      "name": "ALA",
      "amount": 1.726
    },
    {
      "name": "ARG",
      "amount": 2.387
    },
    {
      "name": "ASP",
      "amount": 3.701
    },
    {
      "name": "CYS",
      "amount": 0.523
    },
    {
      "name": "GLU",
      "amount": 4.695
    },
    {
      "name": "GLY",
      "amount": 1.295
    },
    {
      "name": "HIS",
      "amount": 0.876
    },
    {
      "name": "HYP",
      "amount": 0.0
    },
    {
      "name": "ILE",
      "amount": 1.938
    },
    {
      "name": "LEU",
      "amount": 3.312
    },
    {
      "name": "LYS",
      "amount": 3.909
    },
    {
      "name": "MET",
      "amount": 1.443
    },
    {
      "name": "PHE",
      "amount": 1.903
    },
    {
      "name": "PRO",
      "amount": 1.953
    },
    {
      "name": "SER",
      "amount": 2.735
    },
    {
      "name": "THR",
      "amount": 1.411
    },
    {
      "name": "TRP",
      "amount": 0.4
    },
    {
      "name": "TYR",
      "amount": 1.262
    },
    {
      "name": "VAL",
      "amount": 2.313
    }
  ],
  "foodSource": "usda",
  "foodType": "deprecated"
}