{
  "name": "Milk, canned, evaporated, without added vitamin A and vitamin D",
  "sourceUID": 1214,
  "legacyUID": 1214,
  "pCF": 4.0,
  "cCF": 4.0,
  "lCF": 9.0,
  "comments": [],
  "measures": [
    {
      "grams": 1.0,
      "amount": 1.0,
      "description": "g"
    },
    {
      "grams": 252.0,
      "amount": 1.0,
      "description": "cup"
    },
    {
      "grams": 31.5,
      "amount": 1.0,
      "description": "fl oz"
    },
    {
      "grams": 369.0,
      "amount": 1.0,
      "description": "can (13 oz)"
    },
    {
      "grams": 126.0,
      "amount": 0.5,
      "description": "cup"
    }
  ],
  "nutrients": [
    {
      "name": "Energy",
      "amount": 135.0
    },
    {
      "name": "Protein",
      "amount": 6.81
    },
    {
      "name": "Carbs",
      "amount": 10.04
    },
    {
      "name": "Fiber",
      "amount": 0.0
    },
    {
      "name": "Sugars",
      "amount": 10.04
    },
    {
      "name": "Fat",
      "amount": 7.56
    },
    {
      "name": "Alcohol",
      "amount": 0.0
    },
    {
      "name": "Caffeine",
      "amount": 0.0
    },
    {
      "name": "Water",
      "amount": 74.04
    },
    {
      "name": "Ash",
      "amount": 1.55
    },
    {
      "name": "Calcium",
      "amount": 261.0
    },
    {
      "name": "Copper",
      "amount": 0.016
    },
    {
      "name": "Fluoride",
      "amount": 8.5
    },
    {
      "name": "Iron",
      "amount": 0.19
    },
    {
      "name": "Magnesium",
      "amount": 24.0
    },
    {
      "name": "Manganese",
      "amount": 0.006
    },
    {
      "name": "Phosphorus",
      "amount": 203.0
    },
    {
      "name": "Potassium",
      "amount": 303.0
    },
    {
      "name": "Selenium",
      "amount": 2.3
    },
    {
      "name": "Sodium",
      "amount": 106.0
    },
    {
      "name": "Zinc",
      "amount": 0.77
    },
    {
      "name": "Vitamin A",
      "amount": 239.0
    },
    {
      "name": "Retinol",
      "amount": 64.0
    },
    {
      "name": "Alpha-carotene",
      "amount": 0.0
    },
    {
      "name": "Beta-carotene",
      "amount": 15.0
    },
    {
      "name": "Beta-cryptoxanthin",
      "amount": 0.0
    },
    {
      "name": "Lycopene",
      "amount": 0.0
    },
    {
      "name": "Lutein+Zeaxanthin",
      "amount": 0.0
    },
    {
      "name": "Folate",
      "amount": 8.0
    },
    {
      "name": "B1 (Thiamine)",
      "amount": 0.047
    },
    {
      "name": "B2 (Riboflavin)",
      "amount": 0.316
    },
    {
      "name": "B3 (Niacin)",
      "amount": 0.194
    },
    {
      "name": "B5 (Pantothenic Acid)",
      "amount": 0.638
    },
    {
      "name": "B6 (Pyridoxine)",
      "amount": 0.05
    },
    {
      "name": "B12 (Cyanocobalamin)",
      "amount": 0.16
    },
    {
      "name": "Vitamin C",
      "amount": 1.9
    },
    {
      "name": "Vitamin D",
      "amount": 6.0
    },
    {
      "name": "Vitamin E",
      "amount": 0.16
    },
    {
      "name": "Vitamin K",
      "amount": 0.6
    },
    {
      "name": "Choline",
      "amount": 31.3
    },
    {
      "name": "Saturated",
      "amount": 4.591
    },
    {
      "name": "Monounsaturated",
      "amount": 2.335
    },
    {
      "name": "Polyunsaturated",
      "amount": 0.245
    },
    {
      "name": "Omega-3",
      "amount": 0.078
    },
    {
      "name": "Omega-6",
      "amount": 0.167
    },
    {
      "name": "Cholesterol",
      "amount": 29.0
    },
    {
      "name": "ALA",
      "amount": 0.235
    },
    {
      "name": "ARG",
      "amount": 0.247
    },
    {
      "name": "ASP",
      "amount": 0.517
    },
    {
      "name": "CYS",
      "amount": 0.063
    },
    {
      "name": "GLU",
      "amount": 1.426
    },
    {
      "name": "GLY",
      "amount": 0.144
    },
    {
      "name": "HIS",
      "amount": 0.185
    },
    {
      "name": "ILE",
      "amount": 0.412
    },
    {
      "name": "LEU",
      "amount": 0.667
    },
    {
      "name": "LYS",
      "amount": 0.54
    },
    {
      "name": "MET",
      "amount": 0.171
    },
    {
      "name": "PHE",
      "amount": 0.329
    },
    {
      "name": "PRO",
      "amount": 0.66
    },
    {
      "name": "SER",
      "amount": 0.37
    },
    {
      "name": "THR",
      "amount": 0.307
    },
    {
      "name": "TRP",
      "amount": 0.096
    },
    {
      "name": "TYR",
      "amount": 0.329
    },
    {
      "name": "VAL",
      "amount": 0.456
    }
  ],
  "foodSource": "usda",
  "foodType": "deprecated"
}