{
  "name": "Yogurt, Greek, CHOBANI CHAMPIONS, VERY BERRY",
  "sourceUID": 1261,
  "legacyUID": 1261,
  "pCF": 4.0,
  "cCF": 4.0,
  "lCF": 9.0,
  "comments": [],
  "measures": [
    {
      "grams": 1.0,
      "amount": 1.0,
      "description": "g"
    },
    {
      "grams": 102.0,
      "amount": 1.0,
      "description": "container"
    }
  ],
  "nutrients": [
    {
      "name": "Energy",
      "amount": 97.0
    },
    {
      "name": "Protein",
      "amount": 7.54
    },
    {
      "name": "Carbs",
      "amount": 12.85
    },
    {
      "name": "Starch",
      "amount": 0.0
    },
    {
      "name": "Sugars",
      "amount": 11.9
    },
    {
      "name": "Fat",
      "amount": 1.72
    },
    {
      "name": "Water",
      "amount": 77.3
    },
    {
      "name": "Ash",
      "amount": 0.59
    },
    {
      "name": "Calcium",
      "amount": 99.0
    },
    {
      "name": "Copper",
      "amount": 0.018
    },
    {
      "name": "Iron",
      "amount": 0.09
    },
    {
      "name": "Magnesium",
      "amount": 9.0
    },
    {
      "name": "Manganese",
      "amount": 0.028
    },
    {
      "name": "Phosphorus",
      "amount": 108.0
    },
    {
      "name": "Potassium",
      "amount": 116.0
    },
    {
      "name": "Selenium",
      "amount": 7.6
    },
    {
      "name": "Sodium",
      "amount": 31.0
    },
    {
      "name": "Zinc",
      "amount": 0.42
    },
    {
      "name": "Vitamin A",
      "amount": 62.0
    },
    {
      "name": "Retinol",
      "amount": 15.0
    },
    {
      "name": "Alpha-carotene",
      "amount": 0.0
    },
    {
      "name": "Beta-carotene",
      "amount": 6.0
    },
    {
      "name": "Beta-cryptoxanthin",
      "amount": 0.0
    },
    {
      "name": "Lycopene",
      "amount": 0.0
    },
    {
      "name": "Lutein+Zeaxanthin",
      "amount": 6.0
    },
    {
      "name": "Folate",
      "amount": 15.0
    },
    {
      "name": "B1 (Thiamine)",
      "amount": 0.03
    },
    {
      "name": "B2 (Riboflavin)",
      "amount": 0.24
    },
    {
      "name": "B3 (Niacin)",
      "amount": 0.18
    },
    {
      "name": "B5 (Pantothenic Acid)",
      "amount": 0.37
    },
    {
      "name": "B6 (Pyridoxine)",
      "amount": 0.059
    },
    {
      "name": "B12 (Cyanocobalamin)",
      "amount": 0.58
    },
    {
      "name": "Vitamin C",
      "amount": 0.5
    },
    {
      "name": "Vitamin D",
      "amount": 110.0
    },
    {
      "name": "Vitamin E",
      "amount": 0.08
    },
    {
      "name": "Beta Tocopherol",
      "amount": 0.0
    },
    {
      "name": "Delta Tocopherol",
      "amount": 0.0
    },
    {
      "name": "Gamma Tocopherol",
      "amount": 0.0
    },
    {
      "name": "Choline",
      "amount": 16.3
    },
    {
      "name": "Saturated",
      "amount": 0.885
    },
    {
      "name": "Monounsaturated",
      "amount": 0.379
    },
    {
      "name": "Polyunsaturated",
      "amount": 0.064
    },
    {
      "name": "Omega-3",
      "amount": 0.007
    },
    {
      "name": "Omega-6",
      "amount": 0.04
    },
    {
      "name": "Trans-Fats",
      "amount": 0.048
    },
    {
      "name": "Cholesterol",
      "amount": 9.0
    },
    {
      "name": "ALA",
      "amount": 0.26
    },
    {
      "name": "ARG",
      "amount": 0.26
    },
    {
      "name": "ASP",
      "amount": 0.62
    },
    {
      "name": "CYS",
      "amount": 0.08
    },
    {
      "name": "GLU",
      "amount": 1.66
    },
    {
      "name": "GLY",
      "amount": 0.14
    },
    {
      "name": "HIS",
      "amount": 0.19
    },
    {
      "name": "ILE",
      "amount": 0.38
    },
    {
      "name": "LEU",
      "amount": 0.74
    },
    {
      "name": "LYS",
      "amount": 0.54
    },
    {
      "name": "MET",
      "amount": 0.21
    },
    {
      "name": "PHE",
      "amount": 0.37
    },
    {
      "name": "PRO",
      "amount": 0.96
    },
    {
      "name": "SER",
      "amount": 0.43
    },
    {
      "name": "THR",
      "amount": 0.33
    },
    {
      "name": "TRP",
      "amount": 0.09
    },
    {
      "name": "TYR",
      "amount": 0.3
    },
    {
      "name": "VAL",
      "amount": 0.48
    }
  ],
  "foodSource": "usda",
  "foodType": "deprecated"
}