{
  "name": "Yogurt, Greek, nonfat, strawberry, CHOBANI",
  "sourceUID": 1281,
  "legacyUID": 1281,
  "pCF": 4.0,
  "cCF": 4.0,
  "lCF": 9.0,
  "comments": [],
  "measures": [
    {
      "grams": 1.0,
      "amount": 1.0,
      "description": "g"
    },
    {
      "grams": 150.0,
      "amount": 5.3,
      "description": "oz"
    }
  ],
  "nutrients": [
    {
      "name": "Energy",
      "amount": 80.0
    },
    {
      "name": "Protein",
      "amount": 8.03
    },
    {
      "name": "Carbs",
      "amount": 11.62
    },
    {
      "name": "Fiber",
      "amount": 0.7
    },
    {
      "name": "Starch",
      "amount": 0.0
    },
    {
      "name": "Sugars",
      "amount": 10.86
    },
    {
      "name": "Fat",
      "amount": 0.12
    },
    {
      "name": "Water",
      "amount": 79.62
    },
    {
      "name": "Ash",
      "amount": 0.6
    },
    {
      "name": "Calcium",
      "amount": 99.0
    },
    {
      "name": "Copper",
      "amount": 0.019
    },
    {
      "name": "Iron",
      "amount": 0.12
    },
    {
      "name": "Magnesium",
      "amount": 10.0
    },
    {
      "name": "Manganese",
      "amount": 0.033
    },
    {
      "name": "Phosphorus",
      "amount": 112.0
    },
    {
      "name": "Potassium",
      "amount": 124.0
    },
    {
      "name": "Selenium",
      "amount": 9.5
    },
    {
      "name": "Sodium",
      "amount": 33.0
    },
    {
      "name": "Zinc",
      "amount": 0.44
    },
    {
      "name": "B1 (Thiamine)",
      "amount": 0.031
    },
    {
      "name": "B2 (Riboflavin)",
      "amount": 0.28
    },
    {
      "name": "B3 (Niacin)",
      "amount": 0.213
    },
    {
      "name": "B5 (Pantothenic Acid)",
      "amount": 0.335
    },
    {
      "name": "B6 (Pyridoxine)",
      "amount": 0.05
    },
    {
      "name": "B12 (Cyanocobalamin)",
      "amount": 0.45
    },
    {
      "name": "Vitamin C",
      "amount": 0.3
    },
    {
      "name": "Saturated",
      "amount": 0.103
    },
    {
      "name": "Monounsaturated",
      "amount": 0.024
    },
    {
      "name": "Polyunsaturated",
      "amount": 0.01
    },
    {
      "name": "Omega-3",
      "amount": 0.002
    },
    {
      "name": "Omega-6",
      "amount": 0.008
    },
    {
      "name": "Trans-Fats",
      "amount": 0.0
    }
  ],
  "foodSource": "usda",
  "foodType": "deprecated"
}