{
  "name": "PACE, Dry Taco Seasoning Mix",
  "sourceUID": 2073,
  "legacyUID": 2073,
  "pCF": 4.0,
  "cCF": 4.0,
  "lCF": 9.0,
  "comments": [],
  "measures": [
    {
      "grams": 1.0,
      "amount": 1.0,
      "description": "g"
    },
    {
      "grams": 5.3,
      "amount": 2.0,
      "description": "tbsp (1 serving)"
    }
  ],
  "nutrients": [
    {
      "name": "Energy",
      "amount": 188.0
    },
    {
      "name": "Protein",
      "amount": 0.0
    },
    {
      "name": "Carbs",
      "amount": 56.29
    },
    {
      "name": "Fiber",
      "amount": 18.8
    },
    {
      "name": "Sugars",
      "amount": 18.76
    },
    {
      "name": "Fat",
      "amount": 0.0
    },
    {
      "name": "Water",
      "amount": 5.7
    },
    {
      "name": "Ash",
      "amount": 38.01
    },
    {
      "name": "Iron",
      "amount": 6.75
    },
    {
      "name": "Sodium",
      "amount": 8068.0
    },
    {
      "name": "Vitamin A",
      "amount": 9381.0
    },
    {
      "name": "Vitamin C",
      "amount": 45.0
    },
    {
      "name": "Saturated",
      "amount": 0.0
    },
    {
      "name": "Trans-Fats",
      "amount": 0.0
    },
    {
      "name": "Cholesterol",
      "amount": 0.0
    }
  ],
  "foodSource": "usda",
  "foodType": "deprecated"
}