{
  "name": "Babyfood, dinner, vegetables and bacon, strained",
  "sourceUID": 3059,
  "legacyUID": 3059,
  "pCF": 4.0,
  "cCF": 4.0,
  "lCF": 9.0,
  "comments": [],
  "measures": [
    {
      "grams": 1.0,
      "amount": 1.0,
      "description": "g"
    },
    {
      "grams": 256.0,
      "amount": 1.0,
      "description": "cup"
    },
    {
      "grams": 16.0,
      "amount": 1.0,
      "description": "tbsp"
    },
    {
      "grams": 28.35,
      "amount": 1.0,
      "description": "oz"
    },
    {
      "grams": 113.0,
      "amount": 1.0,
      "description": "jar"
    },
    {
      "grams": 113.0,
      "amount": 1.0,
      "description": "jar Gerber Second Food (4 oz)"
    },
    {
      "grams": 113.0,
      "amount": 1.0,
      "description": "jar Heinz Strained-2 (4 oz)"
    }
  ],
  "nutrients": [
    {
      "name": "Energy",
      "amount": 69.0
    },
    {
      "name": "Protein",
      "amount": 1.92
    },
    {
      "name": "Carbs",
      "amount": 8.81
    },
    {
      "name": "Fiber",
      "amount": 1.7
    },
    {
      "name": "Sugars",
      "amount": 1.77
    },
    {
      "name": "Fat",
      "amount": 2.95
    },
    {
      "name": "Alcohol",
      "amount": 0.0
    },
    {
      "name": "Caffeine",
      "amount": 0.0
    },
    {
      "name": "Water",
      "amount": 85.75
    },
    {
      "name": "Ash",
      "amount": 0.4
    },
    {
      "name": "Calcium",
      "amount": 14.0
    },
    {
      "name": "Copper",
      "amount": 0.04
    },
    {
      "name": "Iron",
      "amount": 0.3
    },
    {
      "name": "Magnesium",
      "amount": 10.0
    },
    {
      "name": "Manganese",
      "amount": 0.14
    },
    {
      "name": "Phosphorus",
      "amount": 28.0
    },
    {
      "name": "Potassium",
      "amount": 116.0
    },
    {
      "name": "Selenium",
      "amount": 1.7
    },
    {
      "name": "Sodium",
      "amount": 49.0
    },
    {
      "name": "Zinc",
      "amount": 0.3
    },
    {
      "name": "Vitamin A",
      "amount": 2284.0
    },
    {
      "name": "Retinol",
      "amount": 0.0
    },
    {
      "name": "Alpha-carotene",
      "amount": 515.0
    },
    {
      "name": "Beta-carotene",
      "amount": 1112.0
    },
    {
      "name": "Beta-cryptoxanthin",
      "amount": 0.0
    },
    {
      "name": "Lycopene",
      "amount": 1.0
    },
    {
      "name": "Lutein+Zeaxanthin",
      "amount": 225.0
    },
    {
      "name": "Folate",
      "amount": 3.0
    },
    {
      "name": "B1 (Thiamine)",
      "amount": 0.032
    },
    {
      "name": "B2 (Riboflavin)",
      "amount": 0.039
    },
    {
      "name": "B3 (Niacin)",
      "amount": 0.474
    },
    {
      "name": "B5 (Pantothenic Acid)",
      "amount": 0.16
    },
    {
      "name": "B6 (Pyridoxine)",
      "amount": 0.058
    },
    {
      "name": "B12 (Cyanocobalamin)",
      "amount": 0.06
    },
    {
      "name": "Vitamin C",
      "amount": 0.3
    },
    {
      "name": "Vitamin D",
      "amount": 1.0
    },
    {
      "name": "Vitamin E",
      "amount": 0.51
    },
    {
      "name": "Vitamin K",
      "amount": 9.1
    },
    {
      "name": "Choline",
      "amount": 16.4
    },
    {
      "name": "Saturated",
      "amount": 1.063
    },
    {
      "name": "Monounsaturated",
      "amount": 1.347
    },
    {
      "name": "Polyunsaturated",
      "amount": 0.377
    },
    {
      "name": "Omega-3",
      "amount": 0.045
    },
    {
      "name": "Omega-6",
      "amount": 0.327
    },
    {
      "name": "Cholesterol",
      "amount": 4.0
    }
  ],
  "foodSource": "usda",
  "foodType": "deprecated"
}