{
  "name": "Babyfood, dinner, beef stew, toddler",
  "sourceUID": 3052,
  "legacyUID": 3052,
  "pCF": 4.0,
  "cCF": 4.0,
  "lCF": 9.0,
  "comments": [],
  "measures": [
    {
      "grams": 1.0,
      "amount": 1.0,
      "description": "g"
    },
    {
      "grams": 28.35,
      "amount": 1.0,
      "description": "oz"
    },
    {
      "grams": 170.0,
      "amount": 1.0,
      "description": "jar"
    },
    {
      "grams": 170.0,
      "amount": 1.0,
      "description": "jar Beech-Nut Table Time (6 oz)"
    }
  ],
  "nutrients": [
    {
      "name": "Energy",
      "amount": 51.0
    },
    {
      "name": "Protein",
      "amount": 5.1
    },
    {
      "name": "Carbs",
      "amount": 5.5
    },
    {
      "name": "Fiber",
      "amount": 1.1
    },
    {
      "name": "Sugars",
      "amount": 1.39
    },
    {
      "name": "Fat",
      "amount": 1.2
    },
    {
      "name": "Alcohol",
      "amount": 0.0
    },
    {
      "name": "Caffeine",
      "amount": 0.0
    },
    {
      "name": "Water",
      "amount": 86.9
    },
    {
      "name": "Ash",
      "amount": 1.4
    },
    {
      "name": "Calcium",
      "amount": 9.0
    },
    {
      "name": "Copper",
      "amount": 0.072
    },
    {
      "name": "Iron",
      "amount": 0.72
    },
    {
      "name": "Magnesium",
      "amount": 11.0
    },
    {
      "name": "Phosphorus",
      "amount": 44.0
    },
    {
      "name": "Potassium",
      "amount": 142.0
    },
    {
      "name": "Selenium",
      "amount": 4.5
    },
    {
      "name": "Sodium",
      "amount": 106.0
    },
    {
      "name": "Zinc",
      "amount": 0.87
    },
    {
      "name": "Vitamin A",
      "amount": 1649.0
    },
    {
      "name": "Retinol",
      "amount": 0.0
    },
    {
      "name": "Alpha-carotene",
      "amount": 346.0
    },
    {
      "name": "Beta-carotene",
      "amount": 816.0
    },
    {
      "name": "Beta-cryptoxanthin",
      "amount": 0.0
    },
    {
      "name": "Lycopene",
      "amount": 2575.0
    },
    {
      "name": "Lutein+Zeaxanthin",
      "amount": 26.0
    },
    {
      "name": "Folate",
      "amount": 6.0
    },
    {
      "name": "B1 (Thiamine)",
      "amount": 0.014
    },
    {
      "name": "B2 (Riboflavin)",
      "amount": 0.065
    },
    {
      "name": "B3 (Niacin)",
      "amount": 1.313
    },
    {
      "name": "B6 (Pyridoxine)",
      "amount": 0.074
    },
    {
      "name": "B12 (Cyanocobalamin)",
      "amount": 0.51
    },
    {
      "name": "Vitamin C",
      "amount": 3.0
    },
    {
      "name": "Vitamin D",
      "amount": 1.0
    },
    {
      "name": "Vitamin E",
      "amount": 0.5
    },
    {
      "name": "Vitamin K",
      "amount": 2.5
    },
    {
      "name": "Choline",
      "amount": 16.5
    },
    {
      "name": "Saturated",
      "amount": 0.58
    },
    {
      "name": "Monounsaturated",
      "amount": 0.44
    },
    {
      "name": "Polyunsaturated",
      "amount": 0.1
    },
    {
      "name": "Omega-3",
      "amount": 0.01
    },
    {
      "name": "Omega-6",
      "amount": 0.09
    },
    {
      "name": "Cholesterol",
      "amount": 13.0
    },
    {
      "name": "ALA",
      "amount": 0.332
    },
    {
      "name": "ARG",
      "amount": 0.353
    },
    {
      "name": "ASP",
      "amount": 0.485
    },
    {
      "name": "CYS",
      "amount": 0.053
    },
    {
      "name": "GLU",
      "amount": 0.823
    },
    {
      "name": "GLY",
      "amount": 0.351
    },
    {
      "name": "HIS",
      "amount": 0.128
    },
    {
      "name": "ILE",
      "amount": 0.246
    },
    {
      "name": "LEU",
      "amount": 0.388
    },
    {
      "name": "LYS",
      "amount": 0.394
    },
    {
      "name": "MET",
      "amount": 0.142
    },
    {
      "name": "PHE",
      "amount": 0.201
    },
    {
      "name": "PRO",
      "amount": 0.321
    },
    {
      "name": "SER",
      "amount": 0.192
    },
    {
      "name": "THR",
      "amount": 0.21
    },
    {
      "name": "TRP",
      "amount": 0.053
    },
    {
      "name": "TYR",
      "amount": 0.159
    },
    {
      "name": "VAL",
      "amount": 0.272
    }
  ],
  "foodSource": "usda",
  "foodType": "deprecated"
}