{
  "name": "Babyfood, dinner, vegetables and ham, junior",
  "sourceUID": 3062,
  "legacyUID": 3062,
  "pCF": 4.0,
  "cCF": 4.0,
  "lCF": 9.0,
  "comments": [],
  "measures": [
    {
      "grams": 1.0,
      "amount": 1.0,
      "description": "g"
    },
    {
      "grams": 256.0,
      "amount": 1.0,
      "description": "cup"
    },
    {
      "grams": 16.0,
      "amount": 1.0,
      "description": "tbsp"
    },
    {
      "grams": 28.35,
      "amount": 1.0,
      "description": "oz"
    },
    {
      "grams": 170.0,
      "amount": 1.0,
      "description": "jar"
    },
    {
      "grams": 170.0,
      "amount": 1.0,
      "description": "jar Gerber Third Foods (6 oz)"
    },
    {
      "grams": 170.0,
      "amount": 1.0,
      "description": "jar Heinz Junior-3 (6 oz)"
    }
  ],
  "nutrients": [
    {
      "name": "Energy",
      "amount": 60.0
    },
    {
      "name": "Protein",
      "amount": 2.02
    },
    {
      "name": "Carbs",
      "amount": 8.64
    },
    {
      "name": "Fiber",
      "amount": 1.0
    },
    {
      "name": "Sugars",
      "amount": 0.99
    },
    {
      "name": "Fat",
      "amount": 1.89
    },
    {
      "name": "Alcohol",
      "amount": 0.0
    },
    {
      "name": "Caffeine",
      "amount": 0.0
    },
    {
      "name": "Water",
      "amount": 87.0
    },
    {
      "name": "Ash",
      "amount": 0.45
    },
    {
      "name": "Calcium",
      "amount": 14.0
    },
    {
      "name": "Copper",
      "amount": 0.03
    },
    {
      "name": "Fluoride",
      "amount": 14.0
    },
    {
      "name": "Iron",
      "amount": 0.24
    },
    {
      "name": "Magnesium",
      "amount": 8.0
    },
    {
      "name": "Manganese",
      "amount": 0.07
    },
    {
      "name": "Phosphorus",
      "amount": 33.0
    },
    {
      "name": "Potassium",
      "amount": 97.0
    },
    {
      "name": "Selenium",
      "amount": 2.4
    },
    {
      "name": "Sodium",
      "amount": 45.0
    },
    {
      "name": "Zinc",
      "amount": 0.3
    },
    {
      "name": "Vitamin A",
      "amount": 2872.0
    },
    {
      "name": "Retinol",
      "amount": 0.0
    },
    {
      "name": "Alpha-carotene",
      "amount": 645.0
    },
    {
      "name": "Beta-carotene",
      "amount": 1401.0
    },
    {
      "name": "Beta-cryptoxanthin",
      "amount": 0.0
    },
    {
      "name": "Lycopene",
      "amount": 685.0
    },
    {
      "name": "Lutein+Zeaxanthin",
      "amount": 49.0
    },
    {
      "name": "Folate",
      "amount": 8.0
    },
    {
      "name": "B1 (Thiamine)",
      "amount": 0.032
    },
    {
      "name": "B2 (Riboflavin)",
      "amount": 0.04
    },
    {
      "name": "B3 (Niacin)",
      "amount": 0.512
    },
    {
      "name": "B6 (Pyridoxine)",
      "amount": 0.046
    },
    {
      "name": "B12 (Cyanocobalamin)",
      "amount": 0.03
    },
    {
      "name": "Vitamin C",
      "amount": 1.1
    },
    {
      "name": "Vitamin D",
      "amount": 1.0
    },
    {
      "name": "Vitamin E",
      "amount": 0.31
    },
    {
      "name": "Vitamin K",
      "amount": 2.7
    },
    {
      "name": "Choline",
      "amount": 4.2
    },
    {
      "name": "Saturated",
      "amount": 0.483
    },
    {
      "name": "Monounsaturated",
      "amount": 0.811
    },
    {
      "name": "Polyunsaturated",
      "amount": 0.448
    },
    {
      "name": "Omega-3",
      "amount": 0.039
    },
    {
      "name": "Omega-6",
      "amount": 0.403
    },
    {
      "name": "Cholesterol",
      "amount": 3.0
    }
  ],
  "foodSource": "usda",
  "foodType": "deprecated"
}