{
  "name": "Babyfood, dinner, vegetables and ham, strained",
  "sourceUID": 3061,
  "legacyUID": 3061,
  "pCF": 4.0,
  "cCF": 4.0,
  "lCF": 9.0,
  "comments": [],
  "measures": [
    {
      "grams": 1.0,
      "amount": 1.0,
      "description": "g"
    },
    {
      "grams": 256.0,
      "amount": 1.0,
      "description": "cup"
    },
    {
      "grams": 16.0,
      "amount": 1.0,
      "description": "tbsp"
    },
    {
      "grams": 28.35,
      "amount": 1.0,
      "description": "oz"
    },
    {
      "grams": 113.0,
      "amount": 1.0,
      "description": "jar"
    },
    {
      "grams": 113.0,
      "amount": 1.0,
      "description": "jar Gerber Second Food (4 oz)"
    },
    {
      "grams": 113.0,
      "amount": 1.0,
      "description": "jar Beech-Nut Stage 2 (4 oz)"
    },
    {
      "grams": 113.0,
      "amount": 1.0,
      "description": "jar Heinz Strained-2 (4 oz)"
    }
  ],
  "nutrients": [
    {
      "name": "Energy",
      "amount": 59.0
    },
    {
      "name": "Protein",
      "amount": 2.19
    },
    {
      "name": "Carbs",
      "amount": 7.8
    },
    {
      "name": "Fiber",
      "amount": 1.6
    },
    {
      "name": "Sugars",
      "amount": 1.37
    },
    {
      "name": "Fat",
      "amount": 2.14
    },
    {
      "name": "Alcohol",
      "amount": 0.0
    },
    {
      "name": "Caffeine",
      "amount": 0.0
    },
    {
      "name": "Water",
      "amount": 87.47
    },
    {
      "name": "Ash",
      "amount": 0.41
    },
    {
      "name": "Calcium",
      "amount": 16.0
    },
    {
      "name": "Copper",
      "amount": 0.07
    },
    {
      "name": "Iron",
      "amount": 0.41
    },
    {
      "name": "Magnesium",
      "amount": 12.0
    },
    {
      "name": "Manganese",
      "amount": 0.14
    },
    {
      "name": "Phosphorus",
      "amount": 33.0
    },
    {
      "name": "Potassium",
      "amount": 141.0
    },
    {
      "name": "Selenium",
      "amount": 2.4
    },
    {
      "name": "Sodium",
      "amount": 16.0
    },
    {
      "name": "Zinc",
      "amount": 0.32
    },
    {
      "name": "Vitamin A",
      "amount": 2872.0
    },
    {
      "name": "Retinol",
      "amount": 0.0
    },
    {
      "name": "Alpha-carotene",
      "amount": 645.0
    },
    {
      "name": "Beta-carotene",
      "amount": 1401.0
    },
    {
      "name": "Beta-cryptoxanthin",
      "amount": 0.0
    },
    {
      "name": "Lycopene",
      "amount": 685.0
    },
    {
      "name": "Lutein+Zeaxanthin",
      "amount": 49.0
    },
    {
      "name": "Folate",
      "amount": 3.0
    },
    {
      "name": "B1 (Thiamine)",
      "amount": 0.035
    },
    {
      "name": "B2 (Riboflavin)",
      "amount": 0.054
    },
    {
      "name": "B3 (Niacin)",
      "amount": 0.676
    },
    {
      "name": "B5 (Pantothenic Acid)",
      "amount": 0.151
    },
    {
      "name": "B6 (Pyridoxine)",
      "amount": 0.072
    },
    {
      "name": "B12 (Cyanocobalamin)",
      "amount": 0.06
    },
    {
      "name": "Vitamin C",
      "amount": 1.6
    },
    {
      "name": "Vitamin D",
      "amount": 4.0
    },
    {
      "name": "Vitamin E",
      "amount": 0.31
    },
    {
      "name": "Vitamin K",
      "amount": 2.7
    },
    {
      "name": "Choline",
      "amount": 12.7
    },
    {
      "name": "Saturated",
      "amount": 0.764
    },
    {
      "name": "Monounsaturated",
      "amount": 0.963
    },
    {
      "name": "Polyunsaturated",
      "amount": 0.234
    },
    {
      "name": "Omega-3",
      "amount": 0.026
    },
    {
      "name": "Omega-6",
      "amount": 0.198
    },
    {
      "name": "Cholesterol",
      "amount": 5.0
    }
  ],
  "foodSource": "usda",
  "foodType": "deprecated"
}