{
  "name": "Babyfood, dinner, vegetables and lamb, strained",
  "sourceUID": 3066,
  "legacyUID": 3066,
  "pCF": 4.0,
  "cCF": 4.0,
  "lCF": 9.0,
  "comments": [],
  "measures": [
    {
      "grams": 1.0,
      "amount": 1.0,
      "description": "g"
    },
    {
      "grams": 256.0,
      "amount": 1.0,
      "description": "cup"
    },
    {
      "grams": 16.0,
      "amount": 1.0,
      "description": "tbsp"
    },
    {
      "grams": 28.35,
      "amount": 1.0,
      "description": "oz"
    },
    {
      "grams": 113.0,
      "amount": 1.0,
      "description": "jar"
    },
    {
      "grams": 113.0,
      "amount": 1.0,
      "description": "jar Beech-Nut Stage 2 (4 oz)"
    },
    {
      "grams": 113.0,
      "amount": 1.0,
      "description": "jar Heinz Strained-2 (4 oz)"
    }
  ],
  "nutrients": [
    {
      "name": "Energy",
      "amount": 52.0
    },
    {
      "name": "Protein",
      "amount": 2.0
    },
    {
      "name": "Carbs",
      "amount": 6.9
    },
    {
      "name": "Fiber",
      "amount": 1.1
    },
    {
      "name": "Sugars",
      "amount": 0.94
    },
    {
      "name": "Fat",
      "amount": 2.0
    },
    {
      "name": "Alcohol",
      "amount": 0.0
    },
    {
      "name": "Caffeine",
      "amount": 0.0
    },
    {
      "name": "Water",
      "amount": 88.6
    },
    {
      "name": "Ash",
      "amount": 0.5
    },
    {
      "name": "Calcium",
      "amount": 12.0
    },
    {
      "name": "Copper",
      "amount": 0.029
    },
    {
      "name": "Iron",
      "amount": 0.35
    },
    {
      "name": "Magnesium",
      "amount": 7.0
    },
    {
      "name": "Phosphorus",
      "amount": 49.0
    },
    {
      "name": "Potassium",
      "amount": 94.0
    },
    {
      "name": "Selenium",
      "amount": 2.4
    },
    {
      "name": "Sodium",
      "amount": 20.0
    },
    {
      "name": "Zinc",
      "amount": 0.22
    },
    {
      "name": "Vitamin A",
      "amount": 1995.0
    },
    {
      "name": "Retinol",
      "amount": 0.0
    },
    {
      "name": "Alpha-carotene",
      "amount": 443.0
    },
    {
      "name": "Beta-carotene",
      "amount": 976.0
    },
    {
      "name": "Beta-cryptoxanthin",
      "amount": 0.0
    },
    {
      "name": "Lycopene",
      "amount": 947.0
    },
    {
      "name": "Lutein+Zeaxanthin",
      "amount": 34.0
    },
    {
      "name": "Folate",
      "amount": 4.0
    },
    {
      "name": "B1 (Thiamine)",
      "amount": 0.018
    },
    {
      "name": "B2 (Riboflavin)",
      "amount": 0.034
    },
    {
      "name": "B3 (Niacin)",
      "amount": 0.529
    },
    {
      "name": "B5 (Pantothenic Acid)",
      "amount": 0.16
    },
    {
      "name": "B6 (Pyridoxine)",
      "amount": 0.046
    },
    {
      "name": "B12 (Cyanocobalamin)",
      "amount": 0.16
    },
    {
      "name": "Vitamin C",
      "amount": 1.2
    },
    {
      "name": "Vitamin D",
      "amount": 0.0
    },
    {
      "name": "Vitamin E",
      "amount": 0.24
    },
    {
      "name": "Vitamin K",
      "amount": 2.3
    },
    {
      "name": "Choline",
      "amount": 9.5
    },
    {
      "name": "Saturated",
      "amount": 0.828
    },
    {
      "name": "Monounsaturated",
      "amount": 0.822
    },
    {
      "name": "Polyunsaturated",
      "amount": 0.167
    },
    {
      "name": "Omega-3",
      "amount": 0.031
    },
    {
      "name": "Omega-6",
      "amount": 0.13
    },
    {
      "name": "Cholesterol",
      "amount": 6.0
    },
    {
      "name": "ALA",
      "amount": 0.114
    },
    {
      "name": "ARG",
      "amount": 0.116
    },
    {
      "name": "ASP",
      "amount": 0.209
    },
    {
      "name": "CYS",
      "amount": 0.023
    },
    {
      "name": "GLU",
      "amount": 0.341
    },
    {
      "name": "GLY",
      "amount": 0.088
    },
    {
      "name": "HIS",
      "amount": 0.057
    },
    {
      "name": "MET",
      "amount": 0.044
    },
    {
      "name": "PHE",
      "amount": 0.083
    },
    {
      "name": "PRO",
      "amount": 0.08
    },
    {
      "name": "SER",
      "amount": 0.075
    },
    {
      "name": "TRP",
      "amount": 0.023
    },
    {
      "name": "TYR",
      "amount": 0.067
    },
    {
      "name": "VAL",
      "amount": 0.102
    }
  ],
  "foodSource": "usda",
  "foodType": "deprecated"
}