{
  "name": "Babyfood, dinner, vegetables and turkey, toddler",
  "sourceUID": 3086,
  "legacyUID": 3086,
  "pCF": 4.0,
  "cCF": 4.0,
  "lCF": 9.0,
  "comments": [],
  "measures": [
    {
      "grams": 1.0,
      "amount": 1.0,
      "description": "g"
    },
    {
      "grams": 28.35,
      "amount": 1.0,
      "description": "oz"
    },
    {
      "grams": 170.0,
      "amount": 1.0,
      "description": "jar"
    }
  ],
  "nutrients": [
    {
      "name": "Energy",
      "amount": 80.0
    },
    {
      "name": "Protein",
      "amount": 4.8
    },
    {
      "name": "Carbs",
      "amount": 8.1
    },
    {
      "name": "Sugars",
      "amount": 0.0
    },
    {
      "name": "Fat",
      "amount": 3.4
    },
    {
      "name": "Water",
      "amount": 82.3
    },
    {
      "name": "Ash",
      "amount": 1.4
    },
    {
      "name": "Calcium",
      "amount": 46.0
    },
    {
      "name": "Copper",
      "amount": 0.042
    },
    {
      "name": "Iron",
      "amount": 0.6
    },
    {
      "name": "Magnesium",
      "amount": 16.0
    },
    {
      "name": "Phosphorus",
      "amount": 57.0
    },
    {
      "name": "Potassium",
      "amount": 166.0
    },
    {
      "name": "Selenium",
      "amount": 1.9
    },
    {
      "name": "Sodium",
      "amount": 41.0
    },
    {
      "name": "Zinc",
      "amount": 0.32
    },
    {
      "name": "Vitamin A",
      "amount": 2099.0
    },
    {
      "name": "Retinol",
      "amount": 0.0
    },
    {
      "name": "Folate",
      "amount": 3.0
    },
    {
      "name": "B1 (Thiamine)",
      "amount": 0.02
    },
    {
      "name": "B2 (Riboflavin)",
      "amount": 0.09
    },
    {
      "name": "B3 (Niacin)",
      "amount": 0.586
    },
    {
      "name": "B6 (Pyridoxine)",
      "amount": 0.06
    },
    {
      "name": "B12 (Cyanocobalamin)",
      "amount": 0.44
    },
    {
      "name": "Vitamin C",
      "amount": 3.4
    },
    {
      "name": "ALA",
      "amount": 0.229
    },
    {
      "name": "ARG",
      "amount": 0.295
    },
    {
      "name": "ASP",
      "amount": 0.48
    },
    {
      "name": "CYS",
      "amount": 0.052
    },
    {
      "name": "GLU",
      "amount": 0.915
    },
    {
      "name": "GLY",
      "amount": 0.192
    },
    {
      "name": "HIS",
      "amount": 0.114
    },
    {
      "name": "ILE",
      "amount": 0.249
    },
    {
      "name": "LEU",
      "amount": 0.389
    },
    {
      "name": "LYS",
      "amount": 0.331
    },
    {
      "name": "MET",
      "amount": 0.088
    },
    {
      "name": "PHE",
      "amount": 0.2
    },
    {
      "name": "PRO",
      "amount": 0.333
    },
    {
      "name": "SER",
      "amount": 0.193
    },
    {
      "name": "THR",
      "amount": 0.186
    },
    {
      "name": "TRP",
      "amount": 0.06
    },
    {
      "name": "TYR",
      "amount": 0.174
    },
    {
      "name": "VAL",
      "amount": 0.278
    }
  ],
  "foodSource": "usda",
  "foodType": "deprecated"
}