{
  "name": "Babyfood, apple-cranberry juice",
  "sourceUID": 3169,
  "legacyUID": 3169,
  "pCF": 4.0,
  "cCF": 4.0,
  "lCF": 9.0,
  "comments": [],
  "measures": [
    {
      "grams": 1.0,
      "amount": 1.0,
      "description": "g"
    },
    {
      "grams": 31.2,
      "amount": 1.0,
      "description": "fl oz"
    }
  ],
  "nutrients": [
    {
      "name": "Energy",
      "amount": 46.0
    },
    {
      "name": "Protein",
      "amount": 0.0
    },
    {
      "name": "Carbs",
      "amount": 11.49
    },
    {
      "name": "Fiber",
      "amount": 0.0
    },
    {
      "name": "Sugars",
      "amount": 6.88
    },
    {
      "name": "Fat",
      "amount": 0.02
    },
    {
      "name": "Alcohol",
      "amount": 0.0
    },
    {
      "name": "Caffeine",
      "amount": 0.0
    },
    {
      "name": "Water",
      "amount": 88.3
    },
    {
      "name": "Ash",
      "amount": 0.19
    },
    {
      "name": "Calcium",
      "amount": 6.0
    },
    {
      "name": "Copper",
      "amount": 0.01
    },
    {
      "name": "Fluoride",
      "amount": 10.0
    },
    {
      "name": "Iron",
      "amount": 0.22
    },
    {
      "name": "Magnesium",
      "amount": 3.0
    },
    {
      "name": "Manganese",
      "amount": 0.16
    },
    {
      "name": "Phosphorus",
      "amount": 7.0
    },
    {
      "name": "Potassium",
      "amount": 97.0
    },
    {
      "name": "Selenium",
      "amount": 0.1
    },
    {
      "name": "Sodium",
      "amount": 5.0
    },
    {
      "name": "Zinc",
      "amount": 0.05
    },
    {
      "name": "Vitamin A",
      "amount": 28.0
    },
    {
      "name": "Retinol",
      "amount": 0.0
    },
    {
      "name": "Alpha-carotene",
      "amount": 0.0
    },
    {
      "name": "Beta-carotene",
      "amount": 17.0
    },
    {
      "name": "Beta-cryptoxanthin",
      "amount": 0.0
    },
    {
      "name": "Lycopene",
      "amount": 0.0
    },
    {
      "name": "Lutein+Zeaxanthin",
      "amount": 49.0
    },
    {
      "name": "Folate",
      "amount": 0.0
    },
    {
      "name": "B1 (Thiamine)",
      "amount": 0.0
    },
    {
      "name": "B2 (Riboflavin)",
      "amount": 0.02
    },
    {
      "name": "B3 (Niacin)",
      "amount": 0.07
    },
    {
      "name": "B6 (Pyridoxine)",
      "amount": 0.03
    },
    {
      "name": "B12 (Cyanocobalamin)",
      "amount": 0.0
    },
    {
      "name": "Vitamin C",
      "amount": 27.9
    },
    {
      "name": "Vitamin D",
      "amount": 0.0
    },
    {
      "name": "Vitamin E",
      "amount": 0.56
    },
    {
      "name": "Vitamin K",
      "amount": 2.4
    },
    {
      "name": "Choline",
      "amount": 3.4
    },
    {
      "name": "Saturated",
      "amount": 0.007
    },
    {
      "name": "Monounsaturated",
      "amount": 0.001
    },
    {
      "name": "Polyunsaturated",
      "amount": 0.012
    },
    {
      "name": "Omega-3",
      "amount": 0.002
    },
    {
      "name": "Omega-6",
      "amount": 0.01
    },
    {
      "name": "Cholesterol",
      "amount": 0.0
    }
  ],
  "foodSource": "usda",
  "foodType": "deprecated"
}