{
  "name": "Babyfood, juice, apple and plum",
  "sourceUID": 3170,
  "legacyUID": 3170,
  "pCF": 4.0,
  "cCF": 4.0,
  "lCF": 9.0,
  "comments": [],
  "measures": [
    {
      "grams": 1.0,
      "amount": 1.0,
      "description": "g"
    },
    {
      "grams": 31.2,
      "amount": 1.0,
      "description": "fl oz"
    },
    {
      "grams": 127.0,
      "amount": 1.0,
      "description": "jar"
    }
  ],
  "nutrients": [
    {
      "name": "Energy",
      "amount": 49.0
    },
    {
      "name": "Protein",
      "amount": 0.1
    },
    {
      "name": "Carbs",
      "amount": 12.3
    },
    {
      "name": "Fiber",
      "amount": 0.1
    },
    {
      "name": "Sugars",
      "amount": 11.54
    },
    {
      "name": "Fat",
      "amount": 0.0
    },
    {
      "name": "Alcohol",
      "amount": 0.0
    },
    {
      "name": "Caffeine",
      "amount": 0.0
    },
    {
      "name": "Water",
      "amount": 87.3
    },
    {
      "name": "Ash",
      "amount": 0.3
    },
    {
      "name": "Calcium",
      "amount": 5.0
    },
    {
      "name": "Copper",
      "amount": 0.042
    },
    {
      "name": "Iron",
      "amount": 0.62
    },
    {
      "name": "Magnesium",
      "amount": 3.0
    },
    {
      "name": "Phosphorus",
      "amount": 3.0
    },
    {
      "name": "Potassium",
      "amount": 101.0
    },
    {
      "name": "Selenium",
      "amount": 0.3
    },
    {
      "name": "Sodium",
      "amount": 0.0
    },
    {
      "name": "Zinc",
      "amount": 0.03
    },
    {
      "name": "Vitamin A",
      "amount": 43.0
    },
    {
      "name": "Retinol",
      "amount": 0.0
    },
    {
      "name": "Alpha-carotene",
      "amount": 0.0
    },
    {
      "name": "Beta-carotene",
      "amount": 24.0
    },
    {
      "name": "Beta-cryptoxanthin",
      "amount": 5.0
    },
    {
      "name": "Lycopene",
      "amount": 0.0
    },
    {
      "name": "Lutein+Zeaxanthin",
      "amount": 21.0
    },
    {
      "name": "Folate",
      "amount": 0.0
    },
    {
      "name": "B1 (Thiamine)",
      "amount": 0.02
    },
    {
      "name": "B2 (Riboflavin)",
      "amount": 0.017
    },
    {
      "name": "B3 (Niacin)",
      "amount": 0.195
    },
    {
      "name": "B5 (Pantothenic Acid)",
      "amount": 0.123
    },
    {
      "name": "B6 (Pyridoxine)",
      "amount": 0.028
    },
    {
      "name": "B12 (Cyanocobalamin)",
      "amount": 0.0
    },
    {
      "name": "Vitamin C",
      "amount": 58.2
    },
    {
      "name": "Vitamin D",
      "amount": 0.0
    },
    {
      "name": "Vitamin E",
      "amount": 0.04
    },
    {
      "name": "Vitamin K",
      "amount": 0.8
    },
    {
      "name": "Choline",
      "amount": 1.6
    },
    {
      "name": "Saturated",
      "amount": 0.0
    },
    {
      "name": "Monounsaturated",
      "amount": 0.0
    },
    {
      "name": "Polyunsaturated",
      "amount": 0.0
    },
    {
      "name": "Omega-3",
      "amount": 0.0
    },
    {
      "name": "Omega-6",
      "amount": 0.0
    },
    {
      "name": "Cholesterol",
      "amount": 0.0
    }
  ],
  "foodSource": "usda",
  "foodType": "deprecated"
}