{
  "name": "Babyfood, cereal, rice, with mixed fruit, junior",
  "sourceUID": 3210,
  "legacyUID": 3210,
  "pCF": 4.0,
  "cCF": 4.0,
  "lCF": 9.0,
  "comments": [],
  "measures": [
    {
      "grams": 1.0,
      "amount": 1.0,
      "description": "g"
    },
    {
      "grams": 15.0,
      "amount": 1.0,
      "description": "tbsp"
    },
    {
      "grams": 28.35,
      "amount": 1.0,
      "description": "oz"
    },
    {
      "grams": 170.0,
      "amount": 1.0,
      "description": "jar"
    },
    {
      "grams": 170.0,
      "amount": 1.0,
      "description": "jar Gerber Third Foods (6 oz)"
    }
  ],
  "nutrients": [
    {
      "name": "Energy",
      "amount": 82.0
    },
    {
      "name": "Protein",
      "amount": 0.9
    },
    {
      "name": "Carbs",
      "amount": 18.3
    },
    {
      "name": "Fiber",
      "amount": 0.6
    },
    {
      "name": "Sugars",
      "amount": 10.5
    },
    {
      "name": "Fat",
      "amount": 0.2
    },
    {
      "name": "Alcohol",
      "amount": 0.0
    },
    {
      "name": "Caffeine",
      "amount": 0.0
    },
    {
      "name": "Water",
      "amount": 80.4
    },
    {
      "name": "Ash",
      "amount": 0.4
    },
    {
      "name": "Calcium",
      "amount": 16.0
    },
    {
      "name": "Copper",
      "amount": 0.025
    },
    {
      "name": "Fluoride",
      "amount": 3.0
    },
    {
      "name": "Iron",
      "amount": 2.6
    },
    {
      "name": "Magnesium",
      "amount": 5.0
    },
    {
      "name": "Phosphorus",
      "amount": 21.0
    },
    {
      "name": "Potassium",
      "amount": 50.0
    },
    {
      "name": "Selenium",
      "amount": 2.1
    },
    {
      "name": "Sodium",
      "amount": 10.0
    },
    {
      "name": "Zinc",
      "amount": 0.14
    },
    {
      "name": "Vitamin A",
      "amount": 15.0
    },
    {
      "name": "Retinol",
      "amount": 0.0
    },
    {
      "name": "Alpha-carotene",
      "amount": 0.0
    },
    {
      "name": "Beta-carotene",
      "amount": 7.0
    },
    {
      "name": "Beta-cryptoxanthin",
      "amount": 5.0
    },
    {
      "name": "Lycopene",
      "amount": 0.0
    },
    {
      "name": "Lutein+Zeaxanthin",
      "amount": 4.0
    },
    {
      "name": "Folate",
      "amount": 1.0
    },
    {
      "name": "B1 (Thiamine)",
      "amount": 0.13
    },
    {
      "name": "B2 (Riboflavin)",
      "amount": 0.16
    },
    {
      "name": "B3 (Niacin)",
      "amount": 2.12
    },
    {
      "name": "B5 (Pantothenic Acid)",
      "amount": 0.272
    },
    {
      "name": "B6 (Pyridoxine)",
      "amount": 0.11
    },
    {
      "name": "B12 (Cyanocobalamin)",
      "amount": 0.02
    },
    {
      "name": "Vitamin C",
      "amount": 9.3
    },
    {
      "name": "Vitamin D",
      "amount": 0.0
    },
    {
      "name": "Vitamin E",
      "amount": 0.04
    },
    {
      "name": "Vitamin K",
      "amount": 0.2
    },
    {
      "name": "Choline",
      "amount": 6.4
    },
    {
      "name": "Saturated",
      "amount": 0.06
    },
    {
      "name": "Monounsaturated",
      "amount": 0.04
    },
    {
      "name": "Polyunsaturated",
      "amount": 0.05
    },
    {
      "name": "Omega-3",
      "amount": 0.009
    },
    {
      "name": "Omega-6",
      "amount": 0.042
    },
    {
      "name": "Cholesterol",
      "amount": 0.0
    },
    {
      "name": "ALA",
      "amount": 0.063
    },
    {
      "name": "ARG",
      "amount": 0.097
    },
    {
      "name": "ASP",
      "amount": 0.111
    },
    {
      "name": "CYS",
      "amount": 0.021
    },
    {
      "name": "GLU",
      "amount": 0.209
    },
    {
      "name": "GLY",
      "amount": 0.052
    },
    {
      "name": "HIS",
      "amount": 0.028
    },
    {
      "name": "ILE",
      "amount": 0.047
    },
    {
      "name": "LEU",
      "amount": 0.094
    },
    {
      "name": "LYS",
      "amount": 0.042
    },
    {
      "name": "MET",
      "amount": 0.027
    },
    {
      "name": "PHE",
      "amount": 0.06
    },
    {
      "name": "PRO",
      "amount": 0.053
    },
    {
      "name": "SER",
      "amount": 0.06
    },
    {
      "name": "THR",
      "amount": 0.041
    },
    {
      "name": "TRP",
      "amount": 0.014
    },
    {
      "name": "TYR",
      "amount": 0.059
    },
    {
      "name": "VAL",
      "amount": 0.067
    }
  ],
  "foodSource": "usda",
  "foodType": "deprecated"
}