{
  "name": "Babyfood, juice, apple and cherry",
  "sourceUID": 3268,
  "legacyUID": 3268,
  "pCF": 4.0,
  "cCF": 4.0,
  "lCF": 9.0,
  "comments": [],
  "measures": [
    {
      "grams": 1.0,
      "amount": 1.0,
      "description": "g"
    },
    {
      "grams": 31.2,
      "amount": 1.0,
      "description": "fl oz"
    },
    {
      "grams": 127.0,
      "amount": 1.0,
      "description": "jar"
    }
  ],
  "nutrients": [
    {
      "name": "Energy",
      "amount": 41.0
    },
    {
      "name": "Protein",
      "amount": 0.1
    },
    {
      "name": "Carbs",
      "amount": 9.9
    },
    {
      "name": "Fiber",
      "amount": 0.1
    },
    {
      "name": "Sugars",
      "amount": 8.98
    },
    {
      "name": "Fat",
      "amount": 0.2
    },
    {
      "name": "Alcohol",
      "amount": 0.0
    },
    {
      "name": "Caffeine",
      "amount": 0.0
    },
    {
      "name": "Water",
      "amount": 89.5
    },
    {
      "name": "Ash",
      "amount": 0.3
    },
    {
      "name": "Calcium",
      "amount": 5.0
    },
    {
      "name": "Copper",
      "amount": 0.043
    },
    {
      "name": "Fluoride",
      "amount": 67.0
    },
    {
      "name": "Iron",
      "amount": 0.66
    },
    {
      "name": "Magnesium",
      "amount": 3.0
    },
    {
      "name": "Phosphorus",
      "amount": 6.0
    },
    {
      "name": "Potassium",
      "amount": 98.0
    },
    {
      "name": "Selenium",
      "amount": 0.1
    },
    {
      "name": "Sodium",
      "amount": 0.0
    },
    {
      "name": "Zinc",
      "amount": 0.03
    },
    {
      "name": "Vitamin A",
      "amount": 5.0
    },
    {
      "name": "Retinol",
      "amount": 0.0
    },
    {
      "name": "Alpha-carotene",
      "amount": 0.0
    },
    {
      "name": "Beta-carotene",
      "amount": 3.0
    },
    {
      "name": "Beta-cryptoxanthin",
      "amount": 0.0
    },
    {
      "name": "Lycopene",
      "amount": 0.0
    },
    {
      "name": "Lutein+Zeaxanthin",
      "amount": 26.0
    },
    {
      "name": "Folate",
      "amount": 0.0
    },
    {
      "name": "B1 (Thiamine)",
      "amount": 0.008
    },
    {
      "name": "B2 (Riboflavin)",
      "amount": 0.015
    },
    {
      "name": "B3 (Niacin)",
      "amount": 0.094
    },
    {
      "name": "B5 (Pantothenic Acid)",
      "amount": 0.102
    },
    {
      "name": "B6 (Pyridoxine)",
      "amount": 0.031
    },
    {
      "name": "B12 (Cyanocobalamin)",
      "amount": 0.0
    },
    {
      "name": "Vitamin C",
      "amount": 58.3
    },
    {
      "name": "Vitamin D",
      "amount": 0.0
    },
    {
      "name": "Vitamin E",
      "amount": 0.02
    },
    {
      "name": "Vitamin K",
      "amount": 0.4
    },
    {
      "name": "Choline",
      "amount": 2.4
    },
    {
      "name": "Saturated",
      "amount": 0.035
    },
    {
      "name": "Monounsaturated",
      "amount": 0.011
    },
    {
      "name": "Polyunsaturated",
      "amount": 0.06
    },
    {
      "name": "Omega-3",
      "amount": 0.012
    },
    {
      "name": "Omega-6",
      "amount": 0.05
    },
    {
      "name": "Cholesterol",
      "amount": 0.0
    }
  ],
  "foodSource": "usda",
  "foodType": "deprecated"
}