{
  "name": "Babyfood, juice, apple grape, with calcium",
  "sourceUID": 3266,
  "legacyUID": 3266,
  "pCF": 4.0,
  "cCF": 4.0,
  "lCF": 9.0,
  "comments": [],
  "measures": [
    {
      "grams": 1.0,
      "amount": 1.0,
      "description": "g"
    }
  ],
  "nutrients": [
    {
      "name": "Energy",
      "amount": 52.0
    },
    {
      "name": "Protein",
      "amount": 0.2
    },
    {
      "name": "Carbs",
      "amount": 12.68
    },
    {
      "name": "Fiber",
      "amount": 0.4
    },
    {
      "name": "Sugars",
      "amount": 10.6
    },
    {
      "name": "Fat",
      "amount": 0.1
    },
    {
      "name": "Water",
      "amount": 86.5
    },
    {
      "name": "Ash",
      "amount": 0.52
    },
    {
      "name": "Calcium",
      "amount": 314.0
    },
    {
      "name": "Copper",
      "amount": 0.02
    },
    {
      "name": "Iron",
      "amount": 0.3
    },
    {
      "name": "Magnesium",
      "amount": 67.0
    },
    {
      "name": "Manganese",
      "amount": 0.09
    },
    {
      "name": "Phosphorus",
      "amount": 11.0
    },
    {
      "name": "Potassium",
      "amount": 86.0
    },
    {
      "name": "Selenium",
      "amount": 0.1
    },
    {
      "name": "Sodium",
      "amount": 4.0
    },
    {
      "name": "Zinc",
      "amount": 0.04
    },
    {
      "name": "Vitamin A",
      "amount": 3.0
    },
    {
      "name": "Beta-carotene",
      "amount": 1.0
    },
    {
      "name": "Lutein+Zeaxanthin",
      "amount": 10.0
    },
    {
      "name": "Folate",
      "amount": 1.0
    },
    {
      "name": "B1 (Thiamine)",
      "amount": 0.01
    },
    {
      "name": "B2 (Riboflavin)",
      "amount": 0.02
    },
    {
      "name": "B3 (Niacin)",
      "amount": 0.1
    },
    {
      "name": "B5 (Pantothenic Acid)",
      "amount": 0.051
    },
    {
      "name": "B6 (Pyridoxine)",
      "amount": 0.05
    },
    {
      "name": "Vitamin C",
      "amount": 21.2
    },
    {
      "name": "Vitamin E",
      "amount": 0.01
    },
    {
      "name": "Vitamin K",
      "amount": 0.1
    },
    {
      "name": "Saturated",
      "amount": 0.019
    },
    {
      "name": "Monounsaturated",
      "amount": 0.004
    },
    {
      "name": "Polyunsaturated",
      "amount": 0.027
    },
    {
      "name": "Omega-3",
      "amount": 0.005
    },
    {
      "name": "Omega-6",
      "amount": 0.022
    }
  ],
  "foodSource": "usda",
  "foodType": "deprecated"
}