{
  "name": "Babyfood, dinner, potatoes with cheese and ham, toddler",
  "sourceUID": 3304,
  "legacyUID": 3304,
  "pCF": 4.0,
  "cCF": 4.0,
  "lCF": 9.0,
  "comments": [],
  "measures": [
    {
      "grams": 1.0,
      "amount": 1.0,
      "description": "g"
    },
    {
      "grams": 28.35,
      "amount": 1.0,
      "description": "oz"
    }
  ],
  "nutrients": [
    {
      "name": "Energy",
      "amount": 78.0
    },
    {
      "name": "Protein",
      "amount": 3.5
    },
    {
      "name": "Carbs",
      "amount": 11.97
    },
    {
      "name": "Fiber",
      "amount": 1.2
    },
    {
      "name": "Sugars",
      "amount": 0.8
    },
    {
      "name": "Fat",
      "amount": 2.0
    },
    {
      "name": "Alcohol",
      "amount": 0.0
    },
    {
      "name": "Caffeine",
      "amount": 0.0
    },
    {
      "name": "Water",
      "amount": 81.5
    },
    {
      "name": "Ash",
      "amount": 1.03
    },
    {
      "name": "Calcium",
      "amount": 53.0
    },
    {
      "name": "Copper",
      "amount": 0.06
    },
    {
      "name": "Fluoride",
      "amount": 61.1
    },
    {
      "name": "Iron",
      "amount": 0.4
    },
    {
      "name": "Magnesium",
      "amount": 14.0
    },
    {
      "name": "Manganese",
      "amount": 0.018
    },
    {
      "name": "Phosphorus",
      "amount": 108.0
    },
    {
      "name": "Potassium",
      "amount": 143.0
    },
    {
      "name": "Selenium",
      "amount": 5.5
    },
    {
      "name": "Sodium",
      "amount": 205.0
    },
    {
      "name": "Zinc",
      "amount": 0.6
    },
    {
      "name": "Vitamin A",
      "amount": 31.0
    },
    {
      "name": "Retinol",
      "amount": 8.0
    },
    {
      "name": "Alpha-carotene",
      "amount": 0.0
    },
    {
      "name": "Beta-carotene",
      "amount": 3.0
    },
    {
      "name": "Beta-cryptoxanthin",
      "amount": 0.0
    },
    {
      "name": "Lycopene",
      "amount": 0.0
    },
    {
      "name": "Lutein+Zeaxanthin",
      "amount": 5.0
    },
    {
      "name": "Folate",
      "amount": 6.0
    },
    {
      "name": "B1 (Thiamine)",
      "amount": 0.05
    },
    {
      "name": "B2 (Riboflavin)",
      "amount": 0.1
    },
    {
      "name": "B3 (Niacin)",
      "amount": 1.06
    },
    {
      "name": "B5 (Pantothenic Acid)",
      "amount": 0.345
    },
    {
      "name": "B6 (Pyridoxine)",
      "amount": 0.16
    },
    {
      "name": "B12 (Cyanocobalamin)",
      "amount": 0.07
    },
    {
      "name": "Vitamin C",
      "amount": 0.1
    },
    {
      "name": "Vitamin D",
      "amount": 1.0
    },
    {
      "name": "Vitamin E",
      "amount": 0.02
    },
    {
      "name": "Vitamin K",
      "amount": 1.3
    },
    {
      "name": "Choline",
      "amount": 15.4
    },
    {
      "name": "Saturated",
      "amount": 1.1
    },
    {
      "name": "Monounsaturated",
      "amount": 0.733
    },
    {
      "name": "Polyunsaturated",
      "amount": 0.163
    },
    {
      "name": "Omega-3",
      "amount": 0.032
    },
    {
      "name": "Omega-6",
      "amount": 0.131
    },
    {
      "name": "Cholesterol",
      "amount": 6.0
    },
    {
      "name": "Phytosterol",
      "amount": 0.0
    },
    {
      "name": "ALA",
      "amount": 0.129
    },
    {
      "name": "ARG",
      "amount": 0.167
    },
    {
      "name": "ASP",
      "amount": 0.414
    },
    {
      "name": "CYS",
      "amount": 0.034
    },
    {
      "name": "GLU",
      "amount": 0.583
    },
    {
      "name": "GLY",
      "amount": 0.109
    },
    {
      "name": "HIS",
      "amount": 0.094
    },
    {
      "name": "HYP",
      "amount": 0.0
    },
    {
      "name": "ILE",
      "amount": 0.143
    },
    {
      "name": "LEU",
      "amount": 0.231
    },
    {
      "name": "LYS",
      "amount": 0.235
    },
    {
      "name": "MET",
      "amount": 0.069
    },
    {
      "name": "PHE",
      "amount": 0.158
    },
    {
      "name": "PRO",
      "amount": 0.186
    },
    {
      "name": "SER",
      "amount": 0.142
    },
    {
      "name": "THR",
      "amount": 0.118
    },
    {
      "name": "TRP",
      "amount": 0.036
    },
    {
      "name": "TYR",
      "amount": 0.111
    },
    {
      "name": "VAL",
      "amount": 0.177
    }
  ],
  "foodSource": "usda",
  "foodType": "deprecated"
}