{
  "name": "Infant formula, MEAD JOHNSON, ENFAMIL, low iron, liquid concentrate, not reconstituted",
  "sourceUID": 3807,
  "legacyUID": 3807,
  "pCF": 4.0,
  "cCF": 4.0,
  "lCF": 9.0,
  "comments": [],
  "measures": [
    {
      "grams": 1.0,
      "amount": 1.0,
      "description": "g"
    },
    {
      "grams": 31.4,
      "amount": 1.0,
      "description": "fl oz"
    }
  ],
  "nutrients": [
    {
      "name": "Energy",
      "amount": 132.0
    },
    {
      "name": "Protein",
      "amount": 2.76
    },
    {
      "name": "Carbs",
      "amount": 14.05
    },
    {
      "name": "Fiber",
      "amount": 0.0
    },
    {
      "name": "Sugars",
      "amount": 14.0
    },
    {
      "name": "Fat",
      "amount": 7.25
    },
    {
      "name": "Alcohol",
      "amount": 0.0
    },
    {
      "name": "Caffeine",
      "amount": 0.0
    },
    {
      "name": "Water",
      "amount": 75.34
    },
    {
      "name": "Ash",
      "amount": 0.6
    },
    {
      "name": "Calcium",
      "amount": 102.0
    },
    {
      "name": "Copper",
      "amount": 0.098
    },
    {
      "name": "Iron",
      "amount": 0.92
    },
    {
      "name": "Magnesium",
      "amount": 11.0
    },
    {
      "name": "Phosphorus",
      "amount": 70.0
    },
    {
      "name": "Potassium",
      "amount": 142.0
    },
    {
      "name": "Selenium",
      "amount": 3.6
    },
    {
      "name": "Sodium",
      "amount": 35.0
    },
    {
      "name": "Zinc",
      "amount": 1.31
    },
    {
      "name": "Vitamin A",
      "amount": 394.0
    },
    {
      "name": "Retinol",
      "amount": 118.0
    },
    {
      "name": "Alpha-carotene",
      "amount": 0.0
    },
    {
      "name": "Beta-carotene",
      "amount": 0.0
    },
    {
      "name": "Beta-cryptoxanthin",
      "amount": 0.0
    },
    {
      "name": "Lycopene",
      "amount": 0.0
    },
    {
      "name": "Lutein+Zeaxanthin",
      "amount": 0.0
    },
    {
      "name": "Folate",
      "amount": 21.0
    },
    {
      "name": "B1 (Thiamine)",
      "amount": 0.105
    },
    {
      "name": "B2 (Riboflavin)",
      "amount": 0.184
    },
    {
      "name": "B3 (Niacin)",
      "amount": 1.313
    },
    {
      "name": "B6 (Pyridoxine)",
      "amount": 0.079
    },
    {
      "name": "B12 (Cyanocobalamin)",
      "amount": 0.39
    },
    {
      "name": "Vitamin C",
      "amount": 15.8
    },
    {
      "name": "Vitamin D",
      "amount": 78.0
    },
    {
      "name": "Vitamin E",
      "amount": 1.22
    },
    {
      "name": "Vitamin K",
      "amount": 10.3
    },
    {
      "name": "Choline",
      "amount": 17.0
    },
    {
      "name": "Saturated",
      "amount": 3.084
    },
    {
      "name": "Monounsaturated",
      "amount": 2.693
    },
    {
      "name": "Polyunsaturated",
      "amount": 1.437
    },
    {
      "name": "Omega-3",
      "amount": 0.121
    },
    {
      "name": "Omega-6",
      "amount": 1.256
    },
    {
      "name": "Cholesterol",
      "amount": 1.0
    }
  ],
  "foodSource": "usda",
  "foodType": "deprecated"
}