{
  "name": "Infant formula, NESTLE, GOOD START SUPREME, with iron, ready-to-feed",
  "sourceUID": 3800,
  "legacyUID": 3800,
  "pCF": 4.0,
  "cCF": 4.0,
  "lCF": 9.0,
  "comments": [],
  "measures": [
    {
      "grams": 1.0,
      "amount": 1.0,
      "description": "g"
    },
    {
      "grams": 30.5,
      "amount": 1.0,
      "description": "fl oz"
    }
  ],
  "nutrients": [
    {
      "name": "Energy",
      "amount": 66.0
    },
    {
      "name": "Protein",
      "amount": 1.45
    },
    {
      "name": "Carbs",
      "amount": 7.39
    },
    {
      "name": "Fiber",
      "amount": 0.0
    },
    {
      "name": "Sugars",
      "amount": 5.0
    },
    {
      "name": "Fat",
      "amount": 3.37
    },
    {
      "name": "Alcohol",
      "amount": 0.0
    },
    {
      "name": "Caffeine",
      "amount": 0.0
    },
    {
      "name": "Water",
      "amount": 87.5
    },
    {
      "name": "Ash",
      "amount": 0.29
    },
    {
      "name": "Calcium",
      "amount": 42.0
    },
    {
      "name": "Copper",
      "amount": 0.053
    },
    {
      "name": "Iron",
      "amount": 0.99
    },
    {
      "name": "Magnesium",
      "amount": 5.0
    },
    {
      "name": "Phosphorus",
      "amount": 24.0
    },
    {
      "name": "Potassium",
      "amount": 71.0
    },
    {
      "name": "Selenium",
      "amount": 1.3
    },
    {
      "name": "Sodium",
      "amount": 18.0
    },
    {
      "name": "Zinc",
      "amount": 0.53
    },
    {
      "name": "Vitamin A",
      "amount": 200.0
    },
    {
      "name": "Retinol",
      "amount": 60.0
    },
    {
      "name": "Alpha-carotene",
      "amount": 0.0
    },
    {
      "name": "Beta-carotene",
      "amount": 0.0
    },
    {
      "name": "Beta-cryptoxanthin",
      "amount": 0.0
    },
    {
      "name": "Lycopene",
      "amount": 0.0
    },
    {
      "name": "Lutein+Zeaxanthin",
      "amount": 0.0
    },
    {
      "name": "Folate",
      "amount": 10.0
    },
    {
      "name": "B1 (Thiamine)",
      "amount": 0.066
    },
    {
      "name": "B2 (Riboflavin)",
      "amount": 0.092
    },
    {
      "name": "B3 (Niacin)",
      "amount": 0.693
    },
    {
      "name": "B6 (Pyridoxine)",
      "amount": 0.05
    },
    {
      "name": "B12 (Cyanocobalamin)",
      "amount": 0.22
    },
    {
      "name": "Vitamin C",
      "amount": 5.9
    },
    {
      "name": "Vitamin D",
      "amount": 42.0
    },
    {
      "name": "Vitamin E",
      "amount": 0.99
    },
    {
      "name": "Vitamin K",
      "amount": 5.3
    },
    {
      "name": "Choline",
      "amount": 8.0
    },
    {
      "name": "Saturated",
      "amount": 1.47
    },
    {
      "name": "Monounsaturated",
      "amount": 1.08
    },
    {
      "name": "Polyunsaturated",
      "amount": 0.74
    },
    {
      "name": "Omega-3",
      "amount": 0.06
    },
    {
      "name": "Omega-6",
      "amount": 0.68
    },
    {
      "name": "Cholesterol",
      "amount": 4.0
    }
  ],
  "foodSource": "usda",
  "foodType": "deprecated"
}