{
  "name": "Infant formula, MEAD JOHNSON, ENFAMIL, with iron, liquid concentrate, not reconstituted",
  "sourceUID": 3804,
  "legacyUID": 3804,
  "pCF": 4.0,
  "cCF": 4.0,
  "lCF": 9.0,
  "comments": [],
  "measures": [
    {
      "grams": 1.0,
      "amount": 1.0,
      "description": "g"
    },
    {
      "grams": 31.4,
      "amount": 1.0,
      "description": "fl oz"
    }
  ],
  "nutrients": [
    {
      "name": "Energy",
      "amount": 128.0
    },
    {
      "name": "Protein",
      "amount": 2.68
    },
    {
      "name": "Carbs",
      "amount": 13.96
    },
    {
      "name": "Fiber",
      "amount": 0.0
    },
    {
      "name": "Sugars",
      "amount": 13.96
    },
    {
      "name": "Fat",
      "amount": 7.31
    },
    {
      "name": "Alcohol",
      "amount": 0.0
    },
    {
      "name": "Caffeine",
      "amount": 0.0
    },
    {
      "name": "Water",
      "amount": 75.47
    },
    {
      "name": "Ash",
      "amount": 0.62
    },
    {
      "name": "Calcium",
      "amount": 100.0
    },
    {
      "name": "Copper",
      "amount": 0.096
    },
    {
      "name": "Iron",
      "amount": 2.3
    },
    {
      "name": "Magnesium",
      "amount": 10.0
    },
    {
      "name": "Manganese",
      "amount": 0.019
    },
    {
      "name": "Phosphorus",
      "amount": 68.0
    },
    {
      "name": "Potassium",
      "amount": 138.0
    },
    {
      "name": "Selenium",
      "amount": 3.6
    },
    {
      "name": "Sodium",
      "amount": 35.0
    },
    {
      "name": "Zinc",
      "amount": 1.28
    },
    {
      "name": "Vitamin A",
      "amount": 377.0
    },
    {
      "name": "Retinol",
      "amount": 113.0
    },
    {
      "name": "Alpha-carotene",
      "amount": 0.0
    },
    {
      "name": "Beta-carotene",
      "amount": 0.0
    },
    {
      "name": "Beta-cryptoxanthin",
      "amount": 0.0
    },
    {
      "name": "Lycopene",
      "amount": 0.0
    },
    {
      "name": "Lutein+Zeaxanthin",
      "amount": 0.0
    },
    {
      "name": "Folate",
      "amount": 20.0
    },
    {
      "name": "B1 (Thiamine)",
      "amount": 0.102
    },
    {
      "name": "B2 (Riboflavin)",
      "amount": 0.179
    },
    {
      "name": "B3 (Niacin)",
      "amount": 1.283
    },
    {
      "name": "B6 (Pyridoxine)",
      "amount": 0.077
    },
    {
      "name": "B12 (Cyanocobalamin)",
      "amount": 0.38
    },
    {
      "name": "Vitamin C",
      "amount": 15.3
    },
    {
      "name": "Vitamin D",
      "amount": 77.0
    },
    {
      "name": "Vitamin E",
      "amount": 1.7
    },
    {
      "name": "Vitamin K",
      "amount": 10.2
    },
    {
      "name": "Choline",
      "amount": 23.5
    },
    {
      "name": "Saturated",
      "amount": 3.093
    },
    {
      "name": "Monounsaturated",
      "amount": 2.8
    },
    {
      "name": "Polyunsaturated",
      "amount": 1.41
    },
    {
      "name": "Omega-3",
      "amount": 0.122
    },
    {
      "name": "Omega-6",
      "amount": 1.288
    },
    {
      "name": "Cholesterol",
      "amount": 1.0
    }
  ],
  "foodSource": "usda",
  "foodType": "deprecated"
}