{
  "name": "Infant formula, MEAD JOHNSON, ENFAMIL, with iron, ready-to-feed",
  "sourceUID": 3803,
  "legacyUID": 3803,
  "pCF": 4.0,
  "cCF": 4.0,
  "lCF": 9.0,
  "comments": [],
  "measures": [
    {
      "grams": 1.0,
      "amount": 1.0,
      "description": "g"
    },
    {
      "grams": 30.5,
      "amount": 1.0,
      "description": "fl oz"
    }
  ],
  "nutrients": [
    {
      "name": "Energy",
      "amount": 63.0
    },
    {
      "name": "Protein",
      "amount": 1.38
    },
    {
      "name": "Carbs",
      "amount": 7.2
    },
    {
      "name": "Fiber",
      "amount": 0.0
    },
    {
      "name": "Sugars",
      "amount": 7.18
    },
    {
      "name": "Fat",
      "amount": 3.5
    },
    {
      "name": "Alcohol",
      "amount": 0.0
    },
    {
      "name": "Caffeine",
      "amount": 0.0
    },
    {
      "name": "Water",
      "amount": 88.0
    },
    {
      "name": "Ash",
      "amount": 0.32
    },
    {
      "name": "Calcium",
      "amount": 51.0
    },
    {
      "name": "Copper",
      "amount": 0.05
    },
    {
      "name": "Iron",
      "amount": 1.18
    },
    {
      "name": "Magnesium",
      "amount": 5.0
    },
    {
      "name": "Phosphorus",
      "amount": 35.0
    },
    {
      "name": "Potassium",
      "amount": 71.0
    },
    {
      "name": "Selenium",
      "amount": 1.8
    },
    {
      "name": "Sodium",
      "amount": 18.0
    },
    {
      "name": "Zinc",
      "amount": 0.66
    },
    {
      "name": "Vitamin A",
      "amount": 193.0
    },
    {
      "name": "Retinol",
      "amount": 58.0
    },
    {
      "name": "Alpha-carotene",
      "amount": 0.0
    },
    {
      "name": "Beta-carotene",
      "amount": 0.0
    },
    {
      "name": "Beta-cryptoxanthin",
      "amount": 0.0
    },
    {
      "name": "Lycopene",
      "amount": 0.0
    },
    {
      "name": "Lutein+Zeaxanthin",
      "amount": 0.0
    },
    {
      "name": "Folate",
      "amount": 11.0
    },
    {
      "name": "B1 (Thiamine)",
      "amount": 0.052
    },
    {
      "name": "B2 (Riboflavin)",
      "amount": 0.092
    },
    {
      "name": "B3 (Niacin)",
      "amount": 0.66
    },
    {
      "name": "B6 (Pyridoxine)",
      "amount": 0.04
    },
    {
      "name": "B12 (Cyanocobalamin)",
      "amount": 0.19
    },
    {
      "name": "Vitamin C",
      "amount": 7.9
    },
    {
      "name": "Vitamin D",
      "amount": 40.0
    },
    {
      "name": "Vitamin E",
      "amount": 0.87
    },
    {
      "name": "Vitamin K",
      "amount": 5.2
    },
    {
      "name": "Choline",
      "amount": 16.0
    },
    {
      "name": "Saturated",
      "amount": 1.469
    },
    {
      "name": "Monounsaturated",
      "amount": 1.33
    },
    {
      "name": "Polyunsaturated",
      "amount": 0.67
    },
    {
      "name": "Omega-3",
      "amount": 0.058
    },
    {
      "name": "Omega-6",
      "amount": 0.612
    },
    {
      "name": "Cholesterol",
      "amount": 1.0
    }
  ],
  "foodSource": "usda",
  "foodType": "deprecated"
}