{
  "name": "Infant formula, MEAD JOHNSON, LOFENALAC, with iron, powder, not reconstituted",
  "sourceUID": 3810,
  "legacyUID": 3810,
  "pCF": 4.0,
  "cCF": 4.0,
  "lCF": 9.0,
  "comments": [],
  "measures": [
    {
      "grams": 1.0,
      "amount": 1.0,
      "description": "g"
    },
    {
      "grams": 9.6,
      "amount": 1.0,
      "description": "scoop"
    }
  ],
  "nutrients": [
    {
      "name": "Energy",
      "amount": 462.0
    },
    {
      "name": "Protein",
      "amount": 15.0
    },
    {
      "name": "Carbs",
      "amount": 60.0
    },
    {
      "name": "Fiber",
      "amount": 0.0
    },
    {
      "name": "Starch",
      "amount": 9.6
    },
    {
      "name": "Sugars",
      "amount": 50.4
    },
    {
      "name": "Fat",
      "amount": 18.0
    },
    {
      "name": "Alcohol",
      "amount": 0.0
    },
    {
      "name": "Caffeine",
      "amount": 0.0
    },
    {
      "name": "Water",
      "amount": 3.4
    },
    {
      "name": "Ash",
      "amount": 3.6
    },
    {
      "name": "Calcium",
      "amount": 430.0
    },
    {
      "name": "Copper",
      "amount": 0.43
    },
    {
      "name": "Iron",
      "amount": 8.6
    },
    {
      "name": "Magnesium",
      "amount": 50.0
    },
    {
      "name": "Phosphorus",
      "amount": 320.0
    },
    {
      "name": "Potassium",
      "amount": 470.0
    },
    {
      "name": "Selenium",
      "amount": 10.6
    },
    {
      "name": "Sodium",
      "amount": 220.0
    },
    {
      "name": "Zinc",
      "amount": 3.6
    },
    {
      "name": "Vitamin A",
      "amount": 1430.0
    },
    {
      "name": "Retinol",
      "amount": 429.0
    },
    {
      "name": "Alpha-carotene",
      "amount": 0.0
    },
    {
      "name": "Beta-carotene",
      "amount": 0.0
    },
    {
      "name": "Beta-cryptoxanthin",
      "amount": 0.0
    },
    {
      "name": "Lycopene",
      "amount": 0.0
    },
    {
      "name": "Lutein+Zeaxanthin",
      "amount": 0.0
    },
    {
      "name": "Folate",
      "amount": 72.0
    },
    {
      "name": "B1 (Thiamine)",
      "amount": 0.36
    },
    {
      "name": "B2 (Riboflavin)",
      "amount": 0.43
    },
    {
      "name": "B3 (Niacin)",
      "amount": 5.8
    },
    {
      "name": "B6 (Pyridoxine)",
      "amount": 0.29
    },
    {
      "name": "B12 (Cyanocobalamin)",
      "amount": 1.43
    },
    {
      "name": "Vitamin C",
      "amount": 37.0
    },
    {
      "name": "Vitamin D",
      "amount": 290.0
    },
    {
      "name": "Vitamin E",
      "amount": 10.6
    },
    {
      "name": "Vitamin K",
      "amount": 72.0
    },
    {
      "name": "Choline",
      "amount": 60.0
    },
    {
      "name": "Saturated",
      "amount": 2.36
    },
    {
      "name": "Monounsaturated",
      "amount": 4.64
    },
    {
      "name": "Polyunsaturated",
      "amount": 10.92
    },
    {
      "name": "Omega-3",
      "amount": 0.22
    },
    {
      "name": "Omega-6",
      "amount": 10.7
    },
    {
      "name": "Cholesterol",
      "amount": 0.0
    }
  ],
  "foodSource": "usda",
  "foodType": "deprecated"
}