{
  "name": "Infant formula, MEAD JOHNSON, ENFAMIL, NUTRAMIGEN, with iron, powder, not reconstituted",
  "sourceUID": 3814,
  "legacyUID": 3814,
  "pCF": 4.0,
  "cCF": 4.0,
  "lCF": 9.0,
  "comments": [],
  "measures": [
    {
      "grams": 1.0,
      "amount": 1.0,
      "description": "g"
    },
    {
      "grams": 9.6,
      "amount": 1.0,
      "description": "scoop"
    }
  ],
  "nutrients": [
    {
      "name": "Energy",
      "amount": 502.0
    },
    {
      "name": "Protein",
      "amount": 14.2
    },
    {
      "name": "Carbs",
      "amount": 55.0
    },
    {
      "name": "Fiber",
      "amount": 0.0
    },
    {
      "name": "Sugars",
      "amount": 55.0
    },
    {
      "name": "Fat",
      "amount": 25.0
    },
    {
      "name": "Alcohol",
      "amount": 0.0
    },
    {
      "name": "Caffeine",
      "amount": 0.0
    },
    {
      "name": "Water",
      "amount": 2.5
    },
    {
      "name": "Ash",
      "amount": 2.9
    },
    {
      "name": "Calcium",
      "amount": 470.0
    },
    {
      "name": "Copper",
      "amount": 0.37
    },
    {
      "name": "Iron",
      "amount": 8.9
    },
    {
      "name": "Magnesium",
      "amount": 55.0
    },
    {
      "name": "Manganese",
      "amount": 0.124
    },
    {
      "name": "Phosphorus",
      "amount": 310.0
    },
    {
      "name": "Potassium",
      "amount": 550.0
    },
    {
      "name": "Selenium",
      "amount": 13.9
    },
    {
      "name": "Sodium",
      "amount": 230.0
    },
    {
      "name": "Zinc",
      "amount": 5.0
    },
    {
      "name": "Vitamin A",
      "amount": 1490.0
    },
    {
      "name": "Retinol",
      "amount": 450.0
    },
    {
      "name": "Alpha-carotene",
      "amount": 0.0
    },
    {
      "name": "Beta-carotene",
      "amount": 0.0
    },
    {
      "name": "Beta-cryptoxanthin",
      "amount": 0.0
    },
    {
      "name": "Lycopene",
      "amount": 0.0
    },
    {
      "name": "Lutein+Zeaxanthin",
      "amount": 0.0
    },
    {
      "name": "Folate",
      "amount": 79.0
    },
    {
      "name": "B1 (Thiamine)",
      "amount": 0.4
    },
    {
      "name": "B2 (Riboflavin)",
      "amount": 0.45
    },
    {
      "name": "B3 (Niacin)",
      "amount": 5.0
    },
    {
      "name": "B6 (Pyridoxine)",
      "amount": 0.3
    },
    {
      "name": "B12 (Cyanocobalamin)",
      "amount": 1.49
    },
    {
      "name": "Vitamin C",
      "amount": 60.0
    },
    {
      "name": "Vitamin D",
      "amount": 250.0
    },
    {
      "name": "Vitamin E",
      "amount": 6.6
    },
    {
      "name": "Vitamin K",
      "amount": 40.0
    },
    {
      "name": "Choline",
      "amount": 59.0
    },
    {
      "name": "Saturated",
      "amount": 10.99
    },
    {
      "name": "Monounsaturated",
      "amount": 9.52
    },
    {
      "name": "Polyunsaturated",
      "amount": 4.93
    },
    {
      "name": "Omega-3",
      "amount": 0.43
    },
    {
      "name": "Omega-6",
      "amount": 4.5
    },
    {
      "name": "Cholesterol",
      "amount": 0.0
    }
  ],
  "foodSource": "usda",
  "foodType": "deprecated"
}