{
  "name": "Infant formula, MEAD JOHNSON, LOFENALAC, with iron, prepared from powder",
  "sourceUID": 3811,
  "legacyUID": 3811,
  "pCF": 4.0,
  "cCF": 4.0,
  "lCF": 9.0,
  "comments": [],
  "measures": [
    {
      "grams": 1.0,
      "amount": 1.0,
      "description": "g"
    },
    {
      "grams": 30.8,
      "amount": 1.0,
      "description": "fl oz"
    }
  ],
  "nutrients": [
    {
      "name": "Energy",
      "amount": 65.0
    },
    {
      "name": "Protein",
      "amount": 2.14
    },
    {
      "name": "Carbs",
      "amount": 7.71
    },
    {
      "name": "Fiber",
      "amount": 0.0
    },
    {
      "name": "Starch",
      "amount": 1.3
    },
    {
      "name": "Sugars",
      "amount": 7.1
    },
    {
      "name": "Fat",
      "amount": 2.54
    },
    {
      "name": "Alcohol",
      "amount": 0.0
    },
    {
      "name": "Caffeine",
      "amount": 0.0
    },
    {
      "name": "Water",
      "amount": 87.1
    },
    {
      "name": "Ash",
      "amount": 0.51
    },
    {
      "name": "Calcium",
      "amount": 61.0
    },
    {
      "name": "Copper",
      "amount": 0.061
    },
    {
      "name": "Iron",
      "amount": 1.22
    },
    {
      "name": "Magnesium",
      "amount": 7.0
    },
    {
      "name": "Phosphorus",
      "amount": 46.0
    },
    {
      "name": "Potassium",
      "amount": 66.0
    },
    {
      "name": "Selenium",
      "amount": 1.8
    },
    {
      "name": "Sodium",
      "amount": 31.0
    },
    {
      "name": "Zinc",
      "amount": 0.51
    },
    {
      "name": "Vitamin A",
      "amount": 200.0
    },
    {
      "name": "Retinol",
      "amount": 60.0
    },
    {
      "name": "Alpha-carotene",
      "amount": 0.0
    },
    {
      "name": "Beta-carotene",
      "amount": 0.0
    },
    {
      "name": "Beta-cryptoxanthin",
      "amount": 0.0
    },
    {
      "name": "Lycopene",
      "amount": 0.0
    },
    {
      "name": "Lutein+Zeaxanthin",
      "amount": 0.0
    },
    {
      "name": "Folate",
      "amount": 10.0
    },
    {
      "name": "B1 (Thiamine)",
      "amount": 0.051
    },
    {
      "name": "B2 (Riboflavin)",
      "amount": 0.061
    },
    {
      "name": "B3 (Niacin)",
      "amount": 0.813
    },
    {
      "name": "B6 (Pyridoxine)",
      "amount": 0.041
    },
    {
      "name": "B12 (Cyanocobalamin)",
      "amount": 0.2
    },
    {
      "name": "Vitamin C",
      "amount": 5.3
    },
    {
      "name": "Vitamin D",
      "amount": 39.0
    },
    {
      "name": "Vitamin E",
      "amount": 1.5
    },
    {
      "name": "Vitamin K",
      "amount": 9.7
    },
    {
      "name": "Saturated",
      "amount": 0.332
    },
    {
      "name": "Monounsaturated",
      "amount": 0.65
    },
    {
      "name": "Polyunsaturated",
      "amount": 1.528
    },
    {
      "name": "Omega-3",
      "amount": 0.033
    },
    {
      "name": "Omega-6",
      "amount": 1.495
    },
    {
      "name": "Cholesterol",
      "amount": 0.0
    }
  ],
  "foodSource": "usda",
  "foodType": "deprecated"
}