{
  "name": "Infant formula, MEAD JOHNSON, ENFAMIL, NUTRAMIGEN, with iron, liquid concentrate, not reconstituted",
  "sourceUID": 3816,
  "legacyUID": 3816,
  "pCF": 4.0,
  "cCF": 4.0,
  "lCF": 9.0,
  "comments": [],
  "measures": [
    {
      "grams": 1.0,
      "amount": 1.0,
      "description": "g"
    },
    {
      "grams": 31.5,
      "amount": 1.0,
      "description": "fl oz"
    }
  ],
  "nutrients": [
    {
      "name": "Energy",
      "amount": 127.0
    },
    {
      "name": "Protein",
      "amount": 3.53
    },
    {
      "name": "Carbs",
      "amount": 13.12
    },
    {
      "name": "Fiber",
      "amount": 0.0
    },
    {
      "name": "Starch",
      "amount": 0.0
    },
    {
      "name": "Sugars",
      "amount": 13.08
    },
    {
      "name": "Fat",
      "amount": 6.73
    },
    {
      "name": "Alcohol",
      "amount": 0.0
    },
    {
      "name": "Caffeine",
      "amount": 0.0
    },
    {
      "name": "Water",
      "amount": 75.7
    },
    {
      "name": "Ash",
      "amount": 0.92
    },
    {
      "name": "Calcium",
      "amount": 120.0
    },
    {
      "name": "Copper",
      "amount": 0.095
    },
    {
      "name": "Iron",
      "amount": 2.28
    },
    {
      "name": "Magnesium",
      "amount": 14.0
    },
    {
      "name": "Phosphorus",
      "amount": 80.0
    },
    {
      "name": "Potassium",
      "amount": 138.0
    },
    {
      "name": "Selenium",
      "amount": 3.5
    },
    {
      "name": "Sodium",
      "amount": 60.0
    },
    {
      "name": "Zinc",
      "amount": 1.27
    },
    {
      "name": "Vitamin A",
      "amount": 374.0
    },
    {
      "name": "Retinol",
      "amount": 112.0
    },
    {
      "name": "Alpha-carotene",
      "amount": 0.0
    },
    {
      "name": "Beta-carotene",
      "amount": 0.0
    },
    {
      "name": "Beta-cryptoxanthin",
      "amount": 0.0
    },
    {
      "name": "Lycopene",
      "amount": 0.0
    },
    {
      "name": "Lutein+Zeaxanthin",
      "amount": 0.0
    },
    {
      "name": "Folate",
      "amount": 20.0
    },
    {
      "name": "B1 (Thiamine)",
      "amount": 0.101
    },
    {
      "name": "B2 (Riboflavin)",
      "amount": 0.114
    },
    {
      "name": "B3 (Niacin)",
      "amount": 1.27
    },
    {
      "name": "B6 (Pyridoxine)",
      "amount": 0.077
    },
    {
      "name": "B12 (Cyanocobalamin)",
      "amount": 0.37
    },
    {
      "name": "Vitamin C",
      "amount": 15.1
    },
    {
      "name": "Vitamin D",
      "amount": 64.0
    },
    {
      "name": "Vitamin E",
      "amount": 1.68
    },
    {
      "name": "Vitamin K",
      "amount": 10.1
    },
    {
      "name": "Choline",
      "amount": 23.0
    },
    {
      "name": "Saturated",
      "amount": 2.879
    },
    {
      "name": "Monounsaturated",
      "amount": 2.493
    },
    {
      "name": "Polyunsaturated",
      "amount": 1.159
    },
    {
      "name": "Omega-3",
      "amount": 0.118
    },
    {
      "name": "Omega-6",
      "amount": 1.159
    },
    {
      "name": "Cholesterol",
      "amount": 0.0
    }
  ],
  "foodSource": "usda",
  "foodType": "deprecated"
}