{
  "name": "Infant formula, MEAD JOHNSON, ENFAMIL, LIPIL, low iron, powder, with ARA and DHA",
  "sourceUID": 3817,
  "legacyUID": 3817,
  "pCF": 4.0,
  "cCF": 4.0,
  "lCF": 9.0,
  "comments": [],
  "measures": [
    {
      "grams": 1.0,
      "amount": 1.0,
      "description": "g"
    },
    {
      "grams": 8.5,
      "amount": 1.0,
      "description": "scoop"
    }
  ],
  "nutrients": [
    {
      "name": "Energy",
      "amount": 511.0
    },
    {
      "name": "Protein",
      "amount": 10.8
    },
    {
      "name": "Carbs",
      "amount": 56.2
    },
    {
      "name": "Fiber",
      "amount": 0.0
    },
    {
      "name": "Sugars",
      "amount": 56.0
    },
    {
      "name": "Fat",
      "amount": 27.0
    },
    {
      "name": "Alcohol",
      "amount": 0.0
    },
    {
      "name": "Caffeine",
      "amount": 0.0
    },
    {
      "name": "Water",
      "amount": 3.3
    },
    {
      "name": "Ash",
      "amount": 2.7
    },
    {
      "name": "Calcium",
      "amount": 400.0
    },
    {
      "name": "Copper",
      "amount": 0.39
    },
    {
      "name": "Iron",
      "amount": 3.6
    },
    {
      "name": "Magnesium",
      "amount": 41.0
    },
    {
      "name": "Phosphorus",
      "amount": 270.0
    },
    {
      "name": "Potassium",
      "amount": 560.0
    },
    {
      "name": "Selenium",
      "amount": 14.5
    },
    {
      "name": "Sodium",
      "amount": 139.0
    },
    {
      "name": "Zinc",
      "amount": 5.2
    },
    {
      "name": "Vitamin A",
      "amount": 1550.0
    },
    {
      "name": "Retinol",
      "amount": 470.0
    },
    {
      "name": "Alpha-carotene",
      "amount": 0.0
    },
    {
      "name": "Beta-carotene",
      "amount": 0.0
    },
    {
      "name": "Beta-cryptoxanthin",
      "amount": 0.0
    },
    {
      "name": "Lycopene",
      "amount": 0.0
    },
    {
      "name": "Lutein+Zeaxanthin",
      "amount": 0.0
    },
    {
      "name": "Folate",
      "amount": 83.0
    },
    {
      "name": "B1 (Thiamine)",
      "amount": 0.41
    },
    {
      "name": "B2 (Riboflavin)",
      "amount": 0.72
    },
    {
      "name": "B3 (Niacin)",
      "amount": 5.2
    },
    {
      "name": "B6 (Pyridoxine)",
      "amount": 0.31
    },
    {
      "name": "B12 (Cyanocobalamin)",
      "amount": 1.55
    },
    {
      "name": "Vitamin C",
      "amount": 62.0
    },
    {
      "name": "Vitamin D",
      "amount": 310.0
    },
    {
      "name": "Vitamin E",
      "amount": 6.9
    },
    {
      "name": "Vitamin K",
      "amount": 41.0
    },
    {
      "name": "Choline",
      "amount": 62.0
    },
    {
      "name": "Saturated",
      "amount": 11.2
    },
    {
      "name": "Monounsaturated",
      "amount": 9.63
    },
    {
      "name": "Polyunsaturated",
      "amount": 5.2
    },
    {
      "name": "Omega-3",
      "amount": 0.52
    },
    {
      "name": "Omega-6",
      "amount": 4.5
    },
    {
      "name": "Cholesterol",
      "amount": 17.0
    }
  ],
  "foodSource": "usda",
  "foodType": "deprecated"
}