{
  "name": "Infant formula, MEAD JOHNSON, ENFAMIL, NUTRAMIGEN, with iron, ready-to-feed",
  "sourceUID": 3813,
  "legacyUID": 3813,
  "pCF": 4.0,
  "cCF": 4.0,
  "lCF": 9.0,
  "comments": [],
  "measures": [
    {
      "grams": 1.0,
      "amount": 1.0,
      "description": "g"
    },
    {
      "grams": 107.0,
      "amount": 1.0,
      "description": "Serving 100 ml"
    },
    {
      "grams": 30.8,
      "amount": 1.0,
      "description": "fl oz"
    }
  ],
  "nutrients": [
    {
      "name": "Energy",
      "amount": 66.0
    },
    {
      "name": "Protein",
      "amount": 1.83
    },
    {
      "name": "Carbs",
      "amount": 6.81
    },
    {
      "name": "Fiber",
      "amount": 0.0
    },
    {
      "name": "Starch",
      "amount": 1.67
    },
    {
      "name": "Sugars",
      "amount": 5.13
    },
    {
      "name": "Fat",
      "amount": 3.5
    },
    {
      "name": "Alcohol",
      "amount": 0.0
    },
    {
      "name": "Caffeine",
      "amount": 0.0
    },
    {
      "name": "Water",
      "amount": 87.38
    },
    {
      "name": "Ash",
      "amount": 0.48
    },
    {
      "name": "Calcium",
      "amount": 62.0
    },
    {
      "name": "Copper",
      "amount": 0.05
    },
    {
      "name": "Iron",
      "amount": 1.18
    },
    {
      "name": "Magnesium",
      "amount": 7.0
    },
    {
      "name": "Phosphorus",
      "amount": 42.0
    },
    {
      "name": "Potassium",
      "amount": 72.0
    },
    {
      "name": "Selenium",
      "amount": 1.8
    },
    {
      "name": "Sodium",
      "amount": 31.0
    },
    {
      "name": "Zinc",
      "amount": 0.66
    },
    {
      "name": "Vitamin A",
      "amount": 194.0
    },
    {
      "name": "Retinol",
      "amount": 59.0
    },
    {
      "name": "Alpha-carotene",
      "amount": 0.0
    },
    {
      "name": "Beta-carotene",
      "amount": 0.0
    },
    {
      "name": "Beta-cryptoxanthin",
      "amount": 0.0
    },
    {
      "name": "Lycopene",
      "amount": 0.0
    },
    {
      "name": "Lutein+Zeaxanthin",
      "amount": 0.0
    },
    {
      "name": "Folate",
      "amount": 11.0
    },
    {
      "name": "B1 (Thiamine)",
      "amount": 0.052
    },
    {
      "name": "B2 (Riboflavin)",
      "amount": 0.059
    },
    {
      "name": "B3 (Niacin)",
      "amount": 0.66
    },
    {
      "name": "B6 (Pyridoxine)",
      "amount": 0.04
    },
    {
      "name": "B12 (Cyanocobalamin)",
      "amount": 0.19
    },
    {
      "name": "Vitamin C",
      "amount": 7.9
    },
    {
      "name": "Vitamin D",
      "amount": 33.0
    },
    {
      "name": "Vitamin E",
      "amount": 0.87
    },
    {
      "name": "Vitamin K",
      "amount": 5.2
    },
    {
      "name": "Choline",
      "amount": 8.2
    },
    {
      "name": "Saturated",
      "amount": 1.364
    },
    {
      "name": "Monounsaturated",
      "amount": 1.206
    },
    {
      "name": "Polyunsaturated",
      "amount": 0.617
    },
    {
      "name": "Omega-3",
      "amount": 0.056
    },
    {
      "name": "Omega-6",
      "amount": 0.561
    },
    {
      "name": "Cholesterol",
      "amount": 0.0
    }
  ],
  "foodSource": "usda",
  "foodType": "deprecated"
}