{
  "name": "Child formula, MEAD JOHNSON, PORTAGEN, with iron, powder, not reconstituted",
  "sourceUID": 3819,
  "legacyUID": 3819,
  "pCF": 4.0,
  "cCF": 4.0,
  "lCF": 9.0,
  "comments": [],
  "measures": [
    {
      "grams": 1.0,
      "amount": 1.0,
      "description": "g"
    },
    {
      "grams": 9.4,
      "amount": 1.0,
      "description": "scoop"
    }
  ],
  "nutrients": [
    {
      "name": "Energy",
      "amount": 483.0
    },
    {
      "name": "Protein",
      "amount": 16.5
    },
    {
      "name": "Carbs",
      "amount": 54.8
    },
    {
      "name": "Fiber",
      "amount": 0.0
    },
    {
      "name": "Sugars",
      "amount": 54.0
    },
    {
      "name": "Fat",
      "amount": 22.0
    },
    {
      "name": "Alcohol",
      "amount": 0.0
    },
    {
      "name": "Caffeine",
      "amount": 0.0
    },
    {
      "name": "Water",
      "amount": 3.0
    },
    {
      "name": "Ash",
      "amount": 3.7
    },
    {
      "name": "Calcium",
      "amount": 440.0
    },
    {
      "name": "Copper",
      "amount": 0.74
    },
    {
      "name": "Iron",
      "amount": 8.8
    },
    {
      "name": "Magnesium",
      "amount": 98.0
    },
    {
      "name": "Phosphorus",
      "amount": 330.0
    },
    {
      "name": "Potassium",
      "amount": 590.0
    },
    {
      "name": "Selenium",
      "amount": 0.0
    },
    {
      "name": "Sodium",
      "amount": 260.0
    },
    {
      "name": "Zinc",
      "amount": 4.4
    },
    {
      "name": "Vitamin A",
      "amount": 3700.0
    },
    {
      "name": "Retinol",
      "amount": 1110.0
    },
    {
      "name": "Alpha-carotene",
      "amount": 0.0
    },
    {
      "name": "Beta-carotene",
      "amount": 0.0
    },
    {
      "name": "Beta-cryptoxanthin",
      "amount": 0.0
    },
    {
      "name": "Lycopene",
      "amount": 0.0
    },
    {
      "name": "Lutein+Zeaxanthin",
      "amount": 0.0
    },
    {
      "name": "Folate",
      "amount": 74.0
    },
    {
      "name": "B1 (Thiamine)",
      "amount": 0.74
    },
    {
      "name": "B2 (Riboflavin)",
      "amount": 0.88
    },
    {
      "name": "B3 (Niacin)",
      "amount": 9.8
    },
    {
      "name": "B6 (Pyridoxine)",
      "amount": 0.98
    },
    {
      "name": "B12 (Cyanocobalamin)",
      "amount": 2.9
    },
    {
      "name": "Vitamin C",
      "amount": 38.0
    },
    {
      "name": "Vitamin D",
      "amount": 370.0
    },
    {
      "name": "Vitamin E",
      "amount": 9.8
    },
    {
      "name": "Vitamin K",
      "amount": 74.0
    },
    {
      "name": "Choline",
      "amount": 61.0
    },
    {
      "name": "Saturated",
      "amount": 19.186
    },
    {
      "name": "Monounsaturated",
      "amount": 0.683
    },
    {
      "name": "Polyunsaturated",
      "amount": 1.609
    },
    {
      "name": "Omega-3",
      "amount": 0.039
    },
    {
      "name": "Omega-6",
      "amount": 1.57
    },
    {
      "name": "Cholesterol",
      "amount": 4.0
    }
  ],
  "foodSource": "usda",
  "foodType": "deprecated"
}