{
  "name": "Infant formula, MEAD JOHNSON, PROSOBEE, with iron, liquid concentrate, not reconstituted",
  "sourceUID": 3824,
  "legacyUID": 3824,
  "pCF": 4.0,
  "cCF": 4.0,
  "lCF": 9.0,
  "comments": [],
  "measures": [
    {
      "grams": 1.0,
      "amount": 1.0,
      "description": "g"
    },
    {
      "grams": 30.8,
      "amount": 1.0,
      "description": "fl oz"
    }
  ],
  "nutrients": [
    {
      "name": "Energy",
      "amount": 131.0
    },
    {
      "name": "Protein",
      "amount": 3.19
    },
    {
      "name": "Carbs",
      "amount": 13.58
    },
    {
      "name": "Fiber",
      "amount": 0.0
    },
    {
      "name": "Sugars",
      "amount": 13.58
    },
    {
      "name": "Fat",
      "amount": 7.13
    },
    {
      "name": "Alcohol",
      "amount": 0.0
    },
    {
      "name": "Caffeine",
      "amount": 0.0
    },
    {
      "name": "Water",
      "amount": 75.47
    },
    {
      "name": "Ash",
      "amount": 0.77
    },
    {
      "name": "Calcium",
      "amount": 134.0
    },
    {
      "name": "Copper",
      "amount": 0.096
    },
    {
      "name": "Iron",
      "amount": 2.3
    },
    {
      "name": "Magnesium",
      "amount": 14.0
    },
    {
      "name": "Phosphorus",
      "amount": 106.0
    },
    {
      "name": "Potassium",
      "amount": 153.0
    },
    {
      "name": "Selenium",
      "amount": 3.6
    },
    {
      "name": "Sodium",
      "amount": 45.0
    },
    {
      "name": "Zinc",
      "amount": 1.53
    },
    {
      "name": "Vitamin A",
      "amount": 377.0
    },
    {
      "name": "Retinol",
      "amount": 113.0
    },
    {
      "name": "Alpha-carotene",
      "amount": 0.0
    },
    {
      "name": "Beta-carotene",
      "amount": 0.0
    },
    {
      "name": "Beta-cryptoxanthin",
      "amount": 0.0
    },
    {
      "name": "Lycopene",
      "amount": 0.0
    },
    {
      "name": "Lutein+Zeaxanthin",
      "amount": 0.0
    },
    {
      "name": "Folate",
      "amount": 20.0
    },
    {
      "name": "B1 (Thiamine)",
      "amount": 0.102
    },
    {
      "name": "B2 (Riboflavin)",
      "amount": 0.115
    },
    {
      "name": "B3 (Niacin)",
      "amount": 1.28
    },
    {
      "name": "B6 (Pyridoxine)",
      "amount": 0.077
    },
    {
      "name": "B12 (Cyanocobalamin)",
      "amount": 0.38
    },
    {
      "name": "Vitamin C",
      "amount": 15.3
    },
    {
      "name": "Vitamin D",
      "amount": 77.0
    },
    {
      "name": "Vitamin E",
      "amount": 1.7
    },
    {
      "name": "Vitamin K",
      "amount": 10.2
    },
    {
      "name": "Choline",
      "amount": 16.8
    },
    {
      "name": "Saturated",
      "amount": 3.038
    },
    {
      "name": "Monounsaturated",
      "amount": 2.72
    },
    {
      "name": "Polyunsaturated",
      "amount": 1.371
    },
    {
      "name": "Omega-3",
      "amount": 0.12
    },
    {
      "name": "Omega-6",
      "amount": 1.251
    },
    {
      "name": "Cholesterol",
      "amount": 0.0
    }
  ],
  "foodSource": "usda",
  "foodType": "deprecated"
}