{
  "name": "Infant formula, MEAD JOHNSON, ENFAMIL, LACTOFREE LIPIL, with iron, powder, with ARA and DHA",
  "sourceUID": 3827,
  "legacyUID": 3827,
  "pCF": 4.0,
  "cCF": 4.0,
  "lCF": 9.0,
  "comments": [],
  "measures": [
    {
      "grams": 1.0,
      "amount": 1.0,
      "description": "g"
    },
    {
      "grams": 8.5,
      "amount": 1.0,
      "description": "scoop"
    }
  ],
  "nutrients": [
    {
      "name": "Energy",
      "amount": 521.0
    },
    {
      "name": "Protein",
      "amount": 10.9
    },
    {
      "name": "Carbs",
      "amount": 56.3
    },
    {
      "name": "Fiber",
      "amount": 0.0
    },
    {
      "name": "Sugars",
      "amount": 54.77
    },
    {
      "name": "Fat",
      "amount": 28.0
    },
    {
      "name": "Alcohol",
      "amount": 0.0
    },
    {
      "name": "Caffeine",
      "amount": 0.0
    },
    {
      "name": "Water",
      "amount": 2.2
    },
    {
      "name": "Ash",
      "amount": 2.6
    },
    {
      "name": "Calcium",
      "amount": 430.0
    },
    {
      "name": "Copper",
      "amount": 0.39
    },
    {
      "name": "Iron",
      "amount": 9.4
    },
    {
      "name": "Magnesium",
      "amount": 42.0
    },
    {
      "name": "Phosphorus",
      "amount": 290.0
    },
    {
      "name": "Potassium",
      "amount": 570.0
    },
    {
      "name": "Selenium",
      "amount": 14.6
    },
    {
      "name": "Sodium",
      "amount": 156.0
    },
    {
      "name": "Zinc",
      "amount": 5.2
    },
    {
      "name": "Vitamin A",
      "amount": 1567.0
    },
    {
      "name": "Retinol",
      "amount": 470.0
    },
    {
      "name": "Alpha-carotene",
      "amount": 0.0
    },
    {
      "name": "Beta-carotene",
      "amount": 0.0
    },
    {
      "name": "Beta-cryptoxanthin",
      "amount": 0.0
    },
    {
      "name": "Lycopene",
      "amount": 0.0
    },
    {
      "name": "Lutein+Zeaxanthin",
      "amount": 0.0
    },
    {
      "name": "Folate",
      "amount": 83.0
    },
    {
      "name": "B1 (Thiamine)",
      "amount": 0.42
    },
    {
      "name": "B2 (Riboflavin)",
      "amount": 0.73
    },
    {
      "name": "B3 (Niacin)",
      "amount": 5.2
    },
    {
      "name": "B6 (Pyridoxine)",
      "amount": 0.31
    },
    {
      "name": "B12 (Cyanocobalamin)",
      "amount": 1.56
    },
    {
      "name": "Vitamin C",
      "amount": 62.0
    },
    {
      "name": "Vitamin D",
      "amount": 310.0
    },
    {
      "name": "Vitamin E",
      "amount": 4.7
    },
    {
      "name": "Vitamin K",
      "amount": 42.0
    },
    {
      "name": "Choline",
      "amount": 60.0
    },
    {
      "name": "Saturated",
      "amount": 11.9
    },
    {
      "name": "Monounsaturated",
      "amount": 10.4
    },
    {
      "name": "Polyunsaturated",
      "amount": 5.5
    },
    {
      "name": "Omega-3",
      "amount": 0.55
    },
    {
      "name": "Omega-6",
      "amount": 4.8
    },
    {
      "name": "Cholesterol",
      "amount": 7.0
    }
  ],
  "foodSource": "usda",
  "foodType": "deprecated"
}