{
  "name": "Child formula, MEAD JOHNSON, PORTAGEN, with iron, prepared from powder",
  "sourceUID": 3820,
  "legacyUID": 3820,
  "pCF": 4.0,
  "cCF": 4.0,
  "lCF": 9.0,
  "comments": [],
  "measures": [
    {
      "grams": 1.0,
      "amount": 1.0,
      "description": "g"
    },
    {
      "grams": 31.0,
      "amount": 1.0,
      "description": "fl oz"
    }
  ],
  "nutrients": [
    {
      "name": "Energy",
      "amount": 88.0
    },
    {
      "name": "Protein",
      "amount": 3.33
    },
    {
      "name": "Carbs",
      "amount": 8.57
    },
    {
      "name": "Fiber",
      "amount": 0.0
    },
    {
      "name": "Sugars",
      "amount": 7.4
    },
    {
      "name": "Fat",
      "amount": 4.48
    },
    {
      "name": "Alcohol",
      "amount": 0.0
    },
    {
      "name": "Caffeine",
      "amount": 0.0
    },
    {
      "name": "Water",
      "amount": 82.86
    },
    {
      "name": "Ash",
      "amount": 0.76
    },
    {
      "name": "Calcium",
      "amount": 88.0
    },
    {
      "name": "Copper",
      "amount": 0.148
    },
    {
      "name": "Iron",
      "amount": 1.75
    },
    {
      "name": "Magnesium",
      "amount": 19.0
    },
    {
      "name": "Phosphorus",
      "amount": 66.0
    },
    {
      "name": "Potassium",
      "amount": 118.0
    },
    {
      "name": "Selenium",
      "amount": 0.0
    },
    {
      "name": "Sodium",
      "amount": 52.0
    },
    {
      "name": "Zinc",
      "amount": 0.88
    },
    {
      "name": "Vitamin A",
      "amount": 740.0
    },
    {
      "name": "Retinol",
      "amount": 222.0
    },
    {
      "name": "Alpha-carotene",
      "amount": 0.0
    },
    {
      "name": "Beta-carotene",
      "amount": 0.0
    },
    {
      "name": "Beta-cryptoxanthin",
      "amount": 0.0
    },
    {
      "name": "Lycopene",
      "amount": 0.0
    },
    {
      "name": "Lutein+Zeaxanthin",
      "amount": 0.0
    },
    {
      "name": "Folate",
      "amount": 15.0
    },
    {
      "name": "B1 (Thiamine)",
      "amount": 0.148
    },
    {
      "name": "B2 (Riboflavin)",
      "amount": 0.176
    },
    {
      "name": "B3 (Niacin)",
      "amount": 1.944
    },
    {
      "name": "B6 (Pyridoxine)",
      "amount": 0.194
    },
    {
      "name": "B12 (Cyanocobalamin)",
      "amount": 0.57
    },
    {
      "name": "Vitamin C",
      "amount": 7.6
    },
    {
      "name": "Vitamin D",
      "amount": 65.0
    },
    {
      "name": "Vitamin E",
      "amount": 2.0
    },
    {
      "name": "Vitamin K",
      "amount": 15.1
    },
    {
      "name": "Choline",
      "amount": 11.3
    },
    {
      "name": "Saturated",
      "amount": 3.953
    },
    {
      "name": "Monounsaturated",
      "amount": 0.143
    },
    {
      "name": "Polyunsaturated",
      "amount": 0.333
    },
    {
      "name": "Omega-3",
      "amount": 0.009
    },
    {
      "name": "Omega-6",
      "amount": 0.324
    },
    {
      "name": "Cholesterol",
      "amount": 1.0
    }
  ],
  "foodSource": "usda",
  "foodType": "deprecated"
}