{
  "name": "Infant formula, MEAD JOHNSON, ENFAMIL, PROSOBEE, with iron, powder, not reconstituted",
  "sourceUID": 3826,
  "legacyUID": 3826,
  "pCF": 4.0,
  "cCF": 4.0,
  "lCF": 9.0,
  "comments": [],
  "measures": [
    {
      "grams": 1.0,
      "amount": 1.0,
      "description": "g"
    },
    {
      "grams": 8.8,
      "amount": 1.0,
      "description": "scoop"
    }
  ],
  "nutrients": [
    {
      "name": "Energy",
      "amount": 510.0
    },
    {
      "name": "Protein",
      "amount": 12.5
    },
    {
      "name": "Carbs",
      "amount": 54.3
    },
    {
      "name": "Fiber",
      "amount": 0.0
    },
    {
      "name": "Starch",
      "amount": 0.0
    },
    {
      "name": "Sugars",
      "amount": 53.0
    },
    {
      "name": "Fat",
      "amount": 27.0
    },
    {
      "name": "Alcohol",
      "amount": 0.0
    },
    {
      "name": "Caffeine",
      "amount": 0.0
    },
    {
      "name": "Water",
      "amount": 3.0
    },
    {
      "name": "Ash",
      "amount": 3.2
    },
    {
      "name": "Calcium",
      "amount": 530.0
    },
    {
      "name": "Copper",
      "amount": 0.38
    },
    {
      "name": "Iron",
      "amount": 9.0
    },
    {
      "name": "Magnesium",
      "amount": 55.0
    },
    {
      "name": "Phosphorus",
      "amount": 420.0
    },
    {
      "name": "Potassium",
      "amount": 600.0
    },
    {
      "name": "Selenium",
      "amount": 14.0
    },
    {
      "name": "Sodium",
      "amount": 180.0
    },
    {
      "name": "Zinc",
      "amount": 6.0
    },
    {
      "name": "Vitamin A",
      "amount": 1500.0
    },
    {
      "name": "Retinol",
      "amount": 450.0
    },
    {
      "name": "Alpha-carotene",
      "amount": 0.0
    },
    {
      "name": "Beta-carotene",
      "amount": 0.0
    },
    {
      "name": "Beta-cryptoxanthin",
      "amount": 0.0
    },
    {
      "name": "Lycopene",
      "amount": 0.0
    },
    {
      "name": "Lutein+Zeaxanthin",
      "amount": 0.0
    },
    {
      "name": "Folate",
      "amount": 80.0
    },
    {
      "name": "B1 (Thiamine)",
      "amount": 0.4
    },
    {
      "name": "B2 (Riboflavin)",
      "amount": 0.45
    },
    {
      "name": "B3 (Niacin)",
      "amount": 5.0
    },
    {
      "name": "B6 (Pyridoxine)",
      "amount": 0.3
    },
    {
      "name": "B12 (Cyanocobalamin)",
      "amount": 1.5
    },
    {
      "name": "Vitamin C",
      "amount": 60.0
    },
    {
      "name": "Vitamin D",
      "amount": 300.0
    },
    {
      "name": "Vitamin E",
      "amount": 6.7
    },
    {
      "name": "Vitamin K",
      "amount": 40.0
    },
    {
      "name": "Choline",
      "amount": 61.0
    },
    {
      "name": "Saturated",
      "amount": 11.37
    },
    {
      "name": "Monounsaturated",
      "amount": 10.32
    },
    {
      "name": "Polyunsaturated",
      "amount": 5.2
    },
    {
      "name": "Omega-3",
      "amount": 0.45
    },
    {
      "name": "Omega-6",
      "amount": 4.7
    },
    {
      "name": "Cholesterol",
      "amount": 0.0
    }
  ],
  "foodSource": "usda",
  "foodType": "deprecated"
}