{
  "name": "Infant formula, MEAD JOHNSON,  low iron, powder, not reconstituted",
  "sourceUID": 3835,
  "legacyUID": 3835,
  "pCF": 4.0,
  "cCF": 4.0,
  "lCF": 9.0,
  "comments": [],
  "measures": [
    {
      "grams": 1.0,
      "amount": 1.0,
      "description": "g"
    },
    {
      "grams": 8.5,
      "amount": 1.0,
      "description": "scoop"
    }
  ],
  "nutrients": [
    {
      "name": "Energy",
      "amount": 520.0
    },
    {
      "name": "Protein",
      "amount": 10.9
    },
    {
      "name": "Carbs",
      "amount": 57.0
    },
    {
      "name": "Fat",
      "amount": 28.0
    },
    {
      "name": "Water",
      "amount": 2.1
    },
    {
      "name": "Ash",
      "amount": 2.8
    },
    {
      "name": "Calcium",
      "amount": 410.0
    },
    {
      "name": "Copper",
      "amount": 0.39
    },
    {
      "name": "Iron",
      "amount": 3.6
    },
    {
      "name": "Magnesium",
      "amount": 42.0
    },
    {
      "name": "Phosphorus",
      "amount": 280.0
    },
    {
      "name": "Potassium",
      "amount": 560.0
    },
    {
      "name": "Selenium",
      "amount": 14.6
    },
    {
      "name": "Sodium",
      "amount": 156.0
    },
    {
      "name": "Zinc",
      "amount": 5.2
    },
    {
      "name": "Vitamin A",
      "amount": 1560.0
    },
    {
      "name": "Retinol",
      "amount": 468.0
    },
    {
      "name": "Folate",
      "amount": 83.0
    },
    {
      "name": "B1 (Thiamine)",
      "amount": 0.42
    },
    {
      "name": "B2 (Riboflavin)",
      "amount": 0.73
    },
    {
      "name": "B3 (Niacin)",
      "amount": 5.2
    },
    {
      "name": "B6 (Pyridoxine)",
      "amount": 0.31
    },
    {
      "name": "B12 (Cyanocobalamin)",
      "amount": 1.56
    },
    {
      "name": "Vitamin C",
      "amount": 62.0
    },
    {
      "name": "Saturated",
      "amount": 11.97
    },
    {
      "name": "Monounsaturated",
      "amount": 10.63
    },
    {
      "name": "Polyunsaturated",
      "amount": 5.3
    },
    {
      "name": "Omega-3",
      "amount": 0.5
    },
    {
      "name": "Omega-6",
      "amount": 4.8
    },
    {
      "name": "Cholesterol",
      "amount": 5.0
    }
  ],
  "foodSource": "usda",
  "foodType": "deprecated"
}