{
  "name": "Infant formula, ABBOTT NUTRITION, SIMILAC, NATURAL CARE, ADVANCE, ready-to-feed, with ARA and DHA",
  "sourceUID": 3839,
  "legacyUID": 3839,
  "pCF": 4.0,
  "cCF": 4.0,
  "lCF": 9.0,
  "comments": [],
  "measures": [
    {
      "grams": 1.0,
      "amount": 1.0,
      "description": "g"
    },
    {
      "grams": 30.5,
      "amount": 1.0,
      "description": "fl oz"
    }
  ],
  "nutrients": [
    {
      "name": "Energy",
      "amount": 78.0
    },
    {
      "name": "Protein",
      "amount": 2.12
    },
    {
      "name": "Carbs",
      "amount": 8.2
    },
    {
      "name": "Fiber",
      "amount": 0.0
    },
    {
      "name": "Sugars",
      "amount": 8.2
    },
    {
      "name": "Fat",
      "amount": 4.24
    },
    {
      "name": "Alcohol",
      "amount": 0.0
    },
    {
      "name": "Caffeine",
      "amount": 0.0
    },
    {
      "name": "Water",
      "amount": 85.07
    },
    {
      "name": "Ash",
      "amount": 0.75
    },
    {
      "name": "Calcium",
      "amount": 163.0
    },
    {
      "name": "Copper",
      "amount": 0.195
    },
    {
      "name": "Iron",
      "amount": 0.29
    },
    {
      "name": "Magnesium",
      "amount": 9.0
    },
    {
      "name": "Manganese",
      "amount": 0.009
    },
    {
      "name": "Phosphorus",
      "amount": 91.0
    },
    {
      "name": "Potassium",
      "amount": 101.0
    },
    {
      "name": "Selenium",
      "amount": 1.4
    },
    {
      "name": "Sodium",
      "amount": 34.0
    },
    {
      "name": "Zinc",
      "amount": 1.17
    },
    {
      "name": "Vitamin A",
      "amount": 973.0
    },
    {
      "name": "Retinol",
      "amount": 292.0
    },
    {
      "name": "Alpha-carotene",
      "amount": 0.0
    },
    {
      "name": "Beta-carotene",
      "amount": 0.0
    },
    {
      "name": "Beta-cryptoxanthin",
      "amount": 0.0
    },
    {
      "name": "Lycopene",
      "amount": 0.0
    },
    {
      "name": "Lutein+Zeaxanthin",
      "amount": 0.0
    },
    {
      "name": "Folate",
      "amount": 29.0
    },
    {
      "name": "B1 (Thiamine)",
      "amount": 0.195
    },
    {
      "name": "B2 (Riboflavin)",
      "amount": 0.484
    },
    {
      "name": "B3 (Niacin)",
      "amount": 3.902
    },
    {
      "name": "B5 (Pantothenic Acid)",
      "amount": 1.483
    },
    {
      "name": "B6 (Pyridoxine)",
      "amount": 0.195
    },
    {
      "name": "B12 (Cyanocobalamin)",
      "amount": 0.43
    },
    {
      "name": "Vitamin C",
      "amount": 28.9
    },
    {
      "name": "Vitamin D",
      "amount": 117.0
    },
    {
      "name": "Vitamin E",
      "amount": 2.09
    },
    {
      "name": "Vitamin K",
      "amount": 9.4
    },
    {
      "name": "Choline",
      "amount": 6.0
    },
    {
      "name": "Saturated",
      "amount": 2.544
    },
    {
      "name": "Monounsaturated",
      "amount": 0.402
    },
    {
      "name": "Polyunsaturated",
      "amount": 0.842
    },
    {
      "name": "Omega-3",
      "amount": 0.095
    },
    {
      "name": "Omega-6",
      "amount": 0.758
    },
    {
      "name": "Cholesterol",
      "amount": 2.0
    }
  ],
  "foodSource": "usda",
  "foodType": "deprecated"
}