{
  "name": "Infant formula, ABBOTT NUTRITION, SIMILAC, SPECIAL CARE, ADVANCE 24, with iron, ready-to-feed, with ARA and DHA",
  "sourceUID": 3840,
  "legacyUID": 3840,
  "pCF": 4.0,
  "cCF": 4.0,
  "lCF": 9.0,
  "comments": [],
  "measures": [
    {
      "grams": 1.0,
      "amount": 1.0,
      "description": "g"
    },
    {
      "grams": 30.8,
      "amount": 1.0,
      "description": "fl oz"
    }
  ],
  "nutrients": [
    {
      "name": "Energy",
      "amount": 71.0
    },
    {
      "name": "Protein",
      "amount": 1.8
    },
    {
      "name": "Carbs",
      "amount": 8.73
    },
    {
      "name": "Fiber",
      "amount": 0.0
    },
    {
      "name": "Sugars",
      "amount": 8.3
    },
    {
      "name": "Fat",
      "amount": 3.26
    },
    {
      "name": "Alcohol",
      "amount": 0.0
    },
    {
      "name": "Caffeine",
      "amount": 0.0
    },
    {
      "name": "Water",
      "amount": 85.61
    },
    {
      "name": "Ash",
      "amount": 0.6
    },
    {
      "name": "Calcium",
      "amount": 141.0
    },
    {
      "name": "Copper",
      "amount": 0.196
    },
    {
      "name": "Iron",
      "amount": 1.41
    },
    {
      "name": "Magnesium",
      "amount": 9.0
    },
    {
      "name": "Manganese",
      "amount": 0.009
    },
    {
      "name": "Phosphorus",
      "amount": 79.0
    },
    {
      "name": "Potassium",
      "amount": 101.0
    },
    {
      "name": "Selenium",
      "amount": 1.4
    },
    {
      "name": "Sodium",
      "amount": 34.0
    },
    {
      "name": "Zinc",
      "amount": 1.18
    },
    {
      "name": "Vitamin A",
      "amount": 982.0
    },
    {
      "name": "Retinol",
      "amount": 294.0
    },
    {
      "name": "Alpha-carotene",
      "amount": 0.0
    },
    {
      "name": "Beta-carotene",
      "amount": 0.0
    },
    {
      "name": "Beta-cryptoxanthin",
      "amount": 0.0
    },
    {
      "name": "Lycopene",
      "amount": 0.0
    },
    {
      "name": "Lutein+Zeaxanthin",
      "amount": 0.0
    },
    {
      "name": "Folate",
      "amount": 29.0
    },
    {
      "name": "B1 (Thiamine)",
      "amount": 0.196
    },
    {
      "name": "B2 (Riboflavin)",
      "amount": 0.487
    },
    {
      "name": "B3 (Niacin)",
      "amount": 3.927
    },
    {
      "name": "B5 (Pantothenic Acid)",
      "amount": 1.492
    },
    {
      "name": "B6 (Pyridoxine)",
      "amount": 0.196
    },
    {
      "name": "B12 (Cyanocobalamin)",
      "amount": 0.43
    },
    {
      "name": "Vitamin C",
      "amount": 29.1
    },
    {
      "name": "Vitamin D",
      "amount": 106.0
    },
    {
      "name": "Vitamin E",
      "amount": 2.11
    },
    {
      "name": "Vitamin K",
      "amount": 9.4
    },
    {
      "name": "Choline",
      "amount": 7.0
    },
    {
      "name": "Saturated",
      "amount": 2.12
    },
    {
      "name": "Monounsaturated",
      "amount": 0.324
    },
    {
      "name": "Polyunsaturated",
      "amount": 0.737
    },
    {
      "name": "Omega-3",
      "amount": 0.08099999999999999
    },
    {
      "name": "Omega-6",
      "amount": 0.641
    },
    {
      "name": "Cholesterol",
      "amount": 2.0
    }
  ],
  "foodSource": "usda",
  "foodType": "deprecated"
}