{
  "name": "Infant formula, ABBOTT NUTRITION, SIMILAC, low iron, liquid concentrate, not reconstituted",
  "sourceUID": 3856,
  "legacyUID": 3856,
  "pCF": 4.0,
  "cCF": 4.0,
  "lCF": 9.0,
  "comments": [],
  "measures": [
    {
      "grams": 1.0,
      "amount": 1.0,
      "description": "g"
    },
    {
      "grams": 31.4,
      "amount": 1.0,
      "description": "fl oz"
    }
  ],
  "nutrients": [
    {
      "name": "Energy",
      "amount": 127.0
    },
    {
      "name": "Protein",
      "amount": 2.64
    },
    {
      "name": "Carbs",
      "amount": 13.76
    },
    {
      "name": "Fiber",
      "amount": 0.0
    },
    {
      "name": "Sugars",
      "amount": 13.76
    },
    {
      "name": "Fat",
      "amount": 6.89
    },
    {
      "name": "Alcohol",
      "amount": 0.0
    },
    {
      "name": "Caffeine",
      "amount": 0.0
    },
    {
      "name": "Water",
      "amount": 76.16
    },
    {
      "name": "Ash",
      "amount": 0.79
    },
    {
      "name": "Calcium",
      "amount": 99.0
    },
    {
      "name": "Copper",
      "amount": 0.115
    },
    {
      "name": "Iron",
      "amount": 0.89
    },
    {
      "name": "Magnesium",
      "amount": 8.0
    },
    {
      "name": "Manganese",
      "amount": 0.006
    },
    {
      "name": "Phosphorus",
      "amount": 54.0
    },
    {
      "name": "Potassium",
      "amount": 134.0
    },
    {
      "name": "Selenium",
      "amount": 2.8
    },
    {
      "name": "Sodium",
      "amount": 31.0
    },
    {
      "name": "Zinc",
      "amount": 0.96
    },
    {
      "name": "Vitamin A",
      "amount": 382.0
    },
    {
      "name": "Retinol",
      "amount": 114.0
    },
    {
      "name": "Alpha-carotene",
      "amount": 0.0
    },
    {
      "name": "Beta-carotene",
      "amount": 0.0
    },
    {
      "name": "Beta-cryptoxanthin",
      "amount": 0.0
    },
    {
      "name": "Lycopene",
      "amount": 0.0
    },
    {
      "name": "Lutein+Zeaxanthin",
      "amount": 0.0
    },
    {
      "name": "Folate",
      "amount": 19.0
    },
    {
      "name": "B1 (Thiamine)",
      "amount": 0.127
    },
    {
      "name": "B2 (Riboflavin)",
      "amount": 0.191
    },
    {
      "name": "B3 (Niacin)",
      "amount": 1.339
    },
    {
      "name": "B5 (Pantothenic Acid)",
      "amount": 0.579
    },
    {
      "name": "B6 (Pyridoxine)",
      "amount": 0.076
    },
    {
      "name": "B12 (Cyanocobalamin)",
      "amount": 0.32
    },
    {
      "name": "Vitamin C",
      "amount": 11.5
    },
    {
      "name": "Vitamin D",
      "amount": 76.0
    },
    {
      "name": "Vitamin E",
      "amount": 1.28
    },
    {
      "name": "Vitamin K",
      "amount": 10.2
    },
    {
      "name": "Choline",
      "amount": 21.6
    },
    {
      "name": "Saturated",
      "amount": 2.401
    },
    {
      "name": "Monounsaturated",
      "amount": 2.551
    },
    {
      "name": "Polyunsaturated",
      "amount": 1.555
    },
    {
      "name": "Omega-3",
      "amount": 0.15
    },
    {
      "name": "Omega-6",
      "amount": 1.405
    },
    {
      "name": "Cholesterol",
      "amount": 3.0
    }
  ],
  "foodSource": "usda",
  "foodType": "deprecated"
}