{
  "name": "Infant formula, ABBOTT NUTRITION, SIMILAC, low iron, powder, not reconstituted",
  "sourceUID": 3858,
  "legacyUID": 3858,
  "pCF": 4.0,
  "cCF": 4.0,
  "lCF": 9.0,
  "comments": [],
  "measures": [
    {
      "grams": 1.0,
      "amount": 1.0,
      "description": "g"
    },
    {
      "grams": 8.7,
      "amount": 1.0,
      "description": "scoop"
    }
  ],
  "nutrients": [
    {
      "name": "Energy",
      "amount": 522.0
    },
    {
      "name": "Protein",
      "amount": 10.85
    },
    {
      "name": "Carbs",
      "amount": 54.78
    },
    {
      "name": "Fiber",
      "amount": 0.0
    },
    {
      "name": "Sugars",
      "amount": 54.7
    },
    {
      "name": "Fat",
      "amount": 28.87
    },
    {
      "name": "Alcohol",
      "amount": 0.0
    },
    {
      "name": "Caffeine",
      "amount": 0.0
    },
    {
      "name": "Water",
      "amount": 2.25
    },
    {
      "name": "Ash",
      "amount": 3.25
    },
    {
      "name": "Calcium",
      "amount": 410.0
    },
    {
      "name": "Copper",
      "amount": 0.473
    },
    {
      "name": "Iron",
      "amount": 3.68
    },
    {
      "name": "Magnesium",
      "amount": 32.0
    },
    {
      "name": "Manganese",
      "amount": 0.026
    },
    {
      "name": "Phosphorus",
      "amount": 221.0
    },
    {
      "name": "Potassium",
      "amount": 552.0
    },
    {
      "name": "Selenium",
      "amount": 11.6
    },
    {
      "name": "Sodium",
      "amount": 126.0
    },
    {
      "name": "Zinc",
      "amount": 3.94
    },
    {
      "name": "Vitamin A",
      "amount": 1578.0
    },
    {
      "name": "Retinol",
      "amount": 473.0
    },
    {
      "name": "Alpha-carotene",
      "amount": 0.0
    },
    {
      "name": "Beta-carotene",
      "amount": 0.0
    },
    {
      "name": "Beta-cryptoxanthin",
      "amount": 0.0
    },
    {
      "name": "Lycopene",
      "amount": 0.0
    },
    {
      "name": "Lutein+Zeaxanthin",
      "amount": 0.0
    },
    {
      "name": "Folate",
      "amount": 79.0
    },
    {
      "name": "B1 (Thiamine)",
      "amount": 0.526
    },
    {
      "name": "B2 (Riboflavin)",
      "amount": 0.789
    },
    {
      "name": "B3 (Niacin)",
      "amount": 5.522
    },
    {
      "name": "B5 (Pantothenic Acid)",
      "amount": 2.367
    },
    {
      "name": "B6 (Pyridoxine)",
      "amount": 0.316
    },
    {
      "name": "B12 (Cyanocobalamin)",
      "amount": 1.32
    },
    {
      "name": "Vitamin C",
      "amount": 47.3
    },
    {
      "name": "Vitamin D",
      "amount": 316.0
    },
    {
      "name": "Vitamin E",
      "amount": 5.29
    },
    {
      "name": "Vitamin K",
      "amount": 42.1
    },
    {
      "name": "Choline",
      "amount": 88.9
    },
    {
      "name": "Saturated",
      "amount": 9.873
    },
    {
      "name": "Monounsaturated",
      "amount": 10.491
    },
    {
      "name": "Polyunsaturated",
      "amount": 6.396
    },
    {
      "name": "Omega-3",
      "amount": 0.618
    },
    {
      "name": "Omega-6",
      "amount": 5.778
    },
    {
      "name": "Cholesterol",
      "amount": 14.0
    }
  ],
  "foodSource": "usda",
  "foodType": "deprecated"
}