{
  "name": "Infant formula, ABBOTT NUTRITION, SIMILAC, with iron, ready-to-feed",
  "sourceUID": 3850,
  "legacyUID": 3850,
  "pCF": 4.0,
  "cCF": 4.0,
  "lCF": 9.0,
  "comments": [],
  "measures": [
    {
      "grams": 1.0,
      "amount": 1.0,
      "description": "g"
    },
    {
      "grams": 30.4,
      "amount": 1.0,
      "description": "fl oz"
    }
  ],
  "nutrients": [
    {
      "name": "Energy",
      "amount": 65.0
    },
    {
      "name": "Protein",
      "amount": 1.36
    },
    {
      "name": "Carbs",
      "amount": 6.92
    },
    {
      "name": "Fiber",
      "amount": 0.0
    },
    {
      "name": "Sugars",
      "amount": 6.9
    },
    {
      "name": "Fat",
      "amount": 3.55
    },
    {
      "name": "Alcohol",
      "amount": 0.0
    },
    {
      "name": "Caffeine",
      "amount": 0.0
    },
    {
      "name": "Water",
      "amount": 87.79
    },
    {
      "name": "Ash",
      "amount": 0.38
    },
    {
      "name": "Calcium",
      "amount": 51.0
    },
    {
      "name": "Copper",
      "amount": 0.059
    },
    {
      "name": "Iron",
      "amount": 1.18
    },
    {
      "name": "Magnesium",
      "amount": 4.0
    },
    {
      "name": "Manganese",
      "amount": 0.003
    },
    {
      "name": "Phosphorus",
      "amount": 28.0
    },
    {
      "name": "Potassium",
      "amount": 69.0
    },
    {
      "name": "Selenium",
      "amount": 1.2
    },
    {
      "name": "Sodium",
      "amount": 16.0
    },
    {
      "name": "Zinc",
      "amount": 0.49
    },
    {
      "name": "Vitamin A",
      "amount": 197.0
    },
    {
      "name": "Retinol",
      "amount": 59.0
    },
    {
      "name": "Alpha-carotene",
      "amount": 0.0
    },
    {
      "name": "Beta-carotene",
      "amount": 0.0
    },
    {
      "name": "Beta-cryptoxanthin",
      "amount": 0.0
    },
    {
      "name": "Lycopene",
      "amount": 0.0
    },
    {
      "name": "Lutein+Zeaxanthin",
      "amount": 0.0
    },
    {
      "name": "Folate",
      "amount": 10.0
    },
    {
      "name": "B1 (Thiamine)",
      "amount": 0.066
    },
    {
      "name": "B2 (Riboflavin)",
      "amount": 0.099
    },
    {
      "name": "B3 (Niacin)",
      "amount": 0.69
    },
    {
      "name": "B5 (Pantothenic Acid)",
      "amount": 0.296
    },
    {
      "name": "B6 (Pyridoxine)",
      "amount": 0.039
    },
    {
      "name": "B12 (Cyanocobalamin)",
      "amount": 0.16
    },
    {
      "name": "Vitamin C",
      "amount": 5.9
    },
    {
      "name": "Vitamin D",
      "amount": 39.0
    },
    {
      "name": "Vitamin E",
      "amount": 1.32
    },
    {
      "name": "Vitamin K",
      "amount": 5.3
    },
    {
      "name": "Choline",
      "amount": 8.0
    },
    {
      "name": "Saturated",
      "amount": 1.237
    },
    {
      "name": "Monounsaturated",
      "amount": 1.314
    },
    {
      "name": "Polyunsaturated",
      "amount": 0.801
    },
    {
      "name": "Omega-3",
      "amount": 0.077
    },
    {
      "name": "Omega-6",
      "amount": 0.724
    },
    {
      "name": "Cholesterol",
      "amount": 2.0
    }
  ],
  "foodSource": "usda",
  "foodType": "deprecated"
}