{
  "name": "Infant formula, PBM PRODUCTS, ULTRA BRIGHT BEGINNINGS, powder (formerly WYETH-AYERST)",
  "sourceUID": 3883,
  "legacyUID": 3883,
  "pCF": 4.0,
  "cCF": 4.0,
  "lCF": 9.0,
  "comments": [],
  "measures": [
    {
      "grams": 1.0,
      "amount": 1.0,
      "description": "g"
    },
    {
      "grams": 8.4,
      "amount": 1.0,
      "description": "scoop"
    }
  ],
  "nutrients": [
    {
      "name": "Energy",
      "amount": 524.0
    },
    {
      "name": "Protein",
      "amount": 12.0
    },
    {
      "name": "Carbs",
      "amount": 56.0
    },
    {
      "name": "Fiber",
      "amount": 0.0
    },
    {
      "name": "Sugars",
      "amount": 56.0
    },
    {
      "name": "Fat",
      "amount": 28.0
    },
    {
      "name": "Alcohol",
      "amount": 0.0
    },
    {
      "name": "Caffeine",
      "amount": 0.0
    },
    {
      "name": "Water",
      "amount": 2.0
    },
    {
      "name": "Ash",
      "amount": 2.0
    },
    {
      "name": "Calcium",
      "amount": 331.0
    },
    {
      "name": "Copper",
      "amount": 0.37
    },
    {
      "name": "Iron",
      "amount": 9.5
    },
    {
      "name": "Magnesium",
      "amount": 36.0
    },
    {
      "name": "Phosphorus",
      "amount": 221.0
    },
    {
      "name": "Potassium",
      "amount": 441.0
    },
    {
      "name": "Selenium",
      "amount": 11.0
    },
    {
      "name": "Sodium",
      "amount": 118.0
    },
    {
      "name": "Zinc",
      "amount": 3.9
    },
    {
      "name": "Vitamin A",
      "amount": 1577.0
    },
    {
      "name": "Retinol",
      "amount": 473.0
    },
    {
      "name": "Alpha-carotene",
      "amount": 0.0
    },
    {
      "name": "Beta-carotene",
      "amount": 0.0
    },
    {
      "name": "Beta-cryptoxanthin",
      "amount": 0.0
    },
    {
      "name": "Lycopene",
      "amount": 0.0
    },
    {
      "name": "Lutein+Zeaxanthin",
      "amount": 0.0
    },
    {
      "name": "Folate",
      "amount": 39.0
    },
    {
      "name": "B1 (Thiamine)",
      "amount": 0.53
    },
    {
      "name": "B2 (Riboflavin)",
      "amount": 0.79
    },
    {
      "name": "B3 (Niacin)",
      "amount": 3.94
    },
    {
      "name": "B6 (Pyridoxine)",
      "amount": 0.33
    },
    {
      "name": "B12 (Cyanocobalamin)",
      "amount": 1.02
    },
    {
      "name": "Vitamin C",
      "amount": 43.3
    },
    {
      "name": "Vitamin D",
      "amount": 303.0
    },
    {
      "name": "Vitamin E",
      "amount": 3.38
    },
    {
      "name": "Vitamin K",
      "amount": 43.0
    },
    {
      "name": "Choline",
      "amount": 81.7
    },
    {
      "name": "Saturated",
      "amount": 12.761
    },
    {
      "name": "Monounsaturated",
      "amount": 11.131
    },
    {
      "name": "Polyunsaturated",
      "amount": 3.951
    },
    {
      "name": "Omega-3",
      "amount": 0.46799999999999997
    },
    {
      "name": "Omega-6",
      "amount": 3.585
    },
    {
      "name": "Cholesterol",
      "amount": 32.0
    }
  ],
  "foodSource": "usda",
  "foodType": "deprecated"
}