{
  "name": "Infant formula, WYETH-AYERST, store brand, low iron, liquid concentrate, not reconstituted",
  "sourceUID": 3886,
  "legacyUID": 3886,
  "pCF": 4.0,
  "cCF": 4.0,
  "lCF": 9.0,
  "comments": [],
  "measures": [
    {
      "grams": 1.0,
      "amount": 1.0,
      "description": "g"
    },
    {
      "grams": 31.0,
      "amount": 1.0,
      "description": "fl oz"
    }
  ],
  "nutrients": [
    {
      "name": "Energy",
      "amount": 132.0
    },
    {
      "name": "Protein",
      "amount": 2.9
    },
    {
      "name": "Carbs",
      "amount": 13.9
    },
    {
      "name": "Fiber",
      "amount": 0.0
    },
    {
      "name": "Fat",
      "amount": 7.0
    },
    {
      "name": "Alcohol",
      "amount": 0.0
    },
    {
      "name": "Caffeine",
      "amount": 0.0
    },
    {
      "name": "Water",
      "amount": 76.2
    },
    {
      "name": "Calcium",
      "amount": 83.0
    },
    {
      "name": "Copper",
      "amount": 0.092
    },
    {
      "name": "Iron",
      "amount": 0.26
    },
    {
      "name": "Magnesium",
      "amount": 9.0
    },
    {
      "name": "Phosphorus",
      "amount": 55.0
    },
    {
      "name": "Potassium",
      "amount": 109.0
    },
    {
      "name": "Selenium",
      "amount": 3.6
    },
    {
      "name": "Sodium",
      "amount": 29.0
    },
    {
      "name": "Zinc",
      "amount": 1.06
    },
    {
      "name": "Vitamin A",
      "amount": 395.0
    },
    {
      "name": "Folate",
      "amount": 10.0
    },
    {
      "name": "B1 (Thiamine)",
      "amount": 0.13
    },
    {
      "name": "B2 (Riboflavin)",
      "amount": 0.2
    },
    {
      "name": "B3 (Niacin)",
      "amount": 0.99
    },
    {
      "name": "B6 (Pyridoxine)",
      "amount": 0.08
    },
    {
      "name": "B12 (Cyanocobalamin)",
      "amount": 0.26
    },
    {
      "name": "Vitamin C",
      "amount": 11.2
    },
    {
      "name": "Saturated",
      "amount": 3.18
    },
    {
      "name": "Monounsaturated",
      "amount": 2.78
    },
    {
      "name": "Polyunsaturated",
      "amount": 1.0
    },
    {
      "name": "Omega-3",
      "amount": 0.1
    },
    {
      "name": "Omega-6",
      "amount": 0.9
    },
    {
      "name": "Cholesterol",
      "amount": 8.0
    }
  ],
  "foodSource": "usda",
  "foodType": "deprecated"
}