{
  "name": "Infant formula, PBM PRODUCTS, ULTRA BRIGHT BEGINNINGS, soy, liquid concentrate (formerly WYETH-AYERST)",
  "sourceUID": 3891,
  "legacyUID": 3891,
  "pCF": 4.0,
  "cCF": 4.0,
  "lCF": 9.0,
  "comments": [],
  "measures": [
    {
      "grams": 1.0,
      "amount": 1.0,
      "description": "g"
    },
    {
      "grams": 31.4,
      "amount": 1.0,
      "description": "fl oz"
    }
  ],
  "nutrients": [
    {
      "name": "Energy",
      "amount": 126.0
    },
    {
      "name": "Protein",
      "amount": 3.6
    },
    {
      "name": "Carbs",
      "amount": 12.18
    },
    {
      "name": "Fiber",
      "amount": 0.0
    },
    {
      "name": "Sugars",
      "amount": 12.18
    },
    {
      "name": "Fat",
      "amount": 7.0
    },
    {
      "name": "Alcohol",
      "amount": 0.0
    },
    {
      "name": "Caffeine",
      "amount": 0.0
    },
    {
      "name": "Water",
      "amount": 76.0
    },
    {
      "name": "Ash",
      "amount": 1.22
    },
    {
      "name": "Calcium",
      "amount": 118.0
    },
    {
      "name": "Copper",
      "amount": 0.092
    },
    {
      "name": "Iron",
      "amount": 2.36
    },
    {
      "name": "Magnesium",
      "amount": 14.0
    },
    {
      "name": "Phosphorus",
      "amount": 82.0
    },
    {
      "name": "Potassium",
      "amount": 138.0
    },
    {
      "name": "Selenium",
      "amount": 3.6
    },
    {
      "name": "Sodium",
      "amount": 36.0
    },
    {
      "name": "Zinc",
      "amount": 1.06
    },
    {
      "name": "Vitamin A",
      "amount": 393.0
    },
    {
      "name": "Retinol",
      "amount": 118.0
    },
    {
      "name": "Alpha-carotene",
      "amount": 0.0
    },
    {
      "name": "Beta-carotene",
      "amount": 0.0
    },
    {
      "name": "Beta-cryptoxanthin",
      "amount": 0.0
    },
    {
      "name": "Lycopene",
      "amount": 0.0
    },
    {
      "name": "Lutein+Zeaxanthin",
      "amount": 0.0
    },
    {
      "name": "Folate",
      "amount": 10.0
    },
    {
      "name": "B1 (Thiamine)",
      "amount": 0.14
    },
    {
      "name": "B2 (Riboflavin)",
      "amount": 0.2
    },
    {
      "name": "B3 (Niacin)",
      "amount": 0.98
    },
    {
      "name": "B6 (Pyridoxine)",
      "amount": 0.08
    },
    {
      "name": "B12 (Cyanocobalamin)",
      "amount": 0.4
    },
    {
      "name": "Vitamin C",
      "amount": 10.8
    },
    {
      "name": "Vitamin D",
      "amount": 86.0
    },
    {
      "name": "Vitamin E",
      "amount": 0.83
    },
    {
      "name": "Vitamin K",
      "amount": 10.2
    },
    {
      "name": "Choline",
      "amount": 18.0
    },
    {
      "name": "Saturated",
      "amount": 3.2
    },
    {
      "name": "Monounsaturated",
      "amount": 2.8
    },
    {
      "name": "Polyunsaturated",
      "amount": 1.0
    },
    {
      "name": "Omega-3",
      "amount": 0.125
    },
    {
      "name": "Omega-6",
      "amount": 0.9
    },
    {
      "name": "Cholesterol",
      "amount": 0.0
    }
  ],
  "foodSource": "usda",
  "foodType": "deprecated"
}