{
  "name": "Infant formula, PBM PRODUCTS, ULTRA BRIGHT BEGINNINGS, soy, powder (formerly WYETH-AYERST)",
  "sourceUID": 3893,
  "legacyUID": 3893,
  "pCF": 4.0,
  "cCF": 4.0,
  "lCF": 9.0,
  "comments": [],
  "measures": [
    {
      "grams": 1.0,
      "amount": 1.0,
      "description": "g"
    },
    {
      "grams": 8.7,
      "amount": 1.0,
      "description": "scoop"
    }
  ],
  "nutrients": [
    {
      "name": "Energy",
      "amount": 508.0
    },
    {
      "name": "Protein",
      "amount": 13.6
    },
    {
      "name": "Carbs",
      "amount": 52.2
    },
    {
      "name": "Fiber",
      "amount": 0.0
    },
    {
      "name": "Sugars",
      "amount": 52.2
    },
    {
      "name": "Fat",
      "amount": 27.2
    },
    {
      "name": "Alcohol",
      "amount": 0.0
    },
    {
      "name": "Caffeine",
      "amount": 0.0
    },
    {
      "name": "Water",
      "amount": 2.0
    },
    {
      "name": "Ash",
      "amount": 5.0
    },
    {
      "name": "Calcium",
      "amount": 453.0
    },
    {
      "name": "Copper",
      "amount": 0.355
    },
    {
      "name": "Iron",
      "amount": 9.1
    },
    {
      "name": "Magnesium",
      "amount": 51.0
    },
    {
      "name": "Phosphorus",
      "amount": 317.0
    },
    {
      "name": "Potassium",
      "amount": 528.0
    },
    {
      "name": "Selenium",
      "amount": 11.0
    },
    {
      "name": "Sodium",
      "amount": 151.0
    },
    {
      "name": "Zinc",
      "amount": 3.8
    },
    {
      "name": "Vitamin A",
      "amount": 1577.0
    },
    {
      "name": "Retinol",
      "amount": 473.0
    },
    {
      "name": "Alpha-carotene",
      "amount": 0.0
    },
    {
      "name": "Beta-carotene",
      "amount": 0.0
    },
    {
      "name": "Beta-cryptoxanthin",
      "amount": 0.0
    },
    {
      "name": "Lycopene",
      "amount": 0.0
    },
    {
      "name": "Lutein+Zeaxanthin",
      "amount": 0.0
    },
    {
      "name": "Folate",
      "amount": 38.0
    },
    {
      "name": "B1 (Thiamine)",
      "amount": 0.5
    },
    {
      "name": "B2 (Riboflavin)",
      "amount": 0.76
    },
    {
      "name": "B3 (Niacin)",
      "amount": 3.78
    },
    {
      "name": "B6 (Pyridoxine)",
      "amount": 0.32
    },
    {
      "name": "B12 (Cyanocobalamin)",
      "amount": 1.5
    },
    {
      "name": "Vitamin C",
      "amount": 42.0
    },
    {
      "name": "Vitamin D",
      "amount": 303.0
    },
    {
      "name": "Vitamin E",
      "amount": 3.24
    },
    {
      "name": "Vitamin K",
      "amount": 41.6
    },
    {
      "name": "Choline",
      "amount": 73.0
    },
    {
      "name": "Saturated",
      "amount": 12.37
    },
    {
      "name": "Monounsaturated",
      "amount": 10.78
    },
    {
      "name": "Polyunsaturated",
      "amount": 3.83
    },
    {
      "name": "Omega-3",
      "amount": 0.45199999999999996
    },
    {
      "name": "Omega-6",
      "amount": 3.48
    },
    {
      "name": "Cholesterol",
      "amount": 0.0
    }
  ],
  "foodSource": "usda",
  "foodType": "deprecated"
}