{
  "name": "Infant formula, PBM PRODUCTS, ULTRA BRIGHT BEGINNINGS, soy, ready-to-feed (formerly WYETH-AYERST)",
  "sourceUID": 3890,
  "legacyUID": 3890,
  "pCF": 4.0,
  "cCF": 4.0,
  "lCF": 9.0,
  "comments": [],
  "measures": [
    {
      "grams": 1.0,
      "amount": 1.0,
      "description": "g"
    },
    {
      "grams": 30.4,
      "amount": 1.0,
      "description": "fl oz"
    }
  ],
  "nutrients": [
    {
      "name": "Energy",
      "amount": 63.0
    },
    {
      "name": "Protein",
      "amount": 1.8
    },
    {
      "name": "Carbs",
      "amount": 6.09
    },
    {
      "name": "Fiber",
      "amount": 0.0
    },
    {
      "name": "Sugars",
      "amount": 6.1
    },
    {
      "name": "Fat",
      "amount": 3.5
    },
    {
      "name": "Alcohol",
      "amount": 0.0
    },
    {
      "name": "Caffeine",
      "amount": 0.0
    },
    {
      "name": "Water",
      "amount": 88.0
    },
    {
      "name": "Ash",
      "amount": 0.61
    },
    {
      "name": "Calcium",
      "amount": 59.0
    },
    {
      "name": "Copper",
      "amount": 0.046
    },
    {
      "name": "Iron",
      "amount": 1.18
    },
    {
      "name": "Magnesium",
      "amount": 7.0
    },
    {
      "name": "Phosphorus",
      "amount": 41.0
    },
    {
      "name": "Potassium",
      "amount": 69.0
    },
    {
      "name": "Selenium",
      "amount": 1.4
    },
    {
      "name": "Sodium",
      "amount": 18.0
    },
    {
      "name": "Zinc",
      "amount": 0.53
    },
    {
      "name": "Vitamin A",
      "amount": 247.0
    },
    {
      "name": "Retinol",
      "amount": 56.0
    },
    {
      "name": "Alpha-carotene",
      "amount": 0.0
    },
    {
      "name": "Beta-carotene",
      "amount": 37.0
    },
    {
      "name": "Beta-cryptoxanthin",
      "amount": 0.0
    },
    {
      "name": "Lycopene",
      "amount": 0.0
    },
    {
      "name": "Lutein+Zeaxanthin",
      "amount": 0.0
    },
    {
      "name": "Folate",
      "amount": 5.0
    },
    {
      "name": "B1 (Thiamine)",
      "amount": 0.07
    },
    {
      "name": "B2 (Riboflavin)",
      "amount": 0.1
    },
    {
      "name": "B3 (Niacin)",
      "amount": 0.49
    },
    {
      "name": "B6 (Pyridoxine)",
      "amount": 0.04
    },
    {
      "name": "B12 (Cyanocobalamin)",
      "amount": 0.2
    },
    {
      "name": "Vitamin C",
      "amount": 5.4
    },
    {
      "name": "Vitamin D",
      "amount": 43.0
    },
    {
      "name": "Vitamin E",
      "amount": 0.42
    },
    {
      "name": "Vitamin K",
      "amount": 5.1
    },
    {
      "name": "Choline",
      "amount": 9.0
    },
    {
      "name": "Saturated",
      "amount": 1.6
    },
    {
      "name": "Monounsaturated",
      "amount": 1.4
    },
    {
      "name": "Polyunsaturated",
      "amount": 0.5
    },
    {
      "name": "Omega-3",
      "amount": 0.063
    },
    {
      "name": "Omega-6",
      "amount": 0.45
    },
    {
      "name": "Cholesterol",
      "amount": 0.0
    }
  ],
  "foodSource": "usda",
  "foodType": "deprecated"
}