{
  "name": "Infant formula, NESTLE, GOOD START 2 ESSENTIALS, with iron, liquid concentrate, not reconstituted",
  "sourceUID": 3901,
  "legacyUID": 3901,
  "pCF": 4.0,
  "cCF": 4.0,
  "lCF": 9.0,
  "comments": [],
  "measures": [
    {
      "grams": 1.0,
      "amount": 1.0,
      "description": "g"
    },
    {
      "grams": 31.9,
      "amount": 1.0,
      "description": "fl oz"
    }
  ],
  "nutrients": [
    {
      "name": "Energy",
      "amount": 125.0
    },
    {
      "name": "Protein",
      "amount": 3.25
    },
    {
      "name": "Carbs",
      "amount": 16.5
    },
    {
      "name": "Fiber",
      "amount": 0.0
    },
    {
      "name": "Sugars",
      "amount": 11.9
    },
    {
      "name": "Fat",
      "amount": 5.13
    },
    {
      "name": "Alcohol",
      "amount": 0.0
    },
    {
      "name": "Caffeine",
      "amount": 0.0
    },
    {
      "name": "Water",
      "amount": 74.2
    },
    {
      "name": "Ash",
      "amount": 0.93
    },
    {
      "name": "Calcium",
      "amount": 150.0
    },
    {
      "name": "Copper",
      "amount": 0.106
    },
    {
      "name": "Iron",
      "amount": 2.25
    },
    {
      "name": "Magnesium",
      "amount": 10.0
    },
    {
      "name": "Phosphorus",
      "amount": 100.0
    },
    {
      "name": "Potassium",
      "amount": 169.0
    },
    {
      "name": "Selenium",
      "amount": 2.5
    },
    {
      "name": "Sodium",
      "amount": 49.0
    },
    {
      "name": "Zinc",
      "amount": 1.0
    },
    {
      "name": "Vitamin A",
      "amount": 313.0
    },
    {
      "name": "Retinol",
      "amount": 98.0
    },
    {
      "name": "Alpha-carotene",
      "amount": 0.0
    },
    {
      "name": "Beta-carotene",
      "amount": 0.0
    },
    {
      "name": "Beta-cryptoxanthin",
      "amount": 0.0
    },
    {
      "name": "Lycopene",
      "amount": 0.0
    },
    {
      "name": "Lutein+Zeaxanthin",
      "amount": 0.0
    },
    {
      "name": "Folate",
      "amount": 19.0
    },
    {
      "name": "B1 (Thiamine)",
      "amount": 0.1
    },
    {
      "name": "B2 (Riboflavin)",
      "amount": 0.175
    },
    {
      "name": "B3 (Niacin)",
      "amount": 1.25
    },
    {
      "name": "B6 (Pyridoxine)",
      "amount": 0.081
    },
    {
      "name": "B12 (Cyanocobalamin)",
      "amount": 0.31
    },
    {
      "name": "Vitamin C",
      "amount": 11.0
    },
    {
      "name": "Vitamin D",
      "amount": 82.0
    },
    {
      "name": "Vitamin E",
      "amount": 1.75
    },
    {
      "name": "Vitamin K",
      "amount": 10.0
    },
    {
      "name": "Choline",
      "amount": 15.4
    },
    {
      "name": "Saturated",
      "amount": 2.213
    },
    {
      "name": "Monounsaturated",
      "amount": 1.582
    },
    {
      "name": "Polyunsaturated",
      "amount": 1.213
    },
    {
      "name": "Omega-3",
      "amount": 0.124
    },
    {
      "name": "Omega-6",
      "amount": 1.089
    },
    {
      "name": "Cholesterol",
      "amount": 2.0
    }
  ],
  "foodSource": "usda",
  "foodType": "deprecated"
}