{
  "name": "Infant formula, NESTLE, GOOD START 2 ESSENTIALS, with iron, ready-to-feed",
  "sourceUID": 3900,
  "legacyUID": 3900,
  "pCF": 4.0,
  "cCF": 4.0,
  "lCF": 9.0,
  "comments": [],
  "measures": [
    {
      "grams": 1.0,
      "amount": 1.0,
      "description": "g"
    },
    {
      "grams": 30.5,
      "amount": 1.0,
      "description": "fl oz"
    }
  ],
  "nutrients": [
    {
      "name": "Energy",
      "amount": 65.0
    },
    {
      "name": "Protein",
      "amount": 1.7
    },
    {
      "name": "Carbs",
      "amount": 8.54
    },
    {
      "name": "Fiber",
      "amount": 0.0
    },
    {
      "name": "Sugars",
      "amount": 6.19
    },
    {
      "name": "Fat",
      "amount": 2.7
    },
    {
      "name": "Alcohol",
      "amount": 0.0
    },
    {
      "name": "Caffeine",
      "amount": 0.0
    },
    {
      "name": "Water",
      "amount": 86.6
    },
    {
      "name": "Ash",
      "amount": 0.47
    },
    {
      "name": "Calcium",
      "amount": 78.0
    },
    {
      "name": "Copper",
      "amount": 0.055
    },
    {
      "name": "Iron",
      "amount": 1.2
    },
    {
      "name": "Magnesium",
      "amount": 5.0
    },
    {
      "name": "Phosphorus",
      "amount": 52.0
    },
    {
      "name": "Potassium",
      "amount": 88.0
    },
    {
      "name": "Selenium",
      "amount": 1.3
    },
    {
      "name": "Sodium",
      "amount": 25.0
    },
    {
      "name": "Zinc",
      "amount": 0.52
    },
    {
      "name": "Vitamin A",
      "amount": 163.0
    },
    {
      "name": "Retinol",
      "amount": 48.0
    },
    {
      "name": "Alpha-carotene",
      "amount": 0.0
    },
    {
      "name": "Beta-carotene",
      "amount": 0.0
    },
    {
      "name": "Beta-cryptoxanthin",
      "amount": 0.0
    },
    {
      "name": "Lycopene",
      "amount": 0.0
    },
    {
      "name": "Lutein+Zeaxanthin",
      "amount": 0.0
    },
    {
      "name": "Folate",
      "amount": 10.0
    },
    {
      "name": "B1 (Thiamine)",
      "amount": 0.052
    },
    {
      "name": "B2 (Riboflavin)",
      "amount": 0.091
    },
    {
      "name": "B3 (Niacin)",
      "amount": 0.65
    },
    {
      "name": "B6 (Pyridoxine)",
      "amount": 0.042
    },
    {
      "name": "B12 (Cyanocobalamin)",
      "amount": 0.16
    },
    {
      "name": "Vitamin C",
      "amount": 5.9
    },
    {
      "name": "Vitamin D",
      "amount": 43.0
    },
    {
      "name": "Vitamin E",
      "amount": 0.91
    },
    {
      "name": "Vitamin K",
      "amount": 5.2
    },
    {
      "name": "Choline",
      "amount": 8.0
    },
    {
      "name": "Saturated",
      "amount": 1.18
    },
    {
      "name": "Monounsaturated",
      "amount": 0.87
    },
    {
      "name": "Polyunsaturated",
      "amount": 0.6
    },
    {
      "name": "Omega-3",
      "amount": 0.05
    },
    {
      "name": "Omega-6",
      "amount": 0.55
    },
    {
      "name": "Cholesterol",
      "amount": 1.0
    }
  ],
  "foodSource": "usda",
  "foodType": "deprecated"
}