{
  "name": "Infant formula, NESTLE, GOOD START 2 ESSENTIALS, with iron, powder",
  "sourceUID": 3913,
  "legacyUID": 3913,
  "pCF": 4.0,
  "cCF": 4.0,
  "lCF": 9.0,
  "comments": [],
  "measures": [
    {
      "grams": 1.0,
      "amount": 1.0,
      "description": "g"
    },
    {
      "grams": 9.4,
      "amount": 1.0,
      "description": "scoop"
    }
  ],
  "nutrients": [
    {
      "name": "Energy",
      "amount": 471.0
    },
    {
      "name": "Protein",
      "amount": 12.2
    },
    {
      "name": "Carbs",
      "amount": 62.23
    },
    {
      "name": "Fiber",
      "amount": 0.0
    },
    {
      "name": "Sugars",
      "amount": 44.3
    },
    {
      "name": "Fat",
      "amount": 19.3
    },
    {
      "name": "Alcohol",
      "amount": 0.0
    },
    {
      "name": "Caffeine",
      "amount": 0.0
    },
    {
      "name": "Water",
      "amount": 2.5
    },
    {
      "name": "Ash",
      "amount": 3.77
    },
    {
      "name": "Calcium",
      "amount": 565.0
    },
    {
      "name": "Copper",
      "amount": 0.4
    },
    {
      "name": "Iron",
      "amount": 8.5
    },
    {
      "name": "Magnesium",
      "amount": 38.0
    },
    {
      "name": "Phosphorus",
      "amount": 377.0
    },
    {
      "name": "Potassium",
      "amount": 636.0
    },
    {
      "name": "Selenium",
      "amount": 9.4
    },
    {
      "name": "Sodium",
      "amount": 184.0
    },
    {
      "name": "Zinc",
      "amount": 4.0
    },
    {
      "name": "Vitamin A",
      "amount": 1178.0
    },
    {
      "name": "Retinol",
      "amount": 354.0
    },
    {
      "name": "Alpha-carotene",
      "amount": 0.0
    },
    {
      "name": "Beta-carotene",
      "amount": 0.0
    },
    {
      "name": "Beta-cryptoxanthin",
      "amount": 0.0
    },
    {
      "name": "Lycopene",
      "amount": 0.0
    },
    {
      "name": "Lutein+Zeaxanthin",
      "amount": 0.0
    },
    {
      "name": "Folate",
      "amount": 71.0
    },
    {
      "name": "B1 (Thiamine)",
      "amount": 0.377
    },
    {
      "name": "B2 (Riboflavin)",
      "amount": 0.659
    },
    {
      "name": "B3 (Niacin)",
      "amount": 4.71
    },
    {
      "name": "B6 (Pyridoxine)",
      "amount": 0.306
    },
    {
      "name": "B12 (Cyanocobalamin)",
      "amount": 1.2
    },
    {
      "name": "Vitamin C",
      "amount": 42.0
    },
    {
      "name": "Vitamin D",
      "amount": 309.0
    },
    {
      "name": "Vitamin E",
      "amount": 6.6
    },
    {
      "name": "Vitamin K",
      "amount": 38.0
    },
    {
      "name": "Choline",
      "amount": 56.5
    },
    {
      "name": "Saturated",
      "amount": 8.54
    },
    {
      "name": "Monounsaturated",
      "amount": 6.23
    },
    {
      "name": "Polyunsaturated",
      "amount": 4.31
    },
    {
      "name": "Omega-3",
      "amount": 0.37
    },
    {
      "name": "Omega-6",
      "amount": 3.94
    },
    {
      "name": "Cholesterol",
      "amount": 6.0
    }
  ],
  "foodSource": "usda",
  "foodType": "deprecated"
}