{
  "name": "Infant formula, NESTLE, GOOD START ESSENTIALS SOY, with iron, liquid concentrate, not reconstituted",
  "sourceUID": 3926,
  "legacyUID": 3926,
  "pCF": 4.0,
  "cCF": 4.0,
  "lCF": 9.0,
  "comments": [],
  "measures": [
    {
      "grams": 1.0,
      "amount": 1.0,
      "description": "g"
    },
    {
      "grams": 31.4,
      "amount": 1.0,
      "description": "fl oz"
    }
  ],
  "nutrients": [
    {
      "name": "Energy",
      "amount": 128.0
    },
    {
      "name": "Protein",
      "amount": 3.2
    },
    {
      "name": "Carbs",
      "amount": 14.1
    },
    {
      "name": "Fiber",
      "amount": 0.0
    },
    {
      "name": "Sugars",
      "amount": 11.2
    },
    {
      "name": "Fat",
      "amount": 6.5
    },
    {
      "name": "Alcohol",
      "amount": 0.0
    },
    {
      "name": "Caffeine",
      "amount": 0.0
    },
    {
      "name": "Water",
      "amount": 75.4
    },
    {
      "name": "Ash",
      "amount": 0.8
    },
    {
      "name": "Calcium",
      "amount": 133.0
    },
    {
      "name": "Copper",
      "amount": 0.152
    },
    {
      "name": "Iron",
      "amount": 2.29
    },
    {
      "name": "Magnesium",
      "amount": 14.0
    },
    {
      "name": "Phosphorus",
      "amount": 80.0
    },
    {
      "name": "Potassium",
      "amount": 146.0
    },
    {
      "name": "Selenium",
      "amount": 2.5
    },
    {
      "name": "Sodium",
      "amount": 46.0
    },
    {
      "name": "Zinc",
      "amount": 1.14
    },
    {
      "name": "Vitamin A",
      "amount": 381.0
    },
    {
      "name": "Retinol",
      "amount": 100.0
    },
    {
      "name": "Alpha-carotene",
      "amount": 0.0
    },
    {
      "name": "Beta-carotene",
      "amount": 0.0
    },
    {
      "name": "Beta-cryptoxanthin",
      "amount": 0.0
    },
    {
      "name": "Lycopene",
      "amount": 0.0
    },
    {
      "name": "Lutein+Zeaxanthin",
      "amount": 0.0
    },
    {
      "name": "Folate",
      "amount": 20.0
    },
    {
      "name": "B1 (Thiamine)",
      "amount": 0.076
    },
    {
      "name": "B2 (Riboflavin)",
      "amount": 0.119
    },
    {
      "name": "B3 (Niacin)",
      "amount": 1.65
    },
    {
      "name": "B6 (Pyridoxine)",
      "amount": 0.076
    },
    {
      "name": "B12 (Cyanocobalamin)",
      "amount": 0.38
    },
    {
      "name": "Vitamin C",
      "amount": 15.2
    },
    {
      "name": "Vitamin D",
      "amount": 82.0
    },
    {
      "name": "Vitamin E",
      "amount": 1.86
    },
    {
      "name": "Vitamin K",
      "amount": 10.2
    },
    {
      "name": "Choline",
      "amount": 15.7
    },
    {
      "name": "Saturated",
      "amount": 2.8
    },
    {
      "name": "Monounsaturated",
      "amount": 2.03
    },
    {
      "name": "Polyunsaturated",
      "amount": 1.317
    },
    {
      "name": "Omega-3",
      "amount": 0.124
    },
    {
      "name": "Omega-6",
      "amount": 1.2
    },
    {
      "name": "Cholesterol",
      "amount": 0.0
    }
  ],
  "foodSource": "usda",
  "foodType": "deprecated"
}