{
  "name": "Infant formula, NESTLE, GOOD START ESSENTIALS SOY, with iron, ready-to-feed",
  "sourceUID": 3925,
  "legacyUID": 3925,
  "pCF": 4.0,
  "cCF": 4.0,
  "lCF": 9.0,
  "comments": [],
  "measures": [
    {
      "grams": 1.0,
      "amount": 1.0,
      "description": "g"
    },
    {
      "grams": 30.5,
      "amount": 1.0,
      "description": "fl oz"
    }
  ],
  "nutrients": [
    {
      "name": "Energy",
      "amount": 65.0
    },
    {
      "name": "Protein",
      "amount": 1.63
    },
    {
      "name": "Carbs",
      "amount": 7.17
    },
    {
      "name": "Fiber",
      "amount": 0.0
    },
    {
      "name": "Sugars",
      "amount": 5.69
    },
    {
      "name": "Fat",
      "amount": 3.3
    },
    {
      "name": "Alcohol",
      "amount": 0.0
    },
    {
      "name": "Caffeine",
      "amount": 0.0
    },
    {
      "name": "Water",
      "amount": 87.5
    },
    {
      "name": "Ash",
      "amount": 0.4
    },
    {
      "name": "Calcium",
      "amount": 68.0
    },
    {
      "name": "Copper",
      "amount": 0.078
    },
    {
      "name": "Iron",
      "amount": 1.25
    },
    {
      "name": "Magnesium",
      "amount": 7.0
    },
    {
      "name": "Phosphorus",
      "amount": 41.0
    },
    {
      "name": "Potassium",
      "amount": 75.0
    },
    {
      "name": "Selenium",
      "amount": 1.6
    },
    {
      "name": "Sodium",
      "amount": 23.0
    },
    {
      "name": "Zinc",
      "amount": 0.6
    },
    {
      "name": "Vitamin A",
      "amount": 167.0
    },
    {
      "name": "Retinol",
      "amount": 50.0
    },
    {
      "name": "Alpha-carotene",
      "amount": 0.0
    },
    {
      "name": "Beta-carotene",
      "amount": 0.0
    },
    {
      "name": "Beta-cryptoxanthin",
      "amount": 0.0
    },
    {
      "name": "Lycopene",
      "amount": 0.0
    },
    {
      "name": "Lutein+Zeaxanthin",
      "amount": 0.0
    },
    {
      "name": "Folate",
      "amount": 10.0
    },
    {
      "name": "B1 (Thiamine)",
      "amount": 0.039
    },
    {
      "name": "B2 (Riboflavin)",
      "amount": 0.061
    },
    {
      "name": "B3 (Niacin)",
      "amount": 0.845
    },
    {
      "name": "B6 (Pyridoxine)",
      "amount": 0.039
    },
    {
      "name": "B12 (Cyanocobalamin)",
      "amount": 0.2
    },
    {
      "name": "Vitamin C",
      "amount": 7.8
    },
    {
      "name": "Vitamin D",
      "amount": 40.0
    },
    {
      "name": "Vitamin E",
      "amount": 0.95
    },
    {
      "name": "Vitamin K",
      "amount": 5.2
    },
    {
      "name": "Choline",
      "amount": 8.0
    },
    {
      "name": "Saturated",
      "amount": 1.4
    },
    {
      "name": "Monounsaturated",
      "amount": 1.0
    },
    {
      "name": "Polyunsaturated",
      "amount": 0.8
    },
    {
      "name": "Omega-3",
      "amount": 0.1
    },
    {
      "name": "Omega-6",
      "amount": 0.6
    },
    {
      "name": "Cholesterol",
      "amount": 0.0
    }
  ],
  "foodSource": "usda",
  "foodType": "deprecated"
}