{
  "name": "Infant formula, MEAD JOHNSON, ENFAMIL, ENFAGROW, GENTLEASE, Toddler, ready-to-feed",
  "sourceUID": 3981,
  "legacyUID": 3981,
  "pCF": 4.0,
  "cCF": 4.0,
  "lCF": 9.0,
  "comments": [],
  "measures": [
    {
      "grams": 1.0,
      "amount": 1.0,
      "description": "g"
    },
    {
      "grams": 152.0,
      "amount": 5.0,
      "description": "fl oz"
    }
  ],
  "nutrients": [
    {
      "name": "Energy",
      "amount": 66.0
    },
    {
      "name": "Protein",
      "amount": 1.71
    },
    {
      "name": "Carbs",
      "amount": 6.9
    },
    {
      "name": "Fiber",
      "amount": 0.0
    },
    {
      "name": "Sugars",
      "amount": 6.9
    },
    {
      "name": "Fat",
      "amount": 3.5
    },
    {
      "name": "Alcohol",
      "amount": 0.0
    },
    {
      "name": "Caffeine",
      "amount": 0.0
    },
    {
      "name": "Water",
      "amount": 87.78
    },
    {
      "name": "Ash",
      "amount": 0.63
    },
    {
      "name": "Calcium",
      "amount": 128.0
    },
    {
      "name": "Copper",
      "amount": 0.049
    },
    {
      "name": "Iron",
      "amount": 1.31
    },
    {
      "name": "Magnesium",
      "amount": 5.0
    },
    {
      "name": "Manganese",
      "amount": 0.01
    },
    {
      "name": "Phosphorus",
      "amount": 85.0
    },
    {
      "name": "Potassium",
      "amount": 85.0
    },
    {
      "name": "Selenium",
      "amount": 1.8
    },
    {
      "name": "Sodium",
      "amount": 26.0
    },
    {
      "name": "Zinc",
      "amount": 0.66
    },
    {
      "name": "Vitamin A",
      "amount": 199.0
    },
    {
      "name": "Retinol",
      "amount": 60.0
    },
    {
      "name": "Alpha-carotene",
      "amount": 0.0
    },
    {
      "name": "Beta-carotene",
      "amount": 0.0
    },
    {
      "name": "Beta-cryptoxanthin",
      "amount": 0.0
    },
    {
      "name": "Lycopene",
      "amount": 0.0
    },
    {
      "name": "Lutein+Zeaxanthin",
      "amount": 0.0
    },
    {
      "name": "Folate",
      "amount": 11.0
    },
    {
      "name": "B1 (Thiamine)",
      "amount": 0.053
    },
    {
      "name": "B2 (Riboflavin)",
      "amount": 0.092
    },
    {
      "name": "B3 (Niacin)",
      "amount": 0.657
    },
    {
      "name": "B5 (Pantothenic Acid)",
      "amount": 0.328
    },
    {
      "name": "B6 (Pyridoxine)",
      "amount": 0.039
    },
    {
      "name": "B12 (Cyanocobalamin)",
      "amount": 0.2
    },
    {
      "name": "Vitamin C",
      "amount": 7.9
    },
    {
      "name": "Vitamin D",
      "amount": 39.0
    },
    {
      "name": "Vitamin E",
      "amount": 0.59
    },
    {
      "name": "Vitamin K",
      "amount": 5.9
    },
    {
      "name": "Choline",
      "amount": 15.8
    },
    {
      "name": "Saturated",
      "amount": 1.602
    },
    {
      "name": "Monounsaturated",
      "amount": 0.031
    },
    {
      "name": "Polyunsaturated",
      "amount": 0.744
    },
    {
      "name": "Omega-3",
      "amount": 0.073
    },
    {
      "name": "Omega-6",
      "amount": 0.65
    },
    {
      "name": "Cholesterol",
      "amount": 0.0
    }
  ],
  "foodSource": "usda",
  "foodType": "deprecated"
}