{
  "name": "Salad dressing, KRAFT MIRACLE WHIP LIGHT Dressing",
  "sourceUID": 4012,
  "legacyUID": 4012,
  "pCF": 4.0,
  "cCF": 4.0,
  "lCF": 9.0,
  "comments": [],
  "measures": [
    {
      "grams": 1.0,
      "amount": 1.0,
      "description": "g"
    },
    {
      "grams": 16.0,
      "amount": 1.0,
      "description": "tbsp"
    }
  ],
  "nutrients": [
    {
      "name": "Energy",
      "amount": 231.0
    },
    {
      "name": "Protein",
      "amount": 0.6
    },
    {
      "name": "Carbs",
      "amount": 14.4
    },
    {
      "name": "Fiber",
      "amount": 0.1
    },
    {
      "name": "Sugars",
      "amount": 9.9
    },
    {
      "name": "Fat",
      "amount": 18.6
    },
    {
      "name": "Water",
      "amount": 63.3
    },
    {
      "name": "Ash",
      "amount": 2.2
    },
    {
      "name": "Calcium",
      "amount": 5.0
    },
    {
      "name": "Iron",
      "amount": 0.17
    },
    {
      "name": "Phosphorus",
      "amount": 13.0
    },
    {
      "name": "Potassium",
      "amount": 23.0
    },
    {
      "name": "Sodium",
      "amount": 821.0
    },
    {
      "name": "Vitamin A",
      "amount": 34.0
    },
    {
      "name": "Vitamin C",
      "amount": 0.0
    },
    {
      "name": "Vitamin K",
      "amount": 83.6
    },
    {
      "name": "Saturated",
      "amount": 2.9
    },
    {
      "name": "Cholesterol",
      "amount": 26.0
    }
  ],
  "foodSource": "usda",
  "foodType": "deprecated"
}