{
  "name": "Margarine, regular, hard, corn and soybean (hydrogenated) and cottonseed (hydrogenated), without salt",
  "sourceUID": 4068,
  "legacyUID": 4068,
  "pCF": 4.0,
  "cCF": 4.0,
  "lCF": 9.0,
  "comments": [],
  "measures": [
    {
      "grams": 1.0,
      "amount": 1.0,
      "description": "g"
    },
    {
      "grams": 4.7,
      "amount": 1.0,
      "description": "tsp"
    },
    {
      "grams": 113.0,
      "amount": 1.0,
      "description": "stick"
    }
  ],
  "nutrients": [
    {
      "name": "Energy",
      "amount": 714.0
    },
    {
      "name": "Protein",
      "amount": 0.5
    },
    {
      "name": "Carbs",
      "amount": 0.5
    },
    {
      "name": "Fiber",
      "amount": 0.0
    },
    {
      "name": "Sugars",
      "amount": 0.0
    },
    {
      "name": "Fat",
      "amount": 80.3
    },
    {
      "name": "Alcohol",
      "amount": 0.0
    },
    {
      "name": "Water",
      "amount": 18.5
    },
    {
      "name": "Ash",
      "amount": 0.2
    },
    {
      "name": "Calcium",
      "amount": 17.0
    },
    {
      "name": "Copper",
      "amount": 0.0
    },
    {
      "name": "Iron",
      "amount": 0.0
    },
    {
      "name": "Magnesium",
      "amount": 2.0
    },
    {
      "name": "Manganese",
      "amount": 0.0
    },
    {
      "name": "Phosphorus",
      "amount": 13.0
    },
    {
      "name": "Potassium",
      "amount": 25.0
    },
    {
      "name": "Selenium",
      "amount": 0.0
    },
    {
      "name": "Sodium",
      "amount": 2.0
    },
    {
      "name": "Zinc",
      "amount": 0.0
    },
    {
      "name": "Vitamin A",
      "amount": 3577.0
    },
    {
      "name": "Retinol",
      "amount": 768.0
    },
    {
      "name": "Alpha-carotene",
      "amount": 0.0
    },
    {
      "name": "Beta-carotene",
      "amount": 610.0
    },
    {
      "name": "Beta-cryptoxanthin",
      "amount": 0.0
    },
    {
      "name": "Lycopene",
      "amount": 0.0
    },
    {
      "name": "Lutein+Zeaxanthin",
      "amount": 0.0
    },
    {
      "name": "Folate",
      "amount": 1.0
    },
    {
      "name": "B1 (Thiamine)",
      "amount": 0.006
    },
    {
      "name": "B2 (Riboflavin)",
      "amount": 0.021
    },
    {
      "name": "B3 (Niacin)",
      "amount": 0.013
    },
    {
      "name": "B5 (Pantothenic Acid)",
      "amount": 0.049
    },
    {
      "name": "B6 (Pyridoxine)",
      "amount": 0.005
    },
    {
      "name": "B12 (Cyanocobalamin)",
      "amount": 0.06
    },
    {
      "name": "Vitamin C",
      "amount": 0.1
    },
    {
      "name": "Vitamin E",
      "amount": 11.6
    },
    {
      "name": "Saturated",
      "amount": 15.0
    },
    {
      "name": "Monounsaturated",
      "amount": 36.7
    },
    {
      "name": "Polyunsaturated",
      "amount": 25.0
    },
    {
      "name": "Omega-3",
      "amount": 0.3
    },
    {
      "name": "Omega-6",
      "amount": 24.7
    },
    {
      "name": "Cholesterol",
      "amount": 0.0
    },
    {
      "name": "Phytosterol",
      "amount": 265.0
    },
    {
      "name": "ALA",
      "amount": 0.017
    },
    {
      "name": "ARG",
      "amount": 0.018
    },
    {
      "name": "ASP",
      "amount": 0.038
    },
    {
      "name": "CYS",
      "amount": 0.005
    },
    {
      "name": "GLU",
      "amount": 0.104
    },
    {
      "name": "GLY",
      "amount": 0.011
    },
    {
      "name": "HIS",
      "amount": 0.013
    },
    {
      "name": "ILE",
      "amount": 0.03
    },
    {
      "name": "LEU",
      "amount": 0.049
    },
    {
      "name": "LYS",
      "amount": 0.039
    },
    {
      "name": "MET",
      "amount": 0.012
    },
    {
      "name": "PHE",
      "amount": 0.024
    },
    {
      "name": "PRO",
      "amount": 0.048
    },
    {
      "name": "SER",
      "amount": 0.027
    },
    {
      "name": "THR",
      "amount": 0.022
    },
    {
      "name": "TRP",
      "amount": 0.007
    },
    {
      "name": "TYR",
      "amount": 0.024
    },
    {
      "name": "VAL",
      "amount": 0.033
    }
  ],
  "foodSource": "usda",
  "foodType": "deprecated"
}