{
  "name": "Margarine, regular, hard, safflower and soybean (hydrogenated)",
  "sourceUID": 4078,
  "legacyUID": 4078,
  "pCF": 4.0,
  "cCF": 4.0,
  "lCF": 9.0,
  "comments": [],
  "measures": [
    {
      "grams": 1.0,
      "amount": 1.0,
      "description": "g"
    },
    {
      "grams": 4.7,
      "amount": 1.0,
      "description": "tsp"
    },
    {
      "grams": 113.0,
      "amount": 1.0,
      "description": "stick"
    }
  ],
  "nutrients": [
    {
      "name": "Energy",
      "amount": 719.0
    },
    {
      "name": "Protein",
      "amount": 0.9
    },
    {
      "name": "Carbs",
      "amount": 0.9
    },
    {
      "name": "Fiber",
      "amount": 0.0
    },
    {
      "name": "Sugars",
      "amount": 0.0
    },
    {
      "name": "Fat",
      "amount": 80.5
    },
    {
      "name": "Water",
      "amount": 15.7
    },
    {
      "name": "Ash",
      "amount": 2.0
    },
    {
      "name": "Calcium",
      "amount": 30.0
    },
    {
      "name": "Iron",
      "amount": 0.0
    },
    {
      "name": "Magnesium",
      "amount": 3.0
    },
    {
      "name": "Phosphorus",
      "amount": 23.0
    },
    {
      "name": "Potassium",
      "amount": 42.0
    },
    {
      "name": "Selenium",
      "amount": 0.0
    },
    {
      "name": "Sodium",
      "amount": 943.0
    },
    {
      "name": "Zinc",
      "amount": 0.0
    },
    {
      "name": "Vitamin A",
      "amount": 3577.0
    },
    {
      "name": "Retinol",
      "amount": 768.0
    },
    {
      "name": "Alpha-carotene",
      "amount": 0.0
    },
    {
      "name": "Beta-carotene",
      "amount": 610.0
    },
    {
      "name": "Beta-cryptoxanthin",
      "amount": 0.0
    },
    {
      "name": "Lycopene",
      "amount": 0.0
    },
    {
      "name": "Lutein+Zeaxanthin",
      "amount": 0.0
    },
    {
      "name": "Folate",
      "amount": 1.0
    },
    {
      "name": "B1 (Thiamine)",
      "amount": 0.01
    },
    {
      "name": "B2 (Riboflavin)",
      "amount": 0.037
    },
    {
      "name": "B3 (Niacin)",
      "amount": 0.023
    },
    {
      "name": "B5 (Pantothenic Acid)",
      "amount": 0.084
    },
    {
      "name": "B6 (Pyridoxine)",
      "amount": 0.009
    },
    {
      "name": "B12 (Cyanocobalamin)",
      "amount": 0.1
    },
    {
      "name": "Vitamin C",
      "amount": 0.2
    },
    {
      "name": "Vitamin E",
      "amount": 17.8
    },
    {
      "name": "Saturated",
      "amount": 13.8
    },
    {
      "name": "Monounsaturated",
      "amount": 31.7
    },
    {
      "name": "Polyunsaturated",
      "amount": 31.4
    },
    {
      "name": "Omega-3",
      "amount": 0.2
    },
    {
      "name": "Omega-6",
      "amount": 31.3
    },
    {
      "name": "Cholesterol",
      "amount": 0.0
    },
    {
      "name": "Phytosterol",
      "amount": 203.0
    },
    {
      "name": "ALA",
      "amount": 0.029
    },
    {
      "name": "ARG",
      "amount": 0.031
    },
    {
      "name": "ASP",
      "amount": 0.065
    },
    {
      "name": "CYS",
      "amount": 0.008
    },
    {
      "name": "GLU",
      "amount": 0.179
    },
    {
      "name": "GLY",
      "amount": 0.018
    },
    {
      "name": "HIS",
      "amount": 0.023
    },
    {
      "name": "ILE",
      "amount": 0.052
    },
    {
      "name": "LEU",
      "amount": 0.084
    },
    {
      "name": "LYS",
      "amount": 0.068
    },
    {
      "name": "MET",
      "amount": 0.021
    },
    {
      "name": "PHE",
      "amount": 0.041
    },
    {
      "name": "PRO",
      "amount": 0.083
    },
    {
      "name": "SER",
      "amount": 0.046
    },
    {
      "name": "THR",
      "amount": 0.039
    },
    {
      "name": "TRP",
      "amount": 0.012
    },
    {
      "name": "TYR",
      "amount": 0.041
    },
    {
      "name": "VAL",
      "amount": 0.057
    }
  ],
  "foodSource": "usda",
  "foodType": "deprecated"
}