{
  "name": "Margarine, regular, liquid, soybean (hydrogenated and regular) and cottonseed",
  "sourceUID": 4105,
  "legacyUID": 4105,
  "pCF": 4.0,
  "cCF": 4.0,
  "lCF": 9.0,
  "comments": [],
  "measures": [
    {
      "grams": 1.0,
      "amount": 1.0,
      "description": "g"
    },
    {
      "grams": 227.0,
      "amount": 1.0,
      "description": "cup"
    },
    {
      "grams": 14.2,
      "amount": 1.0,
      "description": "tbsp"
    },
    {
      "grams": 4.7,
      "amount": 1.0,
      "description": "tsp"
    },
    {
      "grams": 5.0,
      "amount": 1.0,
      "description": "packet"
    }
  ],
  "nutrients": [
    {
      "name": "Energy",
      "amount": 721.0
    },
    {
      "name": "Protein",
      "amount": 1.9
    },
    {
      "name": "Carbs",
      "amount": 0.0
    },
    {
      "name": "Fiber",
      "amount": 0.0
    },
    {
      "name": "Sugars",
      "amount": 0.0
    },
    {
      "name": "Fat",
      "amount": 80.6
    },
    {
      "name": "Alcohol",
      "amount": 0.0
    },
    {
      "name": "Caffeine",
      "amount": 0.0
    },
    {
      "name": "Water",
      "amount": 15.8
    },
    {
      "name": "Ash",
      "amount": 2.0
    },
    {
      "name": "Calcium",
      "amount": 66.0
    },
    {
      "name": "Copper",
      "amount": 0.0
    },
    {
      "name": "Iron",
      "amount": 0.0
    },
    {
      "name": "Magnesium",
      "amount": 6.0
    },
    {
      "name": "Phosphorus",
      "amount": 51.0
    },
    {
      "name": "Potassium",
      "amount": 94.0
    },
    {
      "name": "Selenium",
      "amount": 0.0
    },
    {
      "name": "Sodium",
      "amount": 781.0
    },
    {
      "name": "Zinc",
      "amount": 0.0
    },
    {
      "name": "Vitamin A",
      "amount": 3577.0
    },
    {
      "name": "Retinol",
      "amount": 768.0
    },
    {
      "name": "Alpha-carotene",
      "amount": 0.0
    },
    {
      "name": "Beta-carotene",
      "amount": 610.0
    },
    {
      "name": "Beta-cryptoxanthin",
      "amount": 0.0
    },
    {
      "name": "Lycopene",
      "amount": 0.0
    },
    {
      "name": "Lutein+Zeaxanthin",
      "amount": 0.0
    },
    {
      "name": "Folate",
      "amount": 3.0
    },
    {
      "name": "B1 (Thiamine)",
      "amount": 0.022
    },
    {
      "name": "B2 (Riboflavin)",
      "amount": 0.081
    },
    {
      "name": "B3 (Niacin)",
      "amount": 0.05
    },
    {
      "name": "B5 (Pantothenic Acid)",
      "amount": 0.187
    },
    {
      "name": "B6 (Pyridoxine)",
      "amount": 0.019
    },
    {
      "name": "B12 (Cyanocobalamin)",
      "amount": 0.21
    },
    {
      "name": "Vitamin C",
      "amount": 0.4
    },
    {
      "name": "Vitamin E",
      "amount": 4.6
    },
    {
      "name": "Vitamin K",
      "amount": 106.2
    },
    {
      "name": "Choline",
      "amount": 12.4
    },
    {
      "name": "Saturated",
      "amount": 13.2
    },
    {
      "name": "Monounsaturated",
      "amount": 28.1
    },
    {
      "name": "Polyunsaturated",
      "amount": 35.8
    },
    {
      "name": "Omega-3",
      "amount": 2.4
    },
    {
      "name": "Omega-6",
      "amount": 33.4
    },
    {
      "name": "Cholesterol",
      "amount": 0.0
    },
    {
      "name": "Phytosterol",
      "amount": 174.0
    },
    {
      "name": "ALA",
      "amount": 0.066
    },
    {
      "name": "ARG",
      "amount": 0.069
    },
    {
      "name": "ASP",
      "amount": 0.144
    },
    {
      "name": "CYS",
      "amount": 0.018
    },
    {
      "name": "GLU",
      "amount": 0.398
    },
    {
      "name": "GLY",
      "amount": 0.04
    },
    {
      "name": "HIS",
      "amount": 0.052
    },
    {
      "name": "ILE",
      "amount": 0.115
    },
    {
      "name": "LEU",
      "amount": 0.186
    },
    {
      "name": "LYS",
      "amount": 0.151
    },
    {
      "name": "MET",
      "amount": 0.048
    },
    {
      "name": "PHE",
      "amount": 0.092
    },
    {
      "name": "PRO",
      "amount": 0.184
    },
    {
      "name": "SER",
      "amount": 0.103
    },
    {
      "name": "THR",
      "amount": 0.086
    },
    {
      "name": "TRP",
      "amount": 0.027
    },
    {
      "name": "TYR",
      "amount": 0.092
    },
    {
      "name": "VAL",
      "amount": 0.127
    }
  ],
  "foodSource": "usda",
  "foodType": "deprecated"
}