{
  "name": "Margarine-like spread, approximately 60% fat, tub, soybean (hydrogenated) and cottonseed (hydrogenated)",
  "sourceUID": 4106,
  "legacyUID": 4106,
  "pCF": 4.0,
  "cCF": 4.0,
  "lCF": 9.0,
  "comments": [],
  "measures": [
    {
      "grams": 1.0,
      "amount": 1.0,
      "description": "g"
    },
    {
      "grams": 229.0,
      "amount": 1.0,
      "description": "cup"
    },
    {
      "grams": 4.8,
      "amount": 1.0,
      "description": "tsp"
    }
  ],
  "nutrients": [
    {
      "name": "Energy",
      "amount": 540.0
    },
    {
      "name": "Protein",
      "amount": 0.6
    },
    {
      "name": "Carbs",
      "amount": 0.0
    },
    {
      "name": "Fiber",
      "amount": 0.0
    },
    {
      "name": "Sugars",
      "amount": 0.0
    },
    {
      "name": "Fat",
      "amount": 60.8
    },
    {
      "name": "Water",
      "amount": 37.0
    },
    {
      "name": "Ash",
      "amount": 1.7
    },
    {
      "name": "Calcium",
      "amount": 21.0
    },
    {
      "name": "Iron",
      "amount": 0.0
    },
    {
      "name": "Magnesium",
      "amount": 2.0
    },
    {
      "name": "Phosphorus",
      "amount": 16.0
    },
    {
      "name": "Potassium",
      "amount": 30.0
    },
    {
      "name": "Selenium",
      "amount": 0.0
    },
    {
      "name": "Sodium",
      "amount": 994.0
    },
    {
      "name": "Zinc",
      "amount": 0.0
    },
    {
      "name": "Vitamin A",
      "amount": 3577.0
    },
    {
      "name": "Retinol",
      "amount": 768.0
    },
    {
      "name": "Alpha-carotene",
      "amount": 0.0
    },
    {
      "name": "Beta-carotene",
      "amount": 610.0
    },
    {
      "name": "Beta-cryptoxanthin",
      "amount": 0.0
    },
    {
      "name": "Lycopene",
      "amount": 0.0
    },
    {
      "name": "Lutein+Zeaxanthin",
      "amount": 0.0
    },
    {
      "name": "Folate",
      "amount": 1.0
    },
    {
      "name": "B1 (Thiamine)",
      "amount": 0.007
    },
    {
      "name": "B2 (Riboflavin)",
      "amount": 0.026
    },
    {
      "name": "B3 (Niacin)",
      "amount": 0.016
    },
    {
      "name": "B5 (Pantothenic Acid)",
      "amount": 0.059
    },
    {
      "name": "B6 (Pyridoxine)",
      "amount": 0.006
    },
    {
      "name": "B12 (Cyanocobalamin)",
      "amount": 0.07
    },
    {
      "name": "Vitamin C",
      "amount": 0.1
    },
    {
      "name": "Vitamin E",
      "amount": 5.0
    },
    {
      "name": "Vitamin K",
      "amount": 93.0
    },
    {
      "name": "Saturated",
      "amount": 12.0
    },
    {
      "name": "Monounsaturated",
      "amount": 38.9
    },
    {
      "name": "Polyunsaturated",
      "amount": 7.1
    },
    {
      "name": "Omega-3",
      "amount": 0.2
    },
    {
      "name": "Omega-6",
      "amount": 7.0
    },
    {
      "name": "Cholesterol",
      "amount": 0.0
    },
    {
      "name": "Phytosterol",
      "amount": 159.0
    },
    {
      "name": "ALA",
      "amount": 0.021
    },
    {
      "name": "ARG",
      "amount": 0.022
    },
    {
      "name": "ASP",
      "amount": 0.045
    },
    {
      "name": "CYS",
      "amount": 0.006
    },
    {
      "name": "GLU",
      "amount": 0.126
    },
    {
      "name": "GLY",
      "amount": 0.013
    },
    {
      "name": "HIS",
      "amount": 0.016
    },
    {
      "name": "ILE",
      "amount": 0.036
    },
    {
      "name": "LEU",
      "amount": 0.059
    },
    {
      "name": "LYS",
      "amount": 0.048
    },
    {
      "name": "MET",
      "amount": 0.015
    },
    {
      "name": "PHE",
      "amount": 0.029
    },
    {
      "name": "PRO",
      "amount": 0.058
    },
    {
      "name": "SER",
      "amount": 0.033
    },
    {
      "name": "THR",
      "amount": 0.027
    },
    {
      "name": "TRP",
      "amount": 0.008
    },
    {
      "name": "TYR",
      "amount": 0.029
    },
    {
      "name": "VAL",
      "amount": 0.04
    }
  ],
  "foodSource": "usda",
  "foodType": "deprecated"
}