{
  "name": "Salad dressing, KRAFT Zesty Italian Dressing",
  "sourceUID": 4116,
  "legacyUID": 4116,
  "pCF": 4.0,
  "cCF": 4.0,
  "lCF": 9.0,
  "comments": [],
  "measures": [
    {
      "grams": 1.0,
      "amount": 1.0,
      "description": "g"
    },
    {
      "grams": 31.0,
      "amount": 2.0,
      "description": "tbsp"
    }
  ],
  "nutrients": [
    {
      "name": "Energy",
      "amount": 351.0
    },
    {
      "name": "Protein",
      "amount": 0.3
    },
    {
      "name": "Carbs",
      "amount": 5.7
    },
    {
      "name": "Fiber",
      "amount": 0.5
    },
    {
      "name": "Sugars",
      "amount": 4.3
    },
    {
      "name": "Fat",
      "amount": 35.9
    },
    {
      "name": "Water",
      "amount": 52.7
    },
    {
      "name": "Ash",
      "amount": 4.2
    },
    {
      "name": "Calcium",
      "amount": 4.0
    },
    {
      "name": "Iron",
      "amount": 0.16
    },
    {
      "name": "Phosphorus",
      "amount": 14.0
    },
    {
      "name": "Potassium",
      "amount": 29.0
    },
    {
      "name": "Sodium",
      "amount": 1630.0
    },
    {
      "name": "Vitamin A",
      "amount": 36.0
    },
    {
      "name": "Vitamin C",
      "amount": 0.5
    },
    {
      "name": "Saturated",
      "amount": 4.0
    },
    {
      "name": "Cholesterol",
      "amount": 0.0
    }
  ],
  "foodSource": "usda",
  "foodType": "deprecated"
}