{
  "name": "Margarine-like spread, (approximately 40% fat), soybean (hydrogenated) and cottonseed",
  "sourceUID": 4112,
  "legacyUID": 4112,
  "pCF": 4.0,
  "cCF": 4.0,
  "lCF": 9.0,
  "comments": [],
  "measures": [
    {
      "grams": 1.0,
      "amount": 1.0,
      "description": "g"
    },
    {
      "grams": 232.0,
      "amount": 1.0,
      "description": "cup"
    },
    {
      "grams": 4.8,
      "amount": 1.0,
      "description": "tsp"
    }
  ],
  "nutrients": [
    {
      "name": "Energy",
      "amount": 345.0
    },
    {
      "name": "Protein",
      "amount": 0.5
    },
    {
      "name": "Carbs",
      "amount": 0.4
    },
    {
      "name": "Fiber",
      "amount": 0.0
    },
    {
      "name": "Sugars",
      "amount": 0.0
    },
    {
      "name": "Fat",
      "amount": 38.8
    },
    {
      "name": "Water",
      "amount": 58.1
    },
    {
      "name": "Ash",
      "amount": 2.2
    },
    {
      "name": "Calcium",
      "amount": 18.0
    },
    {
      "name": "Iron",
      "amount": 0.0
    },
    {
      "name": "Magnesium",
      "amount": 2.0
    },
    {
      "name": "Phosphorus",
      "amount": 14.0
    },
    {
      "name": "Potassium",
      "amount": 25.0
    },
    {
      "name": "Selenium",
      "amount": 0.0
    },
    {
      "name": "Sodium",
      "amount": 960.0
    },
    {
      "name": "Zinc",
      "amount": 0.0
    },
    {
      "name": "Vitamin A",
      "amount": 3577.0
    },
    {
      "name": "Retinol",
      "amount": 768.0
    },
    {
      "name": "Alpha-carotene",
      "amount": 0.0
    },
    {
      "name": "Beta-carotene",
      "amount": 610.0
    },
    {
      "name": "Beta-cryptoxanthin",
      "amount": 0.0
    },
    {
      "name": "Lycopene",
      "amount": 0.0
    },
    {
      "name": "Lutein+Zeaxanthin",
      "amount": 0.0
    },
    {
      "name": "Folate",
      "amount": 1.0
    },
    {
      "name": "B1 (Thiamine)",
      "amount": 0.006
    },
    {
      "name": "B2 (Riboflavin)",
      "amount": 0.022
    },
    {
      "name": "B3 (Niacin)",
      "amount": 0.013
    },
    {
      "name": "B5 (Pantothenic Acid)",
      "amount": 0.051
    },
    {
      "name": "B6 (Pyridoxine)",
      "amount": 0.005
    },
    {
      "name": "B12 (Cyanocobalamin)",
      "amount": 0.06
    },
    {
      "name": "Vitamin C",
      "amount": 0.1
    },
    {
      "name": "Vitamin E",
      "amount": 2.7
    },
    {
      "name": "Vitamin K",
      "amount": 93.0
    },
    {
      "name": "Saturated",
      "amount": 8.3
    },
    {
      "name": "Monounsaturated",
      "amount": 14.2
    },
    {
      "name": "Polyunsaturated",
      "amount": 14.5
    },
    {
      "name": "Omega-3",
      "amount": 0.2
    },
    {
      "name": "Omega-6",
      "amount": 14.3
    },
    {
      "name": "Cholesterol",
      "amount": 0.0
    },
    {
      "name": "Phytosterol",
      "amount": 70.0
    },
    {
      "name": "ALA",
      "amount": 0.018
    },
    {
      "name": "ARG",
      "amount": 0.018
    },
    {
      "name": "ASP",
      "amount": 0.039
    },
    {
      "name": "CYS",
      "amount": 0.005
    },
    {
      "name": "GLU",
      "amount": 0.107
    },
    {
      "name": "GLY",
      "amount": 0.011
    },
    {
      "name": "HIS",
      "amount": 0.014
    },
    {
      "name": "ILE",
      "amount": 0.031
    },
    {
      "name": "LEU",
      "amount": 0.05
    },
    {
      "name": "LYS",
      "amount": 0.04
    },
    {
      "name": "MET",
      "amount": 0.013
    },
    {
      "name": "PHE",
      "amount": 0.025
    },
    {
      "name": "PRO",
      "amount": 0.049
    },
    {
      "name": "SER",
      "amount": 0.028
    },
    {
      "name": "THR",
      "amount": 0.023
    },
    {
      "name": "TRP",
      "amount": 0.007
    },
    {
      "name": "TYR",
      "amount": 0.025
    },
    {
      "name": "VAL",
      "amount": 0.034
    }
  ],
  "foodSource": "usda",
  "foodType": "deprecated"
}