{
  "name": "Salad dressing, KRAFT LIGHT DONE RIGHT! Ranch Dressing",
  "sourceUID": 4117,
  "legacyUID": 4117,
  "pCF": 4.0,
  "cCF": 4.0,
  "lCF": 9.0,
  "comments": [],
  "measures": [
    {
      "grams": 1.0,
      "amount": 1.0,
      "description": "g"
    },
    {
      "grams": 30.0,
      "amount": 2.0,
      "description": "tbsp"
    }
  ],
  "nutrients": [
    {
      "name": "Energy",
      "amount": 256.0
    },
    {
      "name": "Protein",
      "amount": 1.2
    },
    {
      "name": "Carbs",
      "amount": 10.5
    },
    {
      "name": "Fiber",
      "amount": 0.5
    },
    {
      "name": "Sugars",
      "amount": 4.2
    },
    {
      "name": "Fat",
      "amount": 22.8
    },
    {
      "name": "Water",
      "amount": 61.3
    },
    {
      "name": "Ash",
      "amount": 2.7
    },
    {
      "name": "Calcium",
      "amount": 26.0
    },
    {
      "name": "Iron",
      "amount": 0.19
    },
    {
      "name": "Phosphorus",
      "amount": 155.0
    },
    {
      "name": "Potassium",
      "amount": 134.0
    },
    {
      "name": "Sodium",
      "amount": 1009.0
    },
    {
      "name": "Vitamin A",
      "amount": 41.0
    },
    {
      "name": "Vitamin C",
      "amount": 0.1
    },
    {
      "name": "Saturated",
      "amount": 1.9
    },
    {
      "name": "Cholesterol",
      "amount": 28.0
    }
  ],
  "foodSource": "usda",
  "foodType": "deprecated"
}