{
  "name": "Salad dressing, KRAFT Ranch Dressing",
  "sourceUID": 4115,
  "legacyUID": 4115,
  "pCF": 4.0,
  "cCF": 4.0,
  "lCF": 9.0,
  "comments": [],
  "measures": [
    {
      "grams": 1.0,
      "amount": 1.0,
      "description": "g"
    },
    {
      "grams": 29.0,
      "amount": 2.0,
      "description": "tbsp"
    }
  ],
  "nutrients": [
    {
      "name": "Energy",
      "amount": 510.0
    },
    {
      "name": "Protein",
      "amount": 1.4
    },
    {
      "name": "Carbs",
      "amount": 4.6
    },
    {
      "name": "Fiber",
      "amount": 0.3
    },
    {
      "name": "Sugars",
      "amount": 4.0
    },
    {
      "name": "Fat",
      "amount": 53.7
    },
    {
      "name": "Water",
      "amount": 36.8
    },
    {
      "name": "Ash",
      "amount": 2.6
    },
    {
      "name": "Calcium",
      "amount": 29.0
    },
    {
      "name": "Iron",
      "amount": 0.18
    },
    {
      "name": "Phosphorus",
      "amount": 91.0
    },
    {
      "name": "Potassium",
      "amount": 49.0
    },
    {
      "name": "Sodium",
      "amount": 990.0
    },
    {
      "name": "Vitamin A",
      "amount": 38.0
    },
    {
      "name": "Vitamin C",
      "amount": 0.2
    },
    {
      "name": "Saturated",
      "amount": 8.2
    },
    {
      "name": "Cholesterol",
      "amount": 28.0
    }
  ],
  "foodSource": "usda",
  "foodType": "deprecated"
}