{
  "name": "Salad dressing, KRAFT FREE Fat Free Ranch Dressing",
  "sourceUID": 4119,
  "legacyUID": 4119,
  "pCF": 4.0,
  "cCF": 4.0,
  "lCF": 9.0,
  "comments": [],
  "measures": [
    {
      "grams": 1.0,
      "amount": 1.0,
      "description": "g"
    },
    {
      "grams": 35.0,
      "amount": 2.0,
      "description": "tbsp"
    }
  ],
  "nutrients": [
    {
      "name": "Energy",
      "amount": 138.0
    },
    {
      "name": "Protein",
      "amount": 0.7
    },
    {
      "name": "Carbs",
      "amount": 30.6
    },
    {
      "name": "Fiber",
      "amount": 0.6
    },
    {
      "name": "Sugars",
      "amount": 6.1
    },
    {
      "name": "Fat",
      "amount": 1.0
    },
    {
      "name": "Water",
      "amount": 63.6
    },
    {
      "name": "Ash",
      "amount": 3.0
    },
    {
      "name": "Calcium",
      "amount": 26.0
    },
    {
      "name": "Iron",
      "amount": 0.06
    },
    {
      "name": "Phosphorus",
      "amount": 79.0
    },
    {
      "name": "Potassium",
      "amount": 88.0
    },
    {
      "name": "Sodium",
      "amount": 1011.0
    },
    {
      "name": "Vitamin A",
      "amount": 8.0
    },
    {
      "name": "Vitamin C",
      "amount": 0.1
    },
    {
      "name": "Saturated",
      "amount": 0.2
    },
    {
      "name": "Cholesterol",
      "amount": 1.0
    }
  ],
  "foodSource": "usda",
  "foodType": "deprecated"
}