{
  "name": "Salad dressing, KRAFT LIGHT DONE RIGHT! Italian Dressing",
  "sourceUID": 4118,
  "legacyUID": 4118,
  "pCF": 4.0,
  "cCF": 4.0,
  "lCF": 9.0,
  "comments": [],
  "measures": [
    {
      "grams": 1.0,
      "amount": 1.0,
      "description": "g"
    },
    {
      "grams": 31.0,
      "amount": 2.0,
      "description": "tbsp"
    }
  ],
  "nutrients": [
    {
      "name": "Energy",
      "amount": 170.0
    },
    {
      "name": "Protein",
      "amount": 1.1
    },
    {
      "name": "Carbs",
      "amount": 8.0
    },
    {
      "name": "Fiber",
      "amount": 1.3
    },
    {
      "name": "Sugars",
      "amount": 4.9
    },
    {
      "name": "Fat",
      "amount": 14.4
    },
    {
      "name": "Water",
      "amount": 73.0
    },
    {
      "name": "Ash",
      "amount": 2.1
    },
    {
      "name": "Calcium",
      "amount": 28.0
    },
    {
      "name": "Iron",
      "amount": 0.33
    },
    {
      "name": "Phosphorus",
      "amount": 25.0
    },
    {
      "name": "Potassium",
      "amount": 90.0
    },
    {
      "name": "Sodium",
      "amount": 736.0
    },
    {
      "name": "Vitamin A",
      "amount": 179.0
    },
    {
      "name": "Vitamin C",
      "amount": 1.8
    },
    {
      "name": "Saturated",
      "amount": 1.3
    },
    {
      "name": "Cholesterol",
      "amount": 1.0
    }
  ],
  "foodSource": "usda",
  "foodType": "deprecated"
}