{
  "name": "Salad dressing, KRAFT FREE Fat Free Italian Dressing",
  "sourceUID": 4121,
  "legacyUID": 4121,
  "pCF": 4.0,
  "cCF": 4.0,
  "lCF": 9.0,
  "comments": [],
  "measures": [
    {
      "grams": 1.0,
      "amount": 1.0,
      "description": "g"
    },
    {
      "grams": 33.0,
      "amount": 2.0,
      "description": "tbsp"
    }
  ],
  "nutrients": [
    {
      "name": "Energy",
      "amount": 62.0
    },
    {
      "name": "Protein",
      "amount": 1.4
    },
    {
      "name": "Carbs",
      "amount": 11.0
    },
    {
      "name": "Fiber",
      "amount": 0.7
    },
    {
      "name": "Sugars",
      "amount": 6.6
    },
    {
      "name": "Fat",
      "amount": 0.9
    },
    {
      "name": "Water",
      "amount": 81.6
    },
    {
      "name": "Ash",
      "amount": 3.6
    },
    {
      "name": "Calcium",
      "amount": 42.0
    },
    {
      "name": "Iron",
      "amount": 0.24
    },
    {
      "name": "Phosphorus",
      "amount": 205.0
    },
    {
      "name": "Potassium",
      "amount": 115.0
    },
    {
      "name": "Sodium",
      "amount": 1302.0
    },
    {
      "name": "Vitamin A",
      "amount": 158.0
    },
    {
      "name": "Vitamin C",
      "amount": 1.3
    },
    {
      "name": "Saturated",
      "amount": 0.5
    },
    {
      "name": "Cholesterol",
      "amount": 3.0
    }
  ],
  "foodSource": "usda",
  "foodType": "deprecated"
}