{
  "name": "Salad dressing, home recipe, cooked",
  "sourceUID": 4134,
  "legacyUID": 4134,
  "pCF": 4.0,
  "cCF": 4.0,
  "lCF": 9.0,
  "comments": [],
  "measures": [
    {
      "grams": 1.0,
      "amount": 1.0,
      "description": "g"
    },
    {
      "grams": 16.0,
      "amount": 1.0,
      "description": "tbsp"
    },
    {
      "grams": 255.0,
      "amount": 1.0,
      "description": "cup"
    }
  ],
  "nutrients": [
    {
      "name": "Energy",
      "amount": 157.0
    },
    {
      "name": "Protein",
      "amount": 4.2
    },
    {
      "name": "Carbs",
      "amount": 14.9
    },
    {
      "name": "Fiber",
      "amount": 0.0
    },
    {
      "name": "Sugars",
      "amount": 9.07
    },
    {
      "name": "Fat",
      "amount": 9.5
    },
    {
      "name": "Alcohol",
      "amount": 0.0
    },
    {
      "name": "Caffeine",
      "amount": 0.0
    },
    {
      "name": "Water",
      "amount": 69.2
    },
    {
      "name": "Ash",
      "amount": 2.4
    },
    {
      "name": "Calcium",
      "amount": 84.0
    },
    {
      "name": "Copper",
      "amount": 0.01
    },
    {
      "name": "Iron",
      "amount": 0.5
    },
    {
      "name": "Magnesium",
      "amount": 8.0
    },
    {
      "name": "Phosphorus",
      "amount": 87.0
    },
    {
      "name": "Potassium",
      "amount": 121.0
    },
    {
      "name": "Selenium",
      "amount": 1.6
    },
    {
      "name": "Sodium",
      "amount": 734.0
    },
    {
      "name": "Zinc",
      "amount": 0.35
    },
    {
      "name": "Vitamin A",
      "amount": 171.0
    },
    {
      "name": "Retinol",
      "amount": 49.0
    },
    {
      "name": "Alpha-carotene",
      "amount": 0.0
    },
    {
      "name": "Beta-carotene",
      "amount": 3.0
    },
    {
      "name": "Beta-cryptoxanthin",
      "amount": 1.0
    },
    {
      "name": "Lycopene",
      "amount": 0.0
    },
    {
      "name": "Lutein+Zeaxanthin",
      "amount": 50.0
    },
    {
      "name": "Folate",
      "amount": 17.0
    },
    {
      "name": "B1 (Thiamine)",
      "amount": 0.06
    },
    {
      "name": "B2 (Riboflavin)",
      "amount": 0.15
    },
    {
      "name": "B3 (Niacin)",
      "amount": 0.25
    },
    {
      "name": "B5 (Pantothenic Acid)",
      "amount": 0.0
    },
    {
      "name": "B6 (Pyridoxine)",
      "amount": 0.03
    },
    {
      "name": "B12 (Cyanocobalamin)",
      "amount": 0.35
    },
    {
      "name": "Vitamin C",
      "amount": 0.6
    },
    {
      "name": "Vitamin D",
      "amount": 34.0
    },
    {
      "name": "Vitamin E",
      "amount": 0.8
    },
    {
      "name": "Vitamin K",
      "amount": 13.8
    },
    {
      "name": "Choline",
      "amount": 47.9
    },
    {
      "name": "Saturated",
      "amount": 2.9
    },
    {
      "name": "Monounsaturated",
      "amount": 3.8
    },
    {
      "name": "Polyunsaturated",
      "amount": 2.1
    },
    {
      "name": "Omega-3",
      "amount": 0.1
    },
    {
      "name": "Omega-6",
      "amount": 2.0
    },
    {
      "name": "Cholesterol",
      "amount": 57.0
    },
    {
      "name": "Phytosterol",
      "amount": 24.0
    },
    {
      "name": "ALA",
      "amount": 0.223
    },
    {
      "name": "ARG",
      "amount": 0.241
    },
    {
      "name": "ASP",
      "amount": 0.459
    },
    {
      "name": "CYS",
      "amount": 0.13
    },
    {
      "name": "GLU",
      "amount": 0.993
    },
    {
      "name": "GLY",
      "amount": 0.138
    },
    {
      "name": "HIS",
      "amount": 0.116
    },
    {
      "name": "ILE",
      "amount": 0.259
    },
    {
      "name": "LEU",
      "amount": 0.449
    },
    {
      "name": "LYS",
      "amount": 0.329
    },
    {
      "name": "MET",
      "amount": 0.132
    },
    {
      "name": "PHE",
      "amount": 0.256
    },
    {
      "name": "PRO",
      "amount": 0.395
    },
    {
      "name": "SER",
      "amount": 0.205
    },
    {
      "name": "THR",
      "amount": 0.183
    },
    {
      "name": "TRP",
      "amount": 0.063
    },
    {
      "name": "TYR",
      "amount": 0.206
    },
    {
      "name": "VAL",
      "amount": 0.319
    }
  ],
  "foodSource": "usda",
  "foodType": "deprecated"
}