{
  "name": "Salad dressing, blue + roquefort cheese, commercial, regular, without salt",
  "sourceUID": 4140,
  "legacyUID": 4140,
  "pCF": 4.0,
  "cCF": 4.0,
  "lCF": 9.0,
  "comments": [],
  "measures": [
    {
      "grams": 1.0,
      "amount": 1.0,
      "description": "g"
    },
    {
      "grams": 15.0,
      "amount": 1.0,
      "description": "tablespoon"
    },
    {
      "grams": 245.0,
      "amount": 1.0,
      "description": "cup"
    }
  ],
  "nutrients": [
    {
      "name": "Energy",
      "amount": 504.0
    },
    {
      "name": "Protein",
      "amount": 4.8
    },
    {
      "name": "Carbs",
      "amount": 7.4
    },
    {
      "name": "Fiber",
      "amount": 0.0
    },
    {
      "name": "Fat",
      "amount": 52.3
    },
    {
      "name": "Water",
      "amount": 32.3
    },
    {
      "name": "Ash",
      "amount": 0.5
    },
    {
      "name": "Calcium",
      "amount": 81.0
    },
    {
      "name": "Iron",
      "amount": 0.2
    },
    {
      "name": "Phosphorus",
      "amount": 74.0
    },
    {
      "name": "Potassium",
      "amount": 37.0
    },
    {
      "name": "Selenium",
      "amount": 1.6
    },
    {
      "name": "Sodium",
      "amount": 30.0
    },
    {
      "name": "Vitamin A",
      "amount": 210.0
    },
    {
      "name": "Retinol",
      "amount": 63.0
    },
    {
      "name": "B1 (Thiamine)",
      "amount": 0.01
    },
    {
      "name": "B2 (Riboflavin)",
      "amount": 0.1
    },
    {
      "name": "B3 (Niacin)",
      "amount": 0.1
    },
    {
      "name": "Vitamin C",
      "amount": 2.0
    },
    {
      "name": "Saturated",
      "amount": 9.9
    },
    {
      "name": "Omega-6",
      "amount": 23.5
    },
    {
      "name": "Cholesterol",
      "amount": 17.0
    }
  ],
  "foodSource": "usda",
  "foodType": "deprecated"
}