{
  "name": "Fat, duck",
  "sourceUID": 4574,
  "legacyUID": 4574,
  "pCF": 4.0,
  "cCF": 4.0,
  "lCF": 9.0,
  "comments": [],
  "measures": [
    {
      "grams": 1.0,
      "amount": 1.0,
      "description": "g"
    },
    {
      "grams": 12.8,
      "amount": 1.0,
      "description": "tbsp"
    },
    {
      "grams": 205.0,
      "amount": 1.0,
      "description": "cup"
    }
  ],
  "nutrients": [
    {
      "name": "Energy",
      "amount": 882.0
    },
    {
      "name": "Protein",
      "amount": 0.0
    },
    {
      "name": "Carbs",
      "amount": 0.0
    },
    {
      "name": "Fiber",
      "amount": 0.0
    },
    {
      "name": "Sugars",
      "amount": 0.0
    },
    {
      "name": "Fat",
      "amount": 99.8
    },
    {
      "name": "Alcohol",
      "amount": 0.0
    },
    {
      "name": "Caffeine",
      "amount": 0.0
    },
    {
      "name": "Water",
      "amount": 0.2
    },
    {
      "name": "Ash",
      "amount": 0.0
    },
    {
      "name": "Calcium",
      "amount": 0.0
    },
    {
      "name": "Copper",
      "amount": 0.0
    },
    {
      "name": "Iron",
      "amount": 0.0
    },
    {
      "name": "Magnesium",
      "amount": 0.0
    },
    {
      "name": "Phosphorus",
      "amount": 0.0
    },
    {
      "name": "Potassium",
      "amount": 0.0
    },
    {
      "name": "Selenium",
      "amount": 0.2
    },
    {
      "name": "Sodium",
      "amount": 0.0
    },
    {
      "name": "Zinc",
      "amount": 0.0
    },
    {
      "name": "Vitamin A",
      "amount": 0.0
    },
    {
      "name": "Retinol",
      "amount": 0.0
    },
    {
      "name": "Alpha-carotene",
      "amount": 0.0
    },
    {
      "name": "Beta-carotene",
      "amount": 0.0
    },
    {
      "name": "Beta-cryptoxanthin",
      "amount": 0.0
    },
    {
      "name": "Lycopene",
      "amount": 0.0
    },
    {
      "name": "Lutein+Zeaxanthin",
      "amount": 0.0
    },
    {
      "name": "Folate",
      "amount": 0.0
    },
    {
      "name": "B1 (Thiamine)",
      "amount": 0.0
    },
    {
      "name": "B2 (Riboflavin)",
      "amount": 0.0
    },
    {
      "name": "B3 (Niacin)",
      "amount": 0.0
    },
    {
      "name": "B5 (Pantothenic Acid)",
      "amount": 0.0
    },
    {
      "name": "B6 (Pyridoxine)",
      "amount": 0.0
    },
    {
      "name": "B12 (Cyanocobalamin)",
      "amount": 0.0
    },
    {
      "name": "Vitamin C",
      "amount": 0.0
    },
    {
      "name": "Vitamin D",
      "amount": 191.0
    },
    {
      "name": "Vitamin E",
      "amount": 2.7
    },
    {
      "name": "Vitamin K",
      "amount": 0.0
    },
    {
      "name": "Choline",
      "amount": 122.4
    },
    {
      "name": "Saturated",
      "amount": 33.2
    },
    {
      "name": "Monounsaturated",
      "amount": 49.3
    },
    {
      "name": "Polyunsaturated",
      "amount": 12.9
    },
    {
      "name": "Omega-3",
      "amount": 1.0
    },
    {
      "name": "Omega-6",
      "amount": 12.0
    },
    {
      "name": "Cholesterol",
      "amount": 100.0
    },
    {
      "name": "Phytosterol",
      "amount": 0.0
    },
    {
      "name": "ALA",
      "amount": 0.0
    },
    {
      "name": "ARG",
      "amount": 0.0
    },
    {
      "name": "ASP",
      "amount": 0.0
    },
    {
      "name": "CYS",
      "amount": 0.0
    },
    {
      "name": "GLU",
      "amount": 0.0
    },
    {
      "name": "GLY",
      "amount": 0.0
    },
    {
      "name": "HIS",
      "amount": 0.0
    },
    {
      "name": "ILE",
      "amount": 0.0
    },
    {
      "name": "LEU",
      "amount": 0.0
    },
    {
      "name": "LYS",
      "amount": 0.0
    },
    {
      "name": "MET",
      "amount": 0.0
    },
    {
      "name": "PHE",
      "amount": 0.0
    },
    {
      "name": "PRO",
      "amount": 0.0
    },
    {
      "name": "SER",
      "amount": 0.0
    },
    {
      "name": "THR",
      "amount": 0.0
    },
    {
      "name": "TRP",
      "amount": 0.0
    },
    {
      "name": "TYR",
      "amount": 0.0
    },
    {
      "name": "VAL",
      "amount": 0.0
    }
  ],
  "foodSource": "usda",
  "foodType": "deprecated"
}