{
  "name": "Meat drippings (lard, beef tallow, mutton tallow)",
  "sourceUID": 4606,
  "legacyUID": 4606,
  "pCF": 4.0,
  "cCF": 4.0,
  "lCF": 9.0,
  "comments": [],
  "measures": [
    {
      "grams": 1.0,
      "amount": 1.0,
      "description": "g"
    },
    {
      "grams": 12.8,
      "amount": 1.0,
      "description": "tablespoon"
    },
    {
      "grams": 28.35,
      "amount": 1.0,
      "description": "oz"
    }
  ],
  "nutrients": [
    {
      "name": "Energy",
      "amount": 889.0
    },
    {
      "name": "Protein",
      "amount": 0.0
    },
    {
      "name": "Carbs",
      "amount": 0.0
    },
    {
      "name": "Fiber",
      "amount": 0.0
    },
    {
      "name": "Sugars",
      "amount": 0.0
    },
    {
      "name": "Fat",
      "amount": 98.59
    },
    {
      "name": "Alcohol",
      "amount": 0.0
    },
    {
      "name": "Caffeine",
      "amount": 0.0
    },
    {
      "name": "Water",
      "amount": 0.0
    },
    {
      "name": "Ash",
      "amount": 1.4
    },
    {
      "name": "Calcium",
      "amount": 0.0
    },
    {
      "name": "Copper",
      "amount": 0.0
    },
    {
      "name": "Iron",
      "amount": 0.0
    },
    {
      "name": "Magnesium",
      "amount": 0.0
    },
    {
      "name": "Phosphorus",
      "amount": 0.0
    },
    {
      "name": "Potassium",
      "amount": 0.0
    },
    {
      "name": "Selenium",
      "amount": 0.0
    },
    {
      "name": "Sodium",
      "amount": 545.0
    },
    {
      "name": "Zinc",
      "amount": 0.0
    },
    {
      "name": "Vitamin A",
      "amount": 0.0
    },
    {
      "name": "Retinol",
      "amount": 0.0
    },
    {
      "name": "Alpha-carotene",
      "amount": 0.0
    },
    {
      "name": "Beta-carotene",
      "amount": 0.0
    },
    {
      "name": "Beta-cryptoxanthin",
      "amount": 0.0
    },
    {
      "name": "Lycopene",
      "amount": 0.0
    },
    {
      "name": "Lutein+Zeaxanthin",
      "amount": 0.0
    },
    {
      "name": "Folate",
      "amount": 0.0
    },
    {
      "name": "B1 (Thiamine)",
      "amount": 0.0
    },
    {
      "name": "B2 (Riboflavin)",
      "amount": 0.0
    },
    {
      "name": "B3 (Niacin)",
      "amount": 0.0
    },
    {
      "name": "B6 (Pyridoxine)",
      "amount": 0.0
    },
    {
      "name": "B12 (Cyanocobalamin)",
      "amount": 0.0
    },
    {
      "name": "Vitamin C",
      "amount": 0.0
    },
    {
      "name": "Vitamin D",
      "amount": 100.0
    },
    {
      "name": "Vitamin E",
      "amount": 0.59
    },
    {
      "name": "Vitamin K",
      "amount": 0.0
    },
    {
      "name": "Choline",
      "amount": 49.0
    },
    {
      "name": "Saturated",
      "amount": 44.79
    },
    {
      "name": "Monounsaturated",
      "amount": 41.77
    },
    {
      "name": "Polyunsaturated",
      "amount": 7.56
    },
    {
      "name": "Omega-3",
      "amount": 1.282
    },
    {
      "name": "Omega-6",
      "amount": 6.179
    },
    {
      "name": "Cholesterol",
      "amount": 101.0
    }
  ],
  "foodSource": "usda",
  "foodType": "deprecated"
}