{
  "name": "Shortening, institutional, composite",
  "sourceUID": 4616,
  "legacyUID": 4616,
  "pCF": 4.0,
  "cCF": 4.0,
  "lCF": 9.0,
  "comments": [],
  "measures": [
    {
      "grams": 1.0,
      "amount": 1.0,
      "description": "g"
    },
    {
      "grams": 12.8,
      "amount": 1.0,
      "description": "tbsp"
    },
    {
      "grams": 205.0,
      "amount": 1.0,
      "description": "cup"
    }
  ],
  "nutrients": [
    {
      "name": "Energy",
      "amount": 894.0
    },
    {
      "name": "Protein",
      "amount": 0.0
    },
    {
      "name": "Carbs",
      "amount": 0.0
    },
    {
      "name": "Fiber",
      "amount": 0.0
    },
    {
      "name": "Sugars",
      "amount": 0.0
    },
    {
      "name": "Fat",
      "amount": 100.0
    },
    {
      "name": "Alcohol",
      "amount": 0.0
    },
    {
      "name": "Caffeine",
      "amount": 0.0
    },
    {
      "name": "Water",
      "amount": 0.0
    },
    {
      "name": "Ash",
      "amount": 0.0
    },
    {
      "name": "Calcium",
      "amount": 0.0
    },
    {
      "name": "Copper",
      "amount": 0.0
    },
    {
      "name": "Iron",
      "amount": 0.0
    },
    {
      "name": "Magnesium",
      "amount": 0.0
    },
    {
      "name": "Phosphorus",
      "amount": 0.0
    },
    {
      "name": "Potassium",
      "amount": 0.0
    },
    {
      "name": "Selenium",
      "amount": 0.0
    },
    {
      "name": "Sodium",
      "amount": 0.0
    },
    {
      "name": "Zinc",
      "amount": 0.0
    },
    {
      "name": "Vitamin A",
      "amount": 0.0
    },
    {
      "name": "Retinol",
      "amount": 0.0
    },
    {
      "name": "Alpha-carotene",
      "amount": 0.0
    },
    {
      "name": "Beta-carotene",
      "amount": 0.0
    },
    {
      "name": "Beta-cryptoxanthin",
      "amount": 0.0
    },
    {
      "name": "Lycopene",
      "amount": 0.0
    },
    {
      "name": "Lutein+Zeaxanthin",
      "amount": 0.0
    },
    {
      "name": "Folate",
      "amount": 0.0
    },
    {
      "name": "B1 (Thiamine)",
      "amount": 0.0
    },
    {
      "name": "B2 (Riboflavin)",
      "amount": 0.0
    },
    {
      "name": "B3 (Niacin)",
      "amount": 0.0
    },
    {
      "name": "B6 (Pyridoxine)",
      "amount": 0.0
    },
    {
      "name": "B12 (Cyanocobalamin)",
      "amount": 0.0
    },
    {
      "name": "Vitamin C",
      "amount": 0.0
    },
    {
      "name": "Vitamin D",
      "amount": 0.0
    },
    {
      "name": "Vitamin E",
      "amount": 0.8
    },
    {
      "name": "Beta Tocopherol",
      "amount": 0.0
    },
    {
      "name": "Delta Tocopherol",
      "amount": 16.68
    },
    {
      "name": "Gamma Tocopherol",
      "amount": 29.44
    },
    {
      "name": "Vitamin K",
      "amount": 43.0
    },
    {
      "name": "Choline",
      "amount": 0.2
    },
    {
      "name": "Saturated",
      "amount": 23.95
    },
    {
      "name": "Monounsaturated",
      "amount": 59.56
    },
    {
      "name": "Polyunsaturated",
      "amount": 12.09
    },
    {
      "name": "Omega-3",
      "amount": 0.14
    },
    {
      "name": "Omega-6",
      "amount": 11.95
    },
    {
      "name": "Cholesterol",
      "amount": 0.0
    }
  ],
  "foodSource": "usda",
  "foodType": "deprecated"
}