{
  "name": "Margarine, vegetable oil spread, 60% fat, stick, no salt",
  "sourceUID": 4619,
  "legacyUID": 4619,
  "pCF": 4.0,
  "cCF": 4.0,
  "lCF": 9.0,
  "comments": [],
  "measures": [
    {
      "grams": 1.0,
      "amount": 1.0,
      "description": "g"
    },
    {
      "grams": 14.0,
      "amount": 1.0,
      "description": "tbsp"
    }
  ],
  "nutrients": [
    {
      "name": "Energy",
      "amount": 537.0
    },
    {
      "name": "Protein",
      "amount": 0.12
    },
    {
      "name": "Carbs",
      "amount": 0.69
    },
    {
      "name": "Fiber",
      "amount": 0.0
    },
    {
      "name": "Sugars",
      "amount": 0.0
    },
    {
      "name": "Fat",
      "amount": 60.39
    },
    {
      "name": "Alcohol",
      "amount": 0.0
    },
    {
      "name": "Caffeine",
      "amount": 0.0
    },
    {
      "name": "Water",
      "amount": 36.95
    },
    {
      "name": "Ash",
      "amount": 1.84
    },
    {
      "name": "Calcium",
      "amount": 21.0
    },
    {
      "name": "Copper",
      "amount": 0.008
    },
    {
      "name": "Iron",
      "amount": 0.0
    },
    {
      "name": "Magnesium",
      "amount": 2.0
    },
    {
      "name": "Phosphorus",
      "amount": 16.0
    },
    {
      "name": "Potassium",
      "amount": 30.0
    },
    {
      "name": "Selenium",
      "amount": 0.0
    },
    {
      "name": "Sodium",
      "amount": 2.0
    },
    {
      "name": "Zinc",
      "amount": 0.0
    },
    {
      "name": "Vitamin A",
      "amount": 3577.0
    },
    {
      "name": "Retinol",
      "amount": 768.0
    },
    {
      "name": "Alpha-carotene",
      "amount": 0.0
    },
    {
      "name": "Beta-carotene",
      "amount": 610.0
    },
    {
      "name": "Beta-cryptoxanthin",
      "amount": 0.0
    },
    {
      "name": "Lycopene",
      "amount": 0.0
    },
    {
      "name": "Lutein+Zeaxanthin",
      "amount": 0.0
    },
    {
      "name": "Folate",
      "amount": 1.0
    },
    {
      "name": "B1 (Thiamine)",
      "amount": 0.007
    },
    {
      "name": "B2 (Riboflavin)",
      "amount": 0.026
    },
    {
      "name": "B3 (Niacin)",
      "amount": 0.016
    },
    {
      "name": "B6 (Pyridoxine)",
      "amount": 0.006
    },
    {
      "name": "B12 (Cyanocobalamin)",
      "amount": 0.07
    },
    {
      "name": "Vitamin C",
      "amount": 0.1
    },
    {
      "name": "Vitamin E",
      "amount": 5.0
    },
    {
      "name": "Vitamin K",
      "amount": 101.3
    },
    {
      "name": "Choline",
      "amount": 12.4
    },
    {
      "name": "Saturated",
      "amount": 10.884
    },
    {
      "name": "Monounsaturated",
      "amount": 29.664
    },
    {
      "name": "Polyunsaturated",
      "amount": 16.718
    },
    {
      "name": "Omega-3",
      "amount": 1.799
    },
    {
      "name": "Omega-6",
      "amount": 14.919
    },
    {
      "name": "Cholesterol",
      "amount": 0.0
    }
  ],
  "foodSource": "usda",
  "foodType": "deprecated"
}