{
  "name": "Shortening, CRISCO 0 Grams Trans Fat Per Serving All-Vegetable, can",
  "sourceUID": 4680,
  "legacyUID": 4680,
  "pCF": 4.0,
  "cCF": 4.0,
  "lCF": 9.0,
  "comments": [],
  "measures": [
    {
      "grams": 1.0,
      "amount": 1.0,
      "description": "g"
    },
    {
      "grams": 12.0,
      "amount": 1.0,
      "description": "tablespoon (1 NLEA serving)"
    },
    {
      "grams": 154.0,
      "amount": 1.0,
      "description": "cup"
    }
  ],
  "nutrients": [
    {
      "name": "Energy",
      "amount": 884.0
    },
    {
      "name": "Protein",
      "amount": 0.0
    },
    {
      "name": "Carbs",
      "amount": 0.0
    },
    {
      "name": "Fiber",
      "amount": 0.0
    },
    {
      "name": "Sugars",
      "amount": 0.0
    },
    {
      "name": "Fat",
      "amount": 99.96
    },
    {
      "name": "Alcohol",
      "amount": 0.0
    },
    {
      "name": "Water",
      "amount": 0.0
    },
    {
      "name": "Ash",
      "amount": 0.04
    },
    {
      "name": "Calcium",
      "amount": 1.0
    },
    {
      "name": "Copper",
      "amount": 0.0
    },
    {
      "name": "Iron",
      "amount": 0.07
    },
    {
      "name": "Magnesium",
      "amount": 0.0
    },
    {
      "name": "Phosphorus",
      "amount": 0.0
    },
    {
      "name": "Potassium",
      "amount": 0.0
    },
    {
      "name": "Zinc",
      "amount": 0.0
    },
    {
      "name": "Vitamin A",
      "amount": 0.0
    },
    {
      "name": "Retinol",
      "amount": 0.0
    },
    {
      "name": "Folate",
      "amount": 0.0
    },
    {
      "name": "B1 (Thiamine)",
      "amount": 0.02
    },
    {
      "name": "B2 (Riboflavin)",
      "amount": 0.0
    },
    {
      "name": "B3 (Niacin)",
      "amount": 0.0
    },
    {
      "name": "B6 (Pyridoxine)",
      "amount": 0.001
    },
    {
      "name": "B12 (Cyanocobalamin)",
      "amount": 0.0
    },
    {
      "name": "Vitamin C",
      "amount": 0.0
    },
    {
      "name": "Saturated",
      "amount": 22.926
    },
    {
      "name": "Monounsaturated",
      "amount": 37.008
    },
    {
      "name": "Polyunsaturated",
      "amount": 34.328
    },
    {
      "name": "Omega-3",
      "amount": 2.421
    },
    {
      "name": "Omega-6",
      "amount": 31.841
    },
    {
      "name": "Trans-Fats",
      "amount": 0.605
    },
    {
      "name": "Cholesterol",
      "amount": 0.0
    }
  ],
  "foodSource": "usda",
  "foodType": "deprecated"
}