{
  "name": "Turkey, all classes, meat and skin and giblets and neck, cooked, roasted",
  "sourceUID": 5164,
  "legacyUID": 5164,
  "pCF": 4.0,
  "cCF": 4.0,
  "lCF": 9.0,
  "comments": [],
  "measures": [
    {
      "grams": 1.0,
      "amount": 1.0,
      "description": "g"
    },
    {
      "grams": 260.0,
      "amount": 1.0,
      "description": "unit (yield from 1 lb ready-to-cook turkey)"
    },
    {
      "grams": 4023.0,
      "amount": 1.0,
      "description": "turkey"
    }
  ],
  "nutrients": [
    {
      "name": "Energy",
      "amount": 205.0
    },
    {
      "name": "Protein",
      "amount": 27.98
    },
    {
      "name": "Carbs",
      "amount": 0.07
    },
    {
      "name": "Fiber",
      "amount": 0.0
    },
    {
      "name": "Fat",
      "amount": 9.45
    },
    {
      "name": "Water",
      "amount": 62.0
    },
    {
      "name": "Ash",
      "amount": 0.98
    },
    {
      "name": "Calcium",
      "amount": 26.0
    },
    {
      "name": "Copper",
      "amount": 0.107
    },
    {
      "name": "Iron",
      "amount": 2.01
    },
    {
      "name": "Magnesium",
      "amount": 24.0
    },
    {
      "name": "Manganese",
      "amount": 0.027
    },
    {
      "name": "Phosphorus",
      "amount": 200.0
    },
    {
      "name": "Potassium",
      "amount": 272.0
    },
    {
      "name": "Selenium",
      "amount": 31.9
    },
    {
      "name": "Sodium",
      "amount": 67.0
    },
    {
      "name": "Zinc",
      "amount": 3.15
    },
    {
      "name": "Vitamin A",
      "amount": 230.0
    },
    {
      "name": "Retinol",
      "amount": 69.0
    },
    {
      "name": "Folate",
      "amount": 20.0
    },
    {
      "name": "B1 (Thiamine)",
      "amount": 0.056
    },
    {
      "name": "B2 (Riboflavin)",
      "amount": 0.206
    },
    {
      "name": "B3 (Niacin)",
      "amount": 4.939
    },
    {
      "name": "B5 (Pantothenic Acid)",
      "amount": 0.955
    },
    {
      "name": "B6 (Pyridoxine)",
      "amount": 0.4
    },
    {
      "name": "B12 (Cyanocobalamin)",
      "amount": 1.28
    },
    {
      "name": "Vitamin C",
      "amount": 0.1
    },
    {
      "name": "Saturated",
      "amount": 2.77
    },
    {
      "name": "Monounsaturated",
      "amount": 3.05
    },
    {
      "name": "Polyunsaturated",
      "amount": 2.42
    },
    {
      "name": "Omega-3",
      "amount": 0.18
    },
    {
      "name": "Omega-6",
      "amount": 2.0
    },
    {
      "name": "Cholesterol",
      "amount": 95.0
    },
    {
      "name": "ALA",
      "amount": 1.767
    },
    {
      "name": "ARG",
      "amount": 1.967
    },
    {
      "name": "ASP",
      "amount": 2.696
    },
    {
      "name": "CYS",
      "amount": 0.309
    },
    {
      "name": "GLU",
      "amount": 4.46
    },
    {
      "name": "GLY",
      "amount": 1.66
    },
    {
      "name": "HIS",
      "amount": 0.836
    },
    {
      "name": "ILE",
      "amount": 1.406
    },
    {
      "name": "LEU",
      "amount": 2.18
    },
    {
      "name": "LYS",
      "amount": 2.532
    },
    {
      "name": "MET",
      "amount": 0.784
    },
    {
      "name": "PHE",
      "amount": 1.102
    },
    {
      "name": "PRO",
      "amount": 1.299
    },
    {
      "name": "SER",
      "amount": 1.235
    },
    {
      "name": "THR",
      "amount": 1.225
    },
    {
      "name": "TRP",
      "amount": 0.31
    },
    {
      "name": "TYR",
      "amount": 1.058
    },
    {
      "name": "VAL",
      "amount": 1.461
    }
  ],
  "foodSource": "usda",
  "foodType": "deprecated"
}