{
  "name": "Turkey, all classes, meat and skin and giblets and neck, raw",
  "sourceUID": 5163,
  "legacyUID": 5163,
  "pCF": 4.0,
  "cCF": 4.0,
  "lCF": 9.0,
  "comments": [],
  "measures": [
    {
      "grams": 1.0,
      "amount": 1.0,
      "description": "g"
    },
    {
      "grams": 5554.0,
      "amount": 1.0,
      "description": "turkey"
    }
  ],
  "nutrients": [
    {
      "name": "Energy",
      "amount": 157.0
    },
    {
      "name": "Protein",
      "amount": 20.37
    },
    {
      "name": "Carbs",
      "amount": 0.08
    },
    {
      "name": "Fiber",
      "amount": 0.0
    },
    {
      "name": "Fat",
      "amount": 7.77
    },
    {
      "name": "Alcohol",
      "amount": 0.0
    },
    {
      "name": "Water",
      "amount": 70.61
    },
    {
      "name": "Ash",
      "amount": 0.9
    },
    {
      "name": "Calcium",
      "amount": 15.0
    },
    {
      "name": "Copper",
      "amount": 0.114
    },
    {
      "name": "Iron",
      "amount": 1.69
    },
    {
      "name": "Magnesium",
      "amount": 22.0
    },
    {
      "name": "Manganese",
      "amount": 0.026
    },
    {
      "name": "Phosphorus",
      "amount": 180.0
    },
    {
      "name": "Potassium",
      "amount": 269.0
    },
    {
      "name": "Selenium",
      "amount": 23.3
    },
    {
      "name": "Sodium",
      "amount": 67.0
    },
    {
      "name": "Zinc",
      "amount": 2.31
    },
    {
      "name": "Vitamin A",
      "amount": 341.0
    },
    {
      "name": "Retinol",
      "amount": 102.0
    },
    {
      "name": "Folate",
      "amount": 23.0
    },
    {
      "name": "B1 (Thiamine)",
      "amount": 0.065
    },
    {
      "name": "B2 (Riboflavin)",
      "amount": 0.203
    },
    {
      "name": "B3 (Niacin)",
      "amount": 4.148
    },
    {
      "name": "B5 (Pantothenic Acid)",
      "amount": 0.953
    },
    {
      "name": "B6 (Pyridoxine)",
      "amount": 0.41
    },
    {
      "name": "B12 (Cyanocobalamin)",
      "amount": 1.62
    },
    {
      "name": "Vitamin C",
      "amount": 0.2
    },
    {
      "name": "Saturated",
      "amount": 2.2
    },
    {
      "name": "Monounsaturated",
      "amount": 2.76
    },
    {
      "name": "Polyunsaturated",
      "amount": 1.93
    },
    {
      "name": "Omega-3",
      "amount": 0.14
    },
    {
      "name": "Omega-6",
      "amount": 1.64
    },
    {
      "name": "Cholesterol",
      "amount": 78.0
    },
    {
      "name": "ALA",
      "amount": 1.285
    },
    {
      "name": "ARG",
      "amount": 1.431
    },
    {
      "name": "ASP",
      "amount": 1.961
    },
    {
      "name": "CYS",
      "amount": 0.225
    },
    {
      "name": "GLU",
      "amount": 3.243
    },
    {
      "name": "GLY",
      "amount": 1.212
    },
    {
      "name": "HIS",
      "amount": 0.608
    },
    {
      "name": "ILE",
      "amount": 1.022
    },
    {
      "name": "LEU",
      "amount": 1.586
    },
    {
      "name": "LYS",
      "amount": 1.84
    },
    {
      "name": "MET",
      "amount": 0.57
    },
    {
      "name": "PHE",
      "amount": 0.803
    },
    {
      "name": "PRO",
      "amount": 0.948
    },
    {
      "name": "SER",
      "amount": 0.898
    },
    {
      "name": "THR",
      "amount": 0.891
    },
    {
      "name": "TRP",
      "amount": 0.226
    },
    {
      "name": "TYR",
      "amount": 0.77
    },
    {
      "name": "VAL",
      "amount": 1.063
    }
  ],
  "foodSource": "usda",
  "foodType": "deprecated"
}