{
  "name": "Turkey, all classes, back, meat and skin, raw",
  "sourceUID": 5189,
  "legacyUID": 5189,
  "pCF": 4.0,
  "cCF": 4.0,
  "lCF": 9.0,
  "comments": [],
  "measures": [
    {
      "grams": 1.0,
      "amount": 1.0,
      "description": "g"
    },
    {
      "grams": 361.0,
      "amount": 0.5,
      "description": "back, bone removed"
    },
    {
      "grams": 47.0,
      "amount": 1.0,
      "description": "unit (yield from 1 lb ready-to-cook turkey)"
    }
  ],
  "nutrients": [
    {
      "name": "Energy",
      "amount": 196.0
    },
    {
      "name": "Protein",
      "amount": 18.11
    },
    {
      "name": "Carbs",
      "amount": 0.0
    },
    {
      "name": "Fiber",
      "amount": 0.0
    },
    {
      "name": "Fat",
      "amount": 13.11
    },
    {
      "name": "Water",
      "amount": 67.78
    },
    {
      "name": "Ash",
      "amount": 0.79
    },
    {
      "name": "Calcium",
      "amount": 17.0
    },
    {
      "name": "Copper",
      "amount": 0.127
    },
    {
      "name": "Iron",
      "amount": 1.63
    },
    {
      "name": "Magnesium",
      "amount": 18.0
    },
    {
      "name": "Manganese",
      "amount": 0.02
    },
    {
      "name": "Phosphorus",
      "amount": 157.0
    },
    {
      "name": "Potassium",
      "amount": 236.0
    },
    {
      "name": "Selenium",
      "amount": 26.4
    },
    {
      "name": "Sodium",
      "amount": 66.0
    },
    {
      "name": "Zinc",
      "amount": 2.67
    },
    {
      "name": "Vitamin A",
      "amount": 10.0
    },
    {
      "name": "Retinol",
      "amount": 3.0
    },
    {
      "name": "Folate",
      "amount": 9.0
    },
    {
      "name": "B1 (Thiamine)",
      "amount": 0.065
    },
    {
      "name": "B2 (Riboflavin)",
      "amount": 0.183
    },
    {
      "name": "B3 (Niacin)",
      "amount": 2.682
    },
    {
      "name": "B5 (Pantothenic Acid)",
      "amount": 0.917
    },
    {
      "name": "B6 (Pyridoxine)",
      "amount": 0.29
    },
    {
      "name": "B12 (Cyanocobalamin)",
      "amount": 0.36
    },
    {
      "name": "Vitamin C",
      "amount": 0.0
    },
    {
      "name": "Saturated",
      "amount": 3.66
    },
    {
      "name": "Monounsaturated",
      "amount": 4.94
    },
    {
      "name": "Polyunsaturated",
      "amount": 3.23
    },
    {
      "name": "Omega-3",
      "amount": 0.22999999999999998
    },
    {
      "name": "Omega-6",
      "amount": 2.83
    },
    {
      "name": "Cholesterol",
      "amount": 74.0
    },
    {
      "name": "ALA",
      "amount": 1.185
    },
    {
      "name": "ARG",
      "amount": 1.288
    },
    {
      "name": "ASP",
      "amount": 1.734
    },
    {
      "name": "CYS",
      "amount": 0.209
    },
    {
      "name": "GLU",
      "amount": 2.827
    },
    {
      "name": "GLY",
      "amount": 1.263
    },
    {
      "name": "HIS",
      "amount": 0.525
    },
    {
      "name": "ILE",
      "amount": 0.876
    },
    {
      "name": "LEU",
      "amount": 1.374
    },
    {
      "name": "LYS",
      "amount": 1.592
    },
    {
      "name": "MET",
      "amount": 0.495
    },
    {
      "name": "PHE",
      "amount": 0.699
    },
    {
      "name": "PRO",
      "amount": 0.925
    },
    {
      "name": "SER",
      "amount": 0.793
    },
    {
      "name": "THR",
      "amount": 0.777
    },
    {
      "name": "TRP",
      "amount": 0.195
    },
    {
      "name": "TYR",
      "amount": 0.66
    },
    {
      "name": "VAL",
      "amount": 0.926
    }
  ],
  "foodSource": "usda",
  "foodType": "deprecated"
}