{
  "name": "Turkey, fryer-roasters, meat and skin, raw",
  "sourceUID": 5199,
  "legacyUID": 5199,
  "pCF": 4.0,
  "cCF": 4.0,
  "lCF": 9.0,
  "comments": [],
  "measures": [
    {
      "grams": 1.0,
      "amount": 1.0,
      "description": "g"
    },
    {
      "grams": 310.0,
      "amount": 1.0,
      "description": "unit (yield from 1 lb ready-to-cook turkey)"
    },
    {
      "grams": 1093.0,
      "amount": 0.5,
      "description": "turkey, bone removed"
    }
  ],
  "nutrients": [
    {
      "name": "Energy",
      "amount": 134.0
    },
    {
      "name": "Protein",
      "amount": 22.37
    },
    {
      "name": "Carbs",
      "amount": 0.0
    },
    {
      "name": "Fiber",
      "amount": 0.0
    },
    {
      "name": "Fat",
      "amount": 4.25
    },
    {
      "name": "Water",
      "amount": 72.74
    },
    {
      "name": "Ash",
      "amount": 0.9
    },
    {
      "name": "Calcium",
      "amount": 13.0
    },
    {
      "name": "Copper",
      "amount": 0.139
    },
    {
      "name": "Iron",
      "amount": 1.42
    },
    {
      "name": "Magnesium",
      "amount": 22.0
    },
    {
      "name": "Manganese",
      "amount": 0.021
    },
    {
      "name": "Phosphorus",
      "amount": 173.0
    },
    {
      "name": "Potassium",
      "amount": 243.0
    },
    {
      "name": "Selenium",
      "amount": 24.8
    },
    {
      "name": "Sodium",
      "amount": 58.0
    },
    {
      "name": "Zinc",
      "amount": 1.97
    },
    {
      "name": "Vitamin A",
      "amount": 4.0
    },
    {
      "name": "Retinol",
      "amount": 1.0
    },
    {
      "name": "Folate",
      "amount": 9.0
    },
    {
      "name": "B1 (Thiamine)",
      "amount": 0.041
    },
    {
      "name": "B2 (Riboflavin)",
      "amount": 0.151
    },
    {
      "name": "B3 (Niacin)",
      "amount": 4.039
    },
    {
      "name": "B5 (Pantothenic Acid)",
      "amount": 0.865
    },
    {
      "name": "B6 (Pyridoxine)",
      "amount": 0.43
    },
    {
      "name": "B12 (Cyanocobalamin)",
      "amount": 0.42
    },
    {
      "name": "Vitamin C",
      "amount": 0.0
    },
    {
      "name": "Saturated",
      "amount": 1.21
    },
    {
      "name": "Monounsaturated",
      "amount": 1.52
    },
    {
      "name": "Polyunsaturated",
      "amount": 1.06
    },
    {
      "name": "Omega-3",
      "amount": 0.08
    },
    {
      "name": "Omega-6",
      "amount": 0.92
    },
    {
      "name": "Cholesterol",
      "amount": 81.0
    },
    {
      "name": "ALA",
      "amount": 1.425
    },
    {
      "name": "ARG",
      "amount": 1.576
    },
    {
      "name": "ASP",
      "amount": 2.156
    },
    {
      "name": "CYS",
      "amount": 0.246
    },
    {
      "name": "GLU",
      "amount": 3.569
    },
    {
      "name": "GLY",
      "amount": 1.339
    },
    {
      "name": "HIS",
      "amount": 0.673
    },
    {
      "name": "ILE",
      "amount": 1.122
    },
    {
      "name": "LEU",
      "amount": 1.739
    },
    {
      "name": "LYS",
      "amount": 2.036
    },
    {
      "name": "MET",
      "amount": 0.629
    },
    {
      "name": "PHE",
      "amount": 0.875
    },
    {
      "name": "PRO",
      "amount": 1.039
    },
    {
      "name": "SER",
      "amount": 0.987
    },
    {
      "name": "THR",
      "amount": 0.977
    },
    {
      "name": "TRP",
      "amount": 0.247
    },
    {
      "name": "TYR",
      "amount": 0.849
    },
    {
      "name": "VAL",
      "amount": 1.165
    }
  ],
  "foodSource": "usda",
  "foodType": "deprecated"
}