{
  "name": "Turkey, fryer-roasters, meat and skin and giblets and neck, raw",
  "sourceUID": 5197,
  "legacyUID": 5197,
  "pCF": 4.0,
  "cCF": 4.0,
  "lCF": 9.0,
  "comments": [],
  "measures": [
    {
      "grams": 1.0,
      "amount": 1.0,
      "description": "g"
    },
    {
      "grams": 2410.0,
      "amount": 1.0,
      "description": "turkey"
    }
  ],
  "nutrients": [
    {
      "name": "Energy",
      "amount": 133.0
    },
    {
      "name": "Protein",
      "amount": 22.15
    },
    {
      "name": "Carbs",
      "amount": 0.05
    },
    {
      "name": "Fiber",
      "amount": 0.0
    },
    {
      "name": "Fat",
      "amount": 4.25
    },
    {
      "name": "Water",
      "amount": 72.9
    },
    {
      "name": "Ash",
      "amount": 0.92
    },
    {
      "name": "Calcium",
      "amount": 13.0
    },
    {
      "name": "Copper",
      "amount": 0.152
    },
    {
      "name": "Iron",
      "amount": 1.75
    },
    {
      "name": "Magnesium",
      "amount": 22.0
    },
    {
      "name": "Manganese",
      "amount": 0.03
    },
    {
      "name": "Phosphorus",
      "amount": 175.0
    },
    {
      "name": "Potassium",
      "amount": 246.0
    },
    {
      "name": "Selenium",
      "amount": 24.6
    },
    {
      "name": "Sodium",
      "amount": 61.0
    },
    {
      "name": "Zinc",
      "amount": 2.09
    },
    {
      "name": "Vitamin A",
      "amount": 395.0
    },
    {
      "name": "Retinol",
      "amount": 119.0
    },
    {
      "name": "Folate",
      "amount": 26.0
    },
    {
      "name": "B1 (Thiamine)",
      "amount": 0.043
    },
    {
      "name": "B2 (Riboflavin)",
      "amount": 0.215
    },
    {
      "name": "B3 (Niacin)",
      "amount": 4.085
    },
    {
      "name": "B5 (Pantothenic Acid)",
      "amount": 1.03
    },
    {
      "name": "B6 (Pyridoxine)",
      "amount": 0.42
    },
    {
      "name": "B12 (Cyanocobalamin)",
      "amount": 1.85
    },
    {
      "name": "Vitamin C",
      "amount": 0.2
    },
    {
      "name": "Saturated",
      "amount": 1.22
    },
    {
      "name": "Monounsaturated",
      "amount": 1.47
    },
    {
      "name": "Polyunsaturated",
      "amount": 1.07
    },
    {
      "name": "Omega-3",
      "amount": 0.07
    },
    {
      "name": "Omega-6",
      "amount": 0.91
    },
    {
      "name": "Cholesterol",
      "amount": 92.0
    },
    {
      "name": "ALA",
      "amount": 1.394
    },
    {
      "name": "ARG",
      "amount": 1.556
    },
    {
      "name": "ASP",
      "amount": 2.132
    },
    {
      "name": "CYS",
      "amount": 0.246
    },
    {
      "name": "GLU",
      "amount": 3.528
    },
    {
      "name": "GLY",
      "amount": 1.313
    },
    {
      "name": "HIS",
      "amount": 0.66
    },
    {
      "name": "ILE",
      "amount": 1.112
    },
    {
      "name": "LEU",
      "amount": 1.726
    },
    {
      "name": "LYS",
      "amount": 1.999
    },
    {
      "name": "MET",
      "amount": 0.62
    },
    {
      "name": "PHE",
      "amount": 0.873
    },
    {
      "name": "PRO",
      "amount": 1.03
    },
    {
      "name": "SER",
      "amount": 0.977
    },
    {
      "name": "THR",
      "amount": 0.97
    },
    {
      "name": "TRP",
      "amount": 0.245
    },
    {
      "name": "TYR",
      "amount": 0.836
    },
    {
      "name": "VAL",
      "amount": 1.156
    }
  ],
  "foodSource": "usda",
  "foodType": "deprecated"
}