{
  "name": "Turkey, fryer-roasters, meat and skin and giblets and neck, cooked, roasted",
  "sourceUID": 5198,
  "legacyUID": 5198,
  "pCF": 4.0,
  "cCF": 4.0,
  "lCF": 9.0,
  "comments": [],
  "measures": [
    {
      "grams": 1.0,
      "amount": 1.0,
      "description": "g"
    },
    {
      "grams": 251.0,
      "amount": 1.0,
      "description": "unit (yield from 1 lb ready-to-cook turkey)"
    },
    {
      "grams": 1772.0,
      "amount": 1.0,
      "description": "turkey"
    }
  ],
  "nutrients": [
    {
      "name": "Energy",
      "amount": 171.0
    },
    {
      "name": "Protein",
      "amount": 28.08
    },
    {
      "name": "Carbs",
      "amount": 0.04
    },
    {
      "name": "Fiber",
      "amount": 0.0
    },
    {
      "name": "Fat",
      "amount": 5.64
    },
    {
      "name": "Water",
      "amount": 65.95
    },
    {
      "name": "Ash",
      "amount": 0.97
    },
    {
      "name": "Calcium",
      "amount": 23.0
    },
    {
      "name": "Copper",
      "amount": 0.161
    },
    {
      "name": "Iron",
      "amount": 2.22
    },
    {
      "name": "Magnesium",
      "amount": 24.0
    },
    {
      "name": "Manganese",
      "amount": 0.031
    },
    {
      "name": "Phosphorus",
      "amount": 196.0
    },
    {
      "name": "Potassium",
      "amount": 242.0
    },
    {
      "name": "Selenium",
      "amount": 34.2
    },
    {
      "name": "Sodium",
      "amount": 65.0
    },
    {
      "name": "Zinc",
      "amount": 3.09
    },
    {
      "name": "Vitamin A",
      "amount": 224.0
    },
    {
      "name": "Retinol",
      "amount": 67.0
    },
    {
      "name": "Folate",
      "amount": 21.0
    },
    {
      "name": "B1 (Thiamine)",
      "amount": 0.042
    },
    {
      "name": "B2 (Riboflavin)",
      "amount": 0.216
    },
    {
      "name": "B3 (Niacin)",
      "amount": 4.78
    },
    {
      "name": "B5 (Pantothenic Acid)",
      "amount": 0.999
    },
    {
      "name": "B6 (Pyridoxine)",
      "amount": 0.4
    },
    {
      "name": "B12 (Cyanocobalamin)",
      "amount": 1.32
    },
    {
      "name": "Vitamin C",
      "amount": 0.1
    },
    {
      "name": "Saturated",
      "amount": 1.64
    },
    {
      "name": "Monounsaturated",
      "amount": 1.89
    },
    {
      "name": "Polyunsaturated",
      "amount": 1.44
    },
    {
      "name": "Omega-3",
      "amount": 0.1
    },
    {
      "name": "Omega-6",
      "amount": 1.21
    },
    {
      "name": "Cholesterol",
      "amount": 118.0
    },
    {
      "name": "ALA",
      "amount": 1.776
    },
    {
      "name": "ARG",
      "amount": 1.977
    },
    {
      "name": "ASP",
      "amount": 2.701
    },
    {
      "name": "CYS",
      "amount": 0.313
    },
    {
      "name": "GLU",
      "amount": 4.46
    },
    {
      "name": "GLY",
      "amount": 1.713
    },
    {
      "name": "HIS",
      "amount": 0.831
    },
    {
      "name": "ILE",
      "amount": 1.401
    },
    {
      "name": "LEU",
      "amount": 2.176
    },
    {
      "name": "LYS",
      "amount": 2.52
    },
    {
      "name": "MET",
      "amount": 0.782
    },
    {
      "name": "PHE",
      "amount": 1.104
    },
    {
      "name": "PRO",
      "amount": 1.327
    },
    {
      "name": "SER",
      "amount": 1.237
    },
    {
      "name": "THR",
      "amount": 1.225
    },
    {
      "name": "TRP",
      "amount": 0.309
    },
    {
      "name": "TYR",
      "amount": 1.053
    },
    {
      "name": "VAL",
      "amount": 1.459
    }
  ],
  "foodSource": "usda",
  "foodType": "deprecated"
}