{
  "name": "Turkey, fryer-roasters, light meat, meat only, raw",
  "sourceUID": 5209,
  "legacyUID": 5209,
  "pCF": 4.0,
  "cCF": 4.0,
  "lCF": 9.0,
  "comments": [],
  "measures": [
    {
      "grams": 1.0,
      "amount": 1.0,
      "description": "g"
    },
    {
      "grams": 136.0,
      "amount": 1.0,
      "description": "unit (yield from 1 lb ready-to-cook turkey)"
    },
    {
      "grams": 481.0,
      "amount": 0.5,
      "description": "turkey, bone and skin removed"
    }
  ],
  "nutrients": [
    {
      "name": "Energy",
      "amount": 108.0
    },
    {
      "name": "Protein",
      "amount": 24.18
    },
    {
      "name": "Carbs",
      "amount": 0.0
    },
    {
      "name": "Fiber",
      "amount": 0.0
    },
    {
      "name": "Fat",
      "amount": 0.49
    },
    {
      "name": "Water",
      "amount": 74.61
    },
    {
      "name": "Ash",
      "amount": 0.98
    },
    {
      "name": "Calcium",
      "amount": 10.0
    },
    {
      "name": "Copper",
      "amount": 0.118
    },
    {
      "name": "Iron",
      "amount": 1.22
    },
    {
      "name": "Magnesium",
      "amount": 26.0
    },
    {
      "name": "Manganese",
      "amount": 0.02
    },
    {
      "name": "Phosphorus",
      "amount": 196.0
    },
    {
      "name": "Potassium",
      "amount": 276.0
    },
    {
      "name": "Selenium",
      "amount": 24.4
    },
    {
      "name": "Sodium",
      "amount": 52.0
    },
    {
      "name": "Zinc",
      "amount": 1.39
    },
    {
      "name": "Vitamin A",
      "amount": 0.0
    },
    {
      "name": "Retinol",
      "amount": 0.0
    },
    {
      "name": "Folate",
      "amount": 8.0
    },
    {
      "name": "B1 (Thiamine)",
      "amount": 0.039
    },
    {
      "name": "B2 (Riboflavin)",
      "amount": 0.119
    },
    {
      "name": "B3 (Niacin)",
      "amount": 5.751
    },
    {
      "name": "B5 (Pantothenic Acid)",
      "amount": 0.705
    },
    {
      "name": "B6 (Pyridoxine)",
      "amount": 0.57
    },
    {
      "name": "B12 (Cyanocobalamin)",
      "amount": 0.46
    },
    {
      "name": "Vitamin C",
      "amount": 0.0
    },
    {
      "name": "Saturated",
      "amount": 0.16
    },
    {
      "name": "Monounsaturated",
      "amount": 0.09
    },
    {
      "name": "Polyunsaturated",
      "amount": 0.13
    },
    {
      "name": "Omega-3",
      "amount": 0.01
    },
    {
      "name": "Omega-6",
      "amount": 0.09
    },
    {
      "name": "Cholesterol",
      "amount": 66.0
    },
    {
      "name": "ALA",
      "amount": 1.497
    },
    {
      "name": "ARG",
      "amount": 1.687
    },
    {
      "name": "ASP",
      "amount": 2.348
    },
    {
      "name": "CYS",
      "amount": 0.251
    },
    {
      "name": "GLU",
      "amount": 3.946
    },
    {
      "name": "GLY",
      "amount": 1.199
    },
    {
      "name": "HIS",
      "amount": 0.754
    },
    {
      "name": "ILE",
      "amount": 1.257
    },
    {
      "name": "LEU",
      "amount": 1.927
    },
    {
      "name": "LYS",
      "amount": 2.279
    },
    {
      "name": "MET",
      "amount": 0.7
    },
    {
      "name": "PHE",
      "amount": 0.96
    },
    {
      "name": "PRO",
      "amount": 1.006
    },
    {
      "name": "SER",
      "amount": 1.076
    },
    {
      "name": "THR",
      "amount": 1.076
    },
    {
      "name": "TRP",
      "amount": 0.275
    },
    {
      "name": "TYR",
      "amount": 0.956
    },
    {
      "name": "VAL",
      "amount": 1.285
    }
  ],
  "foodSource": "usda",
  "foodType": "deprecated"
}