{
  "name": "Turkey, fryer-roasters, light meat, meat and skin, raw",
  "sourceUID": 5205,
  "legacyUID": 5205,
  "pCF": 4.0,
  "cCF": 4.0,
  "lCF": 9.0,
  "comments": [],
  "measures": [
    {
      "grams": 1.0,
      "amount": 1.0,
      "description": "g"
    },
    {
      "grams": 159.0,
      "amount": 1.0,
      "description": "unit (yield from 1 lb ready-to-cook turkey)"
    },
    {
      "grams": 561.0,
      "amount": 0.5,
      "description": "turkey, bone removed"
    }
  ],
  "nutrients": [
    {
      "name": "Energy",
      "amount": 133.0
    },
    {
      "name": "Protein",
      "amount": 23.09
    },
    {
      "name": "Carbs",
      "amount": 0.0
    },
    {
      "name": "Fiber",
      "amount": 0.0
    },
    {
      "name": "Fat",
      "amount": 3.81
    },
    {
      "name": "Water",
      "amount": 72.49
    },
    {
      "name": "Ash",
      "amount": 0.9
    },
    {
      "name": "Calcium",
      "amount": 12.0
    },
    {
      "name": "Copper",
      "amount": 0.12
    },
    {
      "name": "Iron",
      "amount": 1.23
    },
    {
      "name": "Magnesium",
      "amount": 24.0
    },
    {
      "name": "Manganese",
      "amount": 0.019
    },
    {
      "name": "Phosphorus",
      "amount": 182.0
    },
    {
      "name": "Potassium",
      "amount": 253.0
    },
    {
      "name": "Selenium",
      "amount": 23.0
    },
    {
      "name": "Sodium",
      "amount": 50.0
    },
    {
      "name": "Zinc",
      "amount": 1.42
    },
    {
      "name": "Vitamin A",
      "amount": 5.0
    },
    {
      "name": "Retinol",
      "amount": 2.0
    },
    {
      "name": "Folate",
      "amount": 8.0
    },
    {
      "name": "B1 (Thiamine)",
      "amount": 0.036
    },
    {
      "name": "B2 (Riboflavin)",
      "amount": 0.115
    },
    {
      "name": "B3 (Niacin)",
      "amount": 5.178
    },
    {
      "name": "B5 (Pantothenic Acid)",
      "amount": 0.651
    },
    {
      "name": "B6 (Pyridoxine)",
      "amount": 0.5
    },
    {
      "name": "B12 (Cyanocobalamin)",
      "amount": 0.44
    },
    {
      "name": "Vitamin C",
      "amount": 0.0
    },
    {
      "name": "Saturated",
      "amount": 1.02
    },
    {
      "name": "Monounsaturated",
      "amount": 1.52
    },
    {
      "name": "Polyunsaturated",
      "amount": 0.89
    },
    {
      "name": "Omega-3",
      "amount": 0.05
    },
    {
      "name": "Omega-6",
      "amount": 0.78
    },
    {
      "name": "Cholesterol",
      "amount": 76.0
    },
    {
      "name": "ALA",
      "amount": 1.475
    },
    {
      "name": "ARG",
      "amount": 1.628
    },
    {
      "name": "ASP",
      "amount": 2.224
    },
    {
      "name": "CYS",
      "amount": 0.255
    },
    {
      "name": "GLU",
      "amount": 3.675
    },
    {
      "name": "GLY",
      "amount": 1.407
    },
    {
      "name": "HIS",
      "amount": 0.692
    },
    {
      "name": "ILE",
      "amount": 1.153
    },
    {
      "name": "LEU",
      "amount": 1.79
    },
    {
      "name": "LYS",
      "amount": 2.094
    },
    {
      "name": "MET",
      "amount": 0.647
    },
    {
      "name": "PHE",
      "amount": 0.902
    },
    {
      "name": "PRO",
      "amount": 1.083
    },
    {
      "name": "SER",
      "amount": 1.018
    },
    {
      "name": "THR",
      "amount": 1.006
    },
    {
      "name": "TRP",
      "amount": 0.254
    },
    {
      "name": "TYR",
      "amount": 0.872
    },
    {
      "name": "VAL",
      "amount": 1.2
    }
  ],
  "foodSource": "usda",
  "foodType": "deprecated"
}