{
  "name": "Turkey, fryer-roasters, light meat, meat and skin, cooked, roasted",
  "sourceUID": 5206,
  "legacyUID": 5206,
  "pCF": 4.0,
  "cCF": 4.0,
  "lCF": 9.0,
  "comments": [],
  "measures": [
    {
      "grams": 1.0,
      "amount": 1.0,
      "description": "g"
    },
    {
      "grams": 123.0,
      "amount": 1.0,
      "description": "unit (yield from 1 lb ready-to-cook turkey)"
    },
    {
      "grams": 433.0,
      "amount": 0.5,
      "description": "turkey, bone removed"
    }
  ],
  "nutrients": [
    {
      "name": "Energy",
      "amount": 164.0
    },
    {
      "name": "Protein",
      "amount": 28.77
    },
    {
      "name": "Carbs",
      "amount": 0.0
    },
    {
      "name": "Fiber",
      "amount": 0.0
    },
    {
      "name": "Fat",
      "amount": 4.58
    },
    {
      "name": "Water",
      "amount": 66.54
    },
    {
      "name": "Ash",
      "amount": 1.04
    },
    {
      "name": "Calcium",
      "amount": 18.0
    },
    {
      "name": "Copper",
      "amount": 0.092
    },
    {
      "name": "Iron",
      "amount": 1.61
    },
    {
      "name": "Magnesium",
      "amount": 26.0
    },
    {
      "name": "Manganese",
      "amount": 0.024
    },
    {
      "name": "Phosphorus",
      "amount": 205.0
    },
    {
      "name": "Potassium",
      "amount": 262.0
    },
    {
      "name": "Selenium",
      "amount": 29.9
    },
    {
      "name": "Sodium",
      "amount": 57.0
    },
    {
      "name": "Zinc",
      "amount": 2.08
    },
    {
      "name": "Vitamin A",
      "amount": 0.0
    },
    {
      "name": "Retinol",
      "amount": 0.0
    },
    {
      "name": "Folate",
      "amount": 6.0
    },
    {
      "name": "B1 (Thiamine)",
      "amount": 0.038
    },
    {
      "name": "B2 (Riboflavin)",
      "amount": 0.139
    },
    {
      "name": "B3 (Niacin)",
      "amount": 6.275
    },
    {
      "name": "B5 (Pantothenic Acid)",
      "amount": 0.648
    },
    {
      "name": "B6 (Pyridoxine)",
      "amount": 0.49
    },
    {
      "name": "B12 (Cyanocobalamin)",
      "amount": 0.36
    },
    {
      "name": "Vitamin C",
      "amount": 0.0
    },
    {
      "name": "Saturated",
      "amount": 1.25
    },
    {
      "name": "Monounsaturated",
      "amount": 1.7
    },
    {
      "name": "Polyunsaturated",
      "amount": 1.09
    },
    {
      "name": "Omega-3",
      "amount": 0.08
    },
    {
      "name": "Omega-6",
      "amount": 0.92
    },
    {
      "name": "Cholesterol",
      "amount": 95.0
    },
    {
      "name": "ALA",
      "amount": 1.843
    },
    {
      "name": "ARG",
      "amount": 2.03
    },
    {
      "name": "ASP",
      "amount": 2.769
    },
    {
      "name": "CYS",
      "amount": 0.319
    },
    {
      "name": "GLU",
      "amount": 4.569
    },
    {
      "name": "GLY",
      "amount": 1.781
    },
    {
      "name": "HIS",
      "amount": 0.859
    },
    {
      "name": "ILE",
      "amount": 1.432
    },
    {
      "name": "LEU",
      "amount": 2.224
    },
    {
      "name": "LYS",
      "amount": 2.599
    },
    {
      "name": "MET",
      "amount": 0.804
    },
    {
      "name": "PHE",
      "amount": 1.122
    },
    {
      "name": "PRO",
      "amount": 1.363
    },
    {
      "name": "SER",
      "amount": 1.267
    },
    {
      "name": "THR",
      "amount": 1.251
    },
    {
      "name": "TRP",
      "amount": 0.316
    },
    {
      "name": "TYR",
      "amount": 1.083
    },
    {
      "name": "VAL",
      "amount": 1.492
    }
  ],
  "foodSource": "usda",
  "foodType": "deprecated"
}