{
  "name": "Turkey, fryer-roasters, skin only, cooked, roasted",
  "sourceUID": 5204,
  "legacyUID": 5204,
  "pCF": 4.0,
  "cCF": 4.0,
  "lCF": 9.0,
  "comments": [],
  "measures": [
    {
      "grams": 1.0,
      "amount": 1.0,
      "description": "g"
    },
    {
      "grams": 34.0,
      "amount": 1.0,
      "description": "unit (yield from 1 lb ready-to-cook turkey)"
    },
    {
      "grams": 121.0,
      "amount": 0.5,
      "description": "turkey, skin only"
    }
  ],
  "nutrients": [
    {
      "name": "Energy",
      "amount": 299.0
    },
    {
      "name": "Protein",
      "amount": 20.94
    },
    {
      "name": "Carbs",
      "amount": 0.0
    },
    {
      "name": "Fiber",
      "amount": 0.0
    },
    {
      "name": "Fat",
      "amount": 23.28
    },
    {
      "name": "Water",
      "amount": 55.46
    },
    {
      "name": "Ash",
      "amount": 0.73
    },
    {
      "name": "Calcium",
      "amount": 35.0
    },
    {
      "name": "Copper",
      "amount": 0.129
    },
    {
      "name": "Iron",
      "amount": 1.86
    },
    {
      "name": "Magnesium",
      "amount": 17.0
    },
    {
      "name": "Manganese",
      "amount": 0.02
    },
    {
      "name": "Phosphorus",
      "amount": 150.0
    },
    {
      "name": "Potassium",
      "amount": 181.0
    },
    {
      "name": "Selenium",
      "amount": 153.1
    },
    {
      "name": "Sodium",
      "amount": 61.0
    },
    {
      "name": "Zinc",
      "amount": 2.05
    },
    {
      "name": "Vitamin A",
      "amount": 0.0
    },
    {
      "name": "Retinol",
      "amount": 0.0
    },
    {
      "name": "Folate",
      "amount": 4.0
    },
    {
      "name": "B1 (Thiamine)",
      "amount": 0.025
    },
    {
      "name": "B2 (Riboflavin)",
      "amount": 0.159
    },
    {
      "name": "B3 (Niacin)",
      "amount": 2.634
    },
    {
      "name": "B5 (Pantothenic Acid)",
      "amount": 0.278
    },
    {
      "name": "B6 (Pyridoxine)",
      "amount": 0.07
    },
    {
      "name": "B12 (Cyanocobalamin)",
      "amount": 0.22
    },
    {
      "name": "Vitamin C",
      "amount": 0.0
    },
    {
      "name": "Saturated",
      "amount": 6.07
    },
    {
      "name": "Monounsaturated",
      "amount": 9.92
    },
    {
      "name": "Polyunsaturated",
      "amount": 5.33
    },
    {
      "name": "Omega-3",
      "amount": 0.36
    },
    {
      "name": "Omega-6",
      "amount": 4.82
    },
    {
      "name": "Cholesterol",
      "amount": 144.0
    },
    {
      "name": "ALA",
      "amount": 1.698
    },
    {
      "name": "ARG",
      "amount": 1.615
    },
    {
      "name": "ASP",
      "amount": 1.873
    },
    {
      "name": "CYS",
      "amount": 0.348
    },
    {
      "name": "GLU",
      "amount": 2.603
    },
    {
      "name": "GLY",
      "amount": 3.34
    },
    {
      "name": "HIS",
      "amount": 0.402
    },
    {
      "name": "ILE",
      "amount": 0.673
    },
    {
      "name": "LEU",
      "amount": 1.229
    },
    {
      "name": "LYS",
      "amount": 1.25
    },
    {
      "name": "MET",
      "amount": 0.419
    },
    {
      "name": "PHE",
      "amount": 0.707
    },
    {
      "name": "PRO",
      "amount": 1.953
    },
    {
      "name": "SER",
      "amount": 0.851
    },
    {
      "name": "THR",
      "amount": 0.747
    },
    {
      "name": "TRP",
      "amount": 0.167
    },
    {
      "name": "TYR",
      "amount": 0.476
    },
    {
      "name": "VAL",
      "amount": 0.881
    }
  ],
  "foodSource": "usda",
  "foodType": "deprecated"
}