{
  "name": "Turkey, fryer-roasters, dark meat, meat and skin, cooked, roasted",
  "sourceUID": 5208,
  "legacyUID": 5208,
  "pCF": 4.0,
  "cCF": 4.0,
  "lCF": 9.0,
  "comments": [],
  "measures": [
    {
      "grams": 1.0,
      "amount": 1.0,
      "description": "g"
    },
    {
      "grams": 106.0,
      "amount": 1.0,
      "description": "unit (yield from 1 lb ready-to-cook turkey)"
    },
    {
      "grams": 374.0,
      "amount": 0.5,
      "description": "turkey, bone removed"
    }
  ],
  "nutrients": [
    {
      "name": "Energy",
      "amount": 182.0
    },
    {
      "name": "Protein",
      "amount": 27.69
    },
    {
      "name": "Carbs",
      "amount": 0.0
    },
    {
      "name": "Fiber",
      "amount": 0.0
    },
    {
      "name": "Fat",
      "amount": 7.06
    },
    {
      "name": "Water",
      "amount": 64.82
    },
    {
      "name": "Ash",
      "amount": 0.94
    },
    {
      "name": "Calcium",
      "amount": 27.0
    },
    {
      "name": "Copper",
      "amount": 0.209
    },
    {
      "name": "Iron",
      "amount": 2.33
    },
    {
      "name": "Magnesium",
      "amount": 23.0
    },
    {
      "name": "Manganese",
      "amount": 0.024
    },
    {
      "name": "Phosphorus",
      "amount": 190.0
    },
    {
      "name": "Potassium",
      "amount": 237.0
    },
    {
      "name": "Selenium",
      "amount": 39.0
    },
    {
      "name": "Sodium",
      "amount": 76.0
    },
    {
      "name": "Zinc",
      "amount": 3.83
    },
    {
      "name": "Vitamin A",
      "amount": 0.0
    },
    {
      "name": "Retinol",
      "amount": 0.0
    },
    {
      "name": "Folate",
      "amount": 9.0
    },
    {
      "name": "B1 (Thiamine)",
      "amount": 0.048
    },
    {
      "name": "B2 (Riboflavin)",
      "amount": 0.235
    },
    {
      "name": "B3 (Niacin)",
      "amount": 3.35
    },
    {
      "name": "B5 (Pantothenic Acid)",
      "amount": 1.199
    },
    {
      "name": "B6 (Pyridoxine)",
      "amount": 0.33
    },
    {
      "name": "B12 (Cyanocobalamin)",
      "amount": 0.37
    },
    {
      "name": "Vitamin C",
      "amount": 0.0
    },
    {
      "name": "Saturated",
      "amount": 2.12
    },
    {
      "name": "Monounsaturated",
      "amount": 2.27
    },
    {
      "name": "Polyunsaturated",
      "amount": 1.88
    },
    {
      "name": "Omega-3",
      "amount": 0.14
    },
    {
      "name": "Omega-6",
      "amount": 1.59
    },
    {
      "name": "Cholesterol",
      "amount": 117.0
    },
    {
      "name": "ALA",
      "amount": 1.772
    },
    {
      "name": "ARG",
      "amount": 1.954
    },
    {
      "name": "ASP",
      "amount": 2.666
    },
    {
      "name": "CYS",
      "amount": 0.307
    },
    {
      "name": "GLU",
      "amount": 4.401
    },
    {
      "name": "GLY",
      "amount": 1.705
    },
    {
      "name": "HIS",
      "amount": 0.828
    },
    {
      "name": "ILE",
      "amount": 1.38
    },
    {
      "name": "LEU",
      "amount": 2.143
    },
    {
      "name": "LYS",
      "amount": 2.505
    },
    {
      "name": "MET",
      "amount": 0.775
    },
    {
      "name": "PHE",
      "amount": 1.081
    },
    {
      "name": "PRO",
      "amount": 1.308
    },
    {
      "name": "SER",
      "amount": 1.22
    },
    {
      "name": "THR",
      "amount": 1.205
    },
    {
      "name": "TRP",
      "amount": 0.304
    },
    {
      "name": "TYR",
      "amount": 1.043
    },
    {
      "name": "VAL",
      "amount": 1.437
    }
  ],
  "foodSource": "usda",
  "foodType": "deprecated"
}