{
  "name": "Turkey, fryer-roasters, skin only, raw",
  "sourceUID": 5203,
  "legacyUID": 5203,
  "pCF": 4.0,
  "cCF": 4.0,
  "lCF": 9.0,
  "comments": [],
  "measures": [
    {
      "grams": 1.0,
      "amount": 1.0,
      "description": "g"
    },
    {
      "grams": 38.0,
      "amount": 1.0,
      "description": "unit (yield from 1 lb ready-to-cook turkey)"
    },
    {
      "grams": 133.0,
      "amount": 0.5,
      "description": "turkey, skin only"
    }
  ],
  "nutrients": [
    {
      "name": "Energy",
      "amount": 283.0
    },
    {
      "name": "Protein",
      "amount": 16.6
    },
    {
      "name": "Carbs",
      "amount": 0.0
    },
    {
      "name": "Fiber",
      "amount": 0.0
    },
    {
      "name": "Fat",
      "amount": 23.54
    },
    {
      "name": "Water",
      "amount": 59.86
    },
    {
      "name": "Ash",
      "amount": 0.48
    },
    {
      "name": "Calcium",
      "amount": 19.0
    },
    {
      "name": "Copper",
      "amount": 0.134
    },
    {
      "name": "Iron",
      "amount": 1.29
    },
    {
      "name": "Magnesium",
      "amount": 10.0
    },
    {
      "name": "Manganese",
      "amount": 0.015
    },
    {
      "name": "Phosphorus",
      "amount": 97.0
    },
    {
      "name": "Potassium",
      "amount": 121.0
    },
    {
      "name": "Selenium",
      "amount": 15.2
    },
    {
      "name": "Sodium",
      "amount": 35.0
    },
    {
      "name": "Zinc",
      "amount": 1.6
    },
    {
      "name": "Vitamin A",
      "amount": 33.0
    },
    {
      "name": "Retinol",
      "amount": 10.0
    },
    {
      "name": "Folate",
      "amount": 5.0
    },
    {
      "name": "B1 (Thiamine)",
      "amount": 0.021
    },
    {
      "name": "B2 (Riboflavin)",
      "amount": 0.093
    },
    {
      "name": "B3 (Niacin)",
      "amount": 1.765
    },
    {
      "name": "B5 (Pantothenic Acid)",
      "amount": 0.329
    },
    {
      "name": "B6 (Pyridoxine)",
      "amount": 0.09
    },
    {
      "name": "B12 (Cyanocobalamin)",
      "amount": 0.31
    },
    {
      "name": "Vitamin C",
      "amount": 0.0
    },
    {
      "name": "Saturated",
      "amount": 6.14
    },
    {
      "name": "Monounsaturated",
      "amount": 10.03
    },
    {
      "name": "Polyunsaturated",
      "amount": 5.39
    },
    {
      "name": "Omega-3",
      "amount": 0.36
    },
    {
      "name": "Omega-6",
      "amount": 4.87
    },
    {
      "name": "Cholesterol",
      "amount": 139.0
    },
    {
      "name": "ALA",
      "amount": 1.346
    },
    {
      "name": "ARG",
      "amount": 1.28
    },
    {
      "name": "ASP",
      "amount": 1.484
    },
    {
      "name": "CYS",
      "amount": 0.276
    },
    {
      "name": "GLU",
      "amount": 2.063
    },
    {
      "name": "GLY",
      "amount": 2.647
    },
    {
      "name": "HIS",
      "amount": 0.319
    },
    {
      "name": "ILE",
      "amount": 0.534
    },
    {
      "name": "LEU",
      "amount": 0.974
    },
    {
      "name": "LYS",
      "amount": 0.99
    },
    {
      "name": "MET",
      "amount": 0.332
    },
    {
      "name": "PHE",
      "amount": 0.56
    },
    {
      "name": "PRO",
      "amount": 1.548
    },
    {
      "name": "SER",
      "amount": 0.674
    },
    {
      "name": "THR",
      "amount": 0.592
    },
    {
      "name": "TRP",
      "amount": 0.133
    },
    {
      "name": "TYR",
      "amount": 0.377
    },
    {
      "name": "VAL",
      "amount": 0.698
    }
  ],
  "foodSource": "usda",
  "foodType": "deprecated"
}