{
  "name": "Turkey, fryer-roasters, dark meat, meat and skin, raw",
  "sourceUID": 5207,
  "legacyUID": 5207,
  "pCF": 4.0,
  "cCF": 4.0,
  "lCF": 9.0,
  "comments": [],
  "measures": [
    {
      "grams": 1.0,
      "amount": 1.0,
      "description": "g"
    },
    {
      "grams": 151.0,
      "amount": 1.0,
      "description": "unit (yield from 1 lb ready-to-cook turkey)"
    },
    {
      "grams": 532.0,
      "amount": 0.5,
      "description": "turkey, bone removed"
    }
  ],
  "nutrients": [
    {
      "name": "Energy",
      "amount": 129.0
    },
    {
      "name": "Protein",
      "amount": 20.06
    },
    {
      "name": "Carbs",
      "amount": 0.0
    },
    {
      "name": "Fiber",
      "amount": 0.0
    },
    {
      "name": "Fat",
      "amount": 4.79
    },
    {
      "name": "Water",
      "amount": 74.56
    },
    {
      "name": "Ash",
      "amount": 0.84
    },
    {
      "name": "Calcium",
      "amount": 14.0
    },
    {
      "name": "Copper",
      "amount": 0.16
    },
    {
      "name": "Iron",
      "amount": 1.62
    },
    {
      "name": "Magnesium",
      "amount": 20.0
    },
    {
      "name": "Manganese",
      "amount": 0.023
    },
    {
      "name": "Phosphorus",
      "amount": 163.0
    },
    {
      "name": "Potassium",
      "amount": 232.0
    },
    {
      "name": "Selenium",
      "amount": 27.3
    },
    {
      "name": "Sodium",
      "amount": 66.0
    },
    {
      "name": "Zinc",
      "amount": 2.55
    },
    {
      "name": "Vitamin A",
      "amount": 3.0
    },
    {
      "name": "Retinol",
      "amount": 1.0
    },
    {
      "name": "Folate",
      "amount": 10.0
    },
    {
      "name": "B1 (Thiamine)",
      "amount": 0.046
    },
    {
      "name": "B2 (Riboflavin)",
      "amount": 0.189
    },
    {
      "name": "B3 (Niacin)",
      "amount": 2.838
    },
    {
      "name": "B5 (Pantothenic Acid)",
      "amount": 1.09
    },
    {
      "name": "B6 (Pyridoxine)",
      "amount": 0.34
    },
    {
      "name": "B12 (Cyanocobalamin)",
      "amount": 0.4
    },
    {
      "name": "Vitamin C",
      "amount": 0.0
    },
    {
      "name": "Saturated",
      "amount": 1.43
    },
    {
      "name": "Monounsaturated",
      "amount": 1.55
    },
    {
      "name": "Polyunsaturated",
      "amount": 1.27
    },
    {
      "name": "Omega-3",
      "amount": 0.09
    },
    {
      "name": "Omega-6",
      "amount": 1.08
    },
    {
      "name": "Cholesterol",
      "amount": 87.0
    },
    {
      "name": "ALA",
      "amount": 1.274
    },
    {
      "name": "ARG",
      "amount": 1.412
    },
    {
      "name": "ASP",
      "amount": 1.936
    },
    {
      "name": "CYS",
      "amount": 0.219
    },
    {
      "name": "GLU",
      "amount": 3.211
    },
    {
      "name": "GLY",
      "amount": 1.175
    },
    {
      "name": "HIS",
      "amount": 0.606
    },
    {
      "name": "ILE",
      "amount": 1.011
    },
    {
      "name": "LEU",
      "amount": 1.564
    },
    {
      "name": "LYS",
      "amount": 1.834
    },
    {
      "name": "MET",
      "amount": 0.566
    },
    {
      "name": "PHE",
      "amount": 0.786
    },
    {
      "name": "PRO",
      "amount": 0.919
    },
    {
      "name": "SER",
      "amount": 0.886
    },
    {
      "name": "THR",
      "amount": 0.878
    },
    {
      "name": "TRP",
      "amount": 0.222
    },
    {
      "name": "TYR",
      "amount": 0.765
    },
    {
      "name": "VAL",
      "amount": 1.048
    }
  ],
  "foodSource": "usda",
  "foodType": "deprecated"
}