{
  "name": "Turkey, fryer-roasters, meat only, cooked, roasted",
  "sourceUID": 5202,
  "legacyUID": 5202,
  "pCF": 4.0,
  "cCF": 4.0,
  "lCF": 9.0,
  "comments": [],
  "measures": [
    {
      "grams": 1.0,
      "amount": 1.0,
      "description": "g"
    },
    {
      "grams": 140.0,
      "amount": 1.0,
      "description": "cup, chopped or diced"
    },
    {
      "grams": 195.0,
      "amount": 1.0,
      "description": "unit (yield from 1 lb ready-to-cook turkey)"
    }
  ],
  "nutrients": [
    {
      "name": "Energy",
      "amount": 150.0
    },
    {
      "name": "Protein",
      "amount": 29.56
    },
    {
      "name": "Carbs",
      "amount": 0.0
    },
    {
      "name": "Fiber",
      "amount": 0.0
    },
    {
      "name": "Fat",
      "amount": 2.63
    },
    {
      "name": "Water",
      "amount": 67.57
    },
    {
      "name": "Ash",
      "amount": 1.04
    },
    {
      "name": "Calcium",
      "amount": 20.0
    },
    {
      "name": "Copper",
      "amount": 0.15
    },
    {
      "name": "Iron",
      "amount": 1.96
    },
    {
      "name": "Magnesium",
      "amount": 26.0
    },
    {
      "name": "Manganese",
      "amount": 0.025
    },
    {
      "name": "Phosphorus",
      "amount": 207.0
    },
    {
      "name": "Potassium",
      "amount": 263.0
    },
    {
      "name": "Selenium",
      "amount": 36.5
    },
    {
      "name": "Sodium",
      "amount": 67.0
    },
    {
      "name": "Zinc",
      "amount": 3.04
    },
    {
      "name": "Vitamin A",
      "amount": 0.0
    },
    {
      "name": "Retinol",
      "amount": 0.0
    },
    {
      "name": "Folate",
      "amount": 8.0
    },
    {
      "name": "B1 (Thiamine)",
      "amount": 0.046
    },
    {
      "name": "B2 (Riboflavin)",
      "amount": 0.188
    },
    {
      "name": "B3 (Niacin)",
      "amount": 5.326
    },
    {
      "name": "B5 (Pantothenic Acid)",
      "amount": 1.012
    },
    {
      "name": "B6 (Pyridoxine)",
      "amount": 0.48
    },
    {
      "name": "B12 (Cyanocobalamin)",
      "amount": 0.39
    },
    {
      "name": "Vitamin C",
      "amount": 0.0
    },
    {
      "name": "Saturated",
      "amount": 0.87
    },
    {
      "name": "Monounsaturated",
      "amount": 0.56
    },
    {
      "name": "Polyunsaturated",
      "amount": 0.77
    },
    {
      "name": "Omega-3",
      "amount": 0.06
    },
    {
      "name": "Omega-6",
      "amount": 0.6
    },
    {
      "name": "Cholesterol",
      "amount": 98.0
    },
    {
      "name": "ALA",
      "amount": 1.83
    },
    {
      "name": "ARG",
      "amount": 2.062
    },
    {
      "name": "ASP",
      "amount": 2.871
    },
    {
      "name": "CYS",
      "amount": 0.307
    },
    {
      "name": "GLU",
      "amount": 4.824
    },
    {
      "name": "GLY",
      "amount": 1.466
    },
    {
      "name": "HIS",
      "amount": 0.922
    },
    {
      "name": "ILE",
      "amount": 1.537
    },
    {
      "name": "LEU",
      "amount": 2.355
    },
    {
      "name": "LYS",
      "amount": 2.785
    },
    {
      "name": "MET",
      "amount": 0.856
    },
    {
      "name": "PHE",
      "amount": 1.173
    },
    {
      "name": "PRO",
      "amount": 1.23
    },
    {
      "name": "SER",
      "amount": 1.315
    },
    {
      "name": "THR",
      "amount": 1.315
    },
    {
      "name": "TRP",
      "amount": 0.336
    },
    {
      "name": "TYR",
      "amount": 1.168
    },
    {
      "name": "VAL",
      "amount": 1.57
    }
  ],
  "foodSource": "usda",
  "foodType": "deprecated"
}