{
  "name": "Turkey, fryer-roasters, meat only, raw",
  "sourceUID": 5201,
  "legacyUID": 5201,
  "pCF": 4.0,
  "cCF": 4.0,
  "lCF": 9.0,
  "comments": [],
  "measures": [
    {
      "grams": 1.0,
      "amount": 1.0,
      "description": "g"
    },
    {
      "grams": 272.0,
      "amount": 1.0,
      "description": "unit (yield from 1 lb ready-to-cook turkey)"
    },
    {
      "grams": 990.0,
      "amount": 0.5,
      "description": "turkey, bone and skin removed"
    }
  ],
  "nutrients": [
    {
      "name": "Energy",
      "amount": 110.0
    },
    {
      "name": "Protein",
      "amount": 22.32
    },
    {
      "name": "Carbs",
      "amount": 0.0
    },
    {
      "name": "Fiber",
      "amount": 0.0
    },
    {
      "name": "Fat",
      "amount": 1.58
    },
    {
      "name": "Water",
      "amount": 75.42
    },
    {
      "name": "Ash",
      "amount": 0.93
    },
    {
      "name": "Calcium",
      "amount": 12.0
    },
    {
      "name": "Copper",
      "amount": 0.14
    },
    {
      "name": "Iron",
      "amount": 1.44
    },
    {
      "name": "Magnesium",
      "amount": 24.0
    },
    {
      "name": "Manganese",
      "amount": 0.022
    },
    {
      "name": "Phosphorus",
      "amount": 184.0
    },
    {
      "name": "Potassium",
      "amount": 260.0
    },
    {
      "name": "Selenium",
      "amount": 26.5
    },
    {
      "name": "Sodium",
      "amount": 61.0
    },
    {
      "name": "Zinc",
      "amount": 2.03
    },
    {
      "name": "Vitamin A",
      "amount": 0.0
    },
    {
      "name": "Retinol",
      "amount": 0.0
    },
    {
      "name": "Folate",
      "amount": 9.0
    },
    {
      "name": "B1 (Thiamine)",
      "amount": 0.044
    },
    {
      "name": "B2 (Riboflavin)",
      "amount": 0.159
    },
    {
      "name": "B3 (Niacin)",
      "amount": 4.357
    },
    {
      "name": "B5 (Pantothenic Acid)",
      "amount": 0.939
    },
    {
      "name": "B6 (Pyridoxine)",
      "amount": 0.47
    },
    {
      "name": "B12 (Cyanocobalamin)",
      "amount": 0.44
    },
    {
      "name": "Vitamin C",
      "amount": 0.0
    },
    {
      "name": "Saturated",
      "amount": 0.53
    },
    {
      "name": "Monounsaturated",
      "amount": 0.35
    },
    {
      "name": "Polyunsaturated",
      "amount": 0.47
    },
    {
      "name": "Omega-3",
      "amount": 0.03
    },
    {
      "name": "Omega-6",
      "amount": 0.37
    },
    {
      "name": "Cholesterol",
      "amount": 73.0
    },
    {
      "name": "ALA",
      "amount": 1.382
    },
    {
      "name": "ARG",
      "amount": 1.557
    },
    {
      "name": "ASP",
      "amount": 2.168
    },
    {
      "name": "CYS",
      "amount": 0.232
    },
    {
      "name": "GLU",
      "amount": 3.642
    },
    {
      "name": "GLY",
      "amount": 1.107
    },
    {
      "name": "HIS",
      "amount": 0.696
    },
    {
      "name": "ILE",
      "amount": 1.161
    },
    {
      "name": "LEU",
      "amount": 1.778
    },
    {
      "name": "LYS",
      "amount": 2.103
    },
    {
      "name": "MET",
      "amount": 0.646
    },
    {
      "name": "PHE",
      "amount": 0.886
    },
    {
      "name": "PRO",
      "amount": 0.928
    },
    {
      "name": "SER",
      "amount": 0.993
    },
    {
      "name": "THR",
      "amount": 0.993
    },
    {
      "name": "TRP",
      "amount": 0.254
    },
    {
      "name": "TYR",
      "amount": 0.882
    },
    {
      "name": "VAL",
      "amount": 1.186
    }
  ],
  "foodSource": "usda",
  "foodType": "deprecated"
}