{
  "name": "Turkey, fryer-roasters, back, meat and skin, raw",
  "sourceUID": 5213,
  "legacyUID": 5213,
  "pCF": 4.0,
  "cCF": 4.0,
  "lCF": 9.0,
  "comments": [],
  "measures": [
    {
      "grams": 1.0,
      "amount": 1.0,
      "description": "g"
    },
    {
      "grams": 183.0,
      "amount": 0.5,
      "description": "back, bone removed"
    },
    {
      "grams": 52.0,
      "amount": 1.0,
      "description": "unit (yield from 1 lb ready-to-cook turkey)"
    }
  ],
  "nutrients": [
    {
      "name": "Energy",
      "amount": 151.0
    },
    {
      "name": "Protein",
      "amount": 19.89
    },
    {
      "name": "Carbs",
      "amount": 0.0
    },
    {
      "name": "Fiber",
      "amount": 0.0
    },
    {
      "name": "Fat",
      "amount": 7.27
    },
    {
      "name": "Water",
      "amount": 72.47
    },
    {
      "name": "Ash",
      "amount": 0.76
    },
    {
      "name": "Calcium",
      "amount": 19.0
    },
    {
      "name": "Copper",
      "amount": 0.137
    },
    {
      "name": "Iron",
      "amount": 1.4
    },
    {
      "name": "Magnesium",
      "amount": 19.0
    },
    {
      "name": "Manganese",
      "amount": 0.018
    },
    {
      "name": "Phosphorus",
      "amount": 155.0
    },
    {
      "name": "Potassium",
      "amount": 204.0
    },
    {
      "name": "Selenium",
      "amount": 26.4
    },
    {
      "name": "Sodium",
      "amount": 60.0
    },
    {
      "name": "Zinc",
      "amount": 1.92
    },
    {
      "name": "Vitamin A",
      "amount": 6.0
    },
    {
      "name": "Retinol",
      "amount": 2.0
    },
    {
      "name": "Folate",
      "amount": 10.0
    },
    {
      "name": "B1 (Thiamine)",
      "amount": 0.042
    },
    {
      "name": "B2 (Riboflavin)",
      "amount": 0.161
    },
    {
      "name": "B3 (Niacin)",
      "amount": 3.257
    },
    {
      "name": "B5 (Pantothenic Acid)",
      "amount": 1.032
    },
    {
      "name": "B6 (Pyridoxine)",
      "amount": 0.32
    },
    {
      "name": "B12 (Cyanocobalamin)",
      "amount": 0.39
    },
    {
      "name": "Vitamin C",
      "amount": 0.0
    },
    {
      "name": "Saturated",
      "amount": 2.12
    },
    {
      "name": "Monounsaturated",
      "amount": 2.5
    },
    {
      "name": "Polyunsaturated",
      "amount": 1.88
    },
    {
      "name": "Omega-3",
      "amount": 0.13
    },
    {
      "name": "Omega-6",
      "amount": 1.61
    },
    {
      "name": "Cholesterol",
      "amount": 86.0
    },
    {
      "name": "ALA",
      "amount": 1.288
    },
    {
      "name": "ARG",
      "amount": 1.409
    },
    {
      "name": "ASP",
      "amount": 1.91
    },
    {
      "name": "CYS",
      "amount": 0.225
    },
    {
      "name": "GLU",
      "amount": 3.134
    },
    {
      "name": "GLY",
      "amount": 1.306
    },
    {
      "name": "HIS",
      "amount": 0.586
    },
    {
      "name": "ILE",
      "amount": 0.977
    },
    {
      "name": "LEU",
      "amount": 1.524
    },
    {
      "name": "LYS",
      "amount": 1.774
    },
    {
      "name": "MET",
      "amount": 0.55
    },
    {
      "name": "PHE",
      "amount": 0.772
    },
    {
      "name": "PRO",
      "amount": 0.978
    },
    {
      "name": "SER",
      "amount": 0.874
    },
    {
      "name": "THR",
      "amount": 0.859
    },
    {
      "name": "TRP",
      "amount": 0.216
    },
    {
      "name": "TYR",
      "amount": 0.737
    },
    {
      "name": "VAL",
      "amount": 1.025
    }
  ],
  "foodSource": "usda",
  "foodType": "deprecated"
}