{
  "name": "Turkey, fryer-roasters, breast, meat and skin, raw",
  "sourceUID": 5217,
  "legacyUID": 5217,
  "pCF": 4.0,
  "cCF": 4.0,
  "lCF": 9.0,
  "comments": [],
  "measures": [
    {
      "grams": 1.0,
      "amount": 1.0,
      "description": "g"
    },
    {
      "grams": 123.0,
      "amount": 1.0,
      "description": "unit (yield from 1 lb ready-to-cook turkey)"
    },
    {
      "grams": 433.0,
      "amount": 0.5,
      "description": "breast, bone removed"
    }
  ],
  "nutrients": [
    {
      "name": "Energy",
      "amount": 125.0
    },
    {
      "name": "Protein",
      "amount": 23.76
    },
    {
      "name": "Carbs",
      "amount": 0.0
    },
    {
      "name": "Fiber",
      "amount": 0.0
    },
    {
      "name": "Sugars",
      "amount": 0.0
    },
    {
      "name": "Fat",
      "amount": 2.65
    },
    {
      "name": "Water",
      "amount": 72.88
    },
    {
      "name": "Ash",
      "amount": 0.97
    },
    {
      "name": "Calcium",
      "amount": 11.0
    },
    {
      "name": "Copper",
      "amount": 0.117
    },
    {
      "name": "Iron",
      "amount": 1.19
    },
    {
      "name": "Magnesium",
      "amount": 26.0
    },
    {
      "name": "Manganese",
      "amount": 0.02
    },
    {
      "name": "Phosphorus",
      "amount": 195.0
    },
    {
      "name": "Potassium",
      "amount": 276.0
    },
    {
      "name": "Selenium",
      "amount": 23.5
    },
    {
      "name": "Sodium",
      "amount": 48.0
    },
    {
      "name": "Zinc",
      "amount": 1.28
    },
    {
      "name": "Vitamin A",
      "amount": 3.0
    },
    {
      "name": "Retinol",
      "amount": 1.0
    },
    {
      "name": "Folate",
      "amount": 8.0
    },
    {
      "name": "B1 (Thiamine)",
      "amount": 0.039
    },
    {
      "name": "B2 (Riboflavin)",
      "amount": 0.116
    },
    {
      "name": "B3 (Niacin)",
      "amount": 5.809
    },
    {
      "name": "B5 (Pantothenic Acid)",
      "amount": 0.679
    },
    {
      "name": "B6 (Pyridoxine)",
      "amount": 0.53
    },
    {
      "name": "B12 (Cyanocobalamin)",
      "amount": 0.46
    },
    {
      "name": "Vitamin C",
      "amount": 0.0
    },
    {
      "name": "Saturated",
      "amount": 0.72
    },
    {
      "name": "Monounsaturated",
      "amount": 1.0
    },
    {
      "name": "Polyunsaturated",
      "amount": 0.63
    },
    {
      "name": "Omega-3",
      "amount": 0.06
    },
    {
      "name": "Omega-6",
      "amount": 0.53
    },
    {
      "name": "Cholesterol",
      "amount": 70.0
    },
    {
      "name": "ALA",
      "amount": 1.502
    },
    {
      "name": "ARG",
      "amount": 1.669
    },
    {
      "name": "ASP",
      "amount": 2.295
    },
    {
      "name": "CYS",
      "amount": 0.257
    },
    {
      "name": "GLU",
      "amount": 3.813
    },
    {
      "name": "GLY",
      "amount": 1.359
    },
    {
      "name": "HIS",
      "amount": 0.722
    },
    {
      "name": "ILE",
      "amount": 1.203
    },
    {
      "name": "LEU",
      "amount": 1.859
    },
    {
      "name": "LYS",
      "amount": 2.182
    },
    {
      "name": "MET",
      "amount": 0.673
    },
    {
      "name": "PHE",
      "amount": 0.933
    },
    {
      "name": "PRO",
      "amount": 1.073
    },
    {
      "name": "SER",
      "amount": 1.05
    },
    {
      "name": "THR",
      "amount": 1.042
    },
    {
      "name": "TRP",
      "amount": 0.264
    },
    {
      "name": "TYR",
      "amount": 0.911
    },
    {
      "name": "VAL",
      "amount": 1.244
    }
  ],
  "foodSource": "usda",
  "foodType": "deprecated"
}