{
  "name": "Turkey, fryer-roasters, light meat, meat only, cooked, roasted",
  "sourceUID": 5210,
  "legacyUID": 5210,
  "pCF": 4.0,
  "cCF": 4.0,
  "lCF": 9.0,
  "comments": [],
  "measures": [
    {
      "grams": 1.0,
      "amount": 1.0,
      "description": "g"
    },
    {
      "grams": 140.0,
      "amount": 1.0,
      "description": "cup, chopped or diced"
    },
    {
      "grams": 104.0,
      "amount": 1.0,
      "description": "unit (yield from 1 lb ready-to-cook turkey)"
    }
  ],
  "nutrients": [
    {
      "name": "Energy",
      "amount": 140.0
    },
    {
      "name": "Protein",
      "amount": 30.19
    },
    {
      "name": "Carbs",
      "amount": 0.0
    },
    {
      "name": "Fiber",
      "amount": 0.0
    },
    {
      "name": "Fat",
      "amount": 1.18
    },
    {
      "name": "Water",
      "amount": 68.56
    },
    {
      "name": "Ash",
      "amount": 1.09
    },
    {
      "name": "Calcium",
      "amount": 15.0
    },
    {
      "name": "Copper",
      "amount": 0.086
    },
    {
      "name": "Iron",
      "amount": 1.57
    },
    {
      "name": "Magnesium",
      "amount": 28.0
    },
    {
      "name": "Manganese",
      "amount": 0.025
    },
    {
      "name": "Phosphorus",
      "amount": 216.0
    },
    {
      "name": "Potassium",
      "amount": 277.0
    },
    {
      "name": "Selenium",
      "amount": 32.1
    },
    {
      "name": "Sodium",
      "amount": 56.0
    },
    {
      "name": "Zinc",
      "amount": 2.08
    },
    {
      "name": "Vitamin A",
      "amount": 0.0
    },
    {
      "name": "Retinol",
      "amount": 0.0
    },
    {
      "name": "Folate",
      "amount": 6.0
    },
    {
      "name": "B1 (Thiamine)",
      "amount": 0.041
    },
    {
      "name": "B2 (Riboflavin)",
      "amount": 0.136
    },
    {
      "name": "B3 (Niacin)",
      "amount": 6.936
    },
    {
      "name": "B5 (Pantothenic Acid)",
      "amount": 0.715
    },
    {
      "name": "B6 (Pyridoxine)",
      "amount": 0.57
    },
    {
      "name": "B12 (Cyanocobalamin)",
      "amount": 0.39
    },
    {
      "name": "Vitamin C",
      "amount": 0.0
    },
    {
      "name": "Saturated",
      "amount": 0.38
    },
    {
      "name": "Monounsaturated",
      "amount": 0.21
    },
    {
      "name": "Polyunsaturated",
      "amount": 0.31
    },
    {
      "name": "Omega-3",
      "amount": 0.03
    },
    {
      "name": "Omega-6",
      "amount": 0.21
    },
    {
      "name": "Cholesterol",
      "amount": 86.0
    },
    {
      "name": "ALA",
      "amount": 1.869
    },
    {
      "name": "ARG",
      "amount": 2.106
    },
    {
      "name": "ASP",
      "amount": 2.932
    },
    {
      "name": "CYS",
      "amount": 0.314
    },
    {
      "name": "GLU",
      "amount": 4.927
    },
    {
      "name": "GLY",
      "amount": 1.497
    },
    {
      "name": "HIS",
      "amount": 0.942
    },
    {
      "name": "ILE",
      "amount": 1.57
    },
    {
      "name": "LEU",
      "amount": 2.405
    },
    {
      "name": "LYS",
      "amount": 2.845
    },
    {
      "name": "MET",
      "amount": 0.874
    },
    {
      "name": "PHE",
      "amount": 1.198
    },
    {
      "name": "PRO",
      "amount": 1.256
    },
    {
      "name": "SER",
      "amount": 1.343
    },
    {
      "name": "THR",
      "amount": 1.343
    },
    {
      "name": "TRP",
      "amount": 0.343
    },
    {
      "name": "TYR",
      "amount": 1.193
    },
    {
      "name": "VAL",
      "amount": 1.604
    }
  ],
  "foodSource": "usda",
  "foodType": "deprecated"
}