{
  "name": "Turkey, fryer-roasters, dark meat, meat only, cooked, roasted",
  "sourceUID": 5212,
  "legacyUID": 5212,
  "pCF": 4.0,
  "cCF": 4.0,
  "lCF": 9.0,
  "comments": [],
  "measures": [
    {
      "grams": 1.0,
      "amount": 1.0,
      "description": "g"
    },
    {
      "grams": 140.0,
      "amount": 1.0,
      "description": "cup, chopped or diced"
    },
    {
      "grams": 91.0,
      "amount": 1.0,
      "description": "unit (yield from 1 lb ready-to-cook turkey)"
    }
  ],
  "nutrients": [
    {
      "name": "Energy",
      "amount": 162.0
    },
    {
      "name": "Protein",
      "amount": 28.84
    },
    {
      "name": "Carbs",
      "amount": 0.0
    },
    {
      "name": "Fiber",
      "amount": 0.0
    },
    {
      "name": "Fat",
      "amount": 4.31
    },
    {
      "name": "Water",
      "amount": 66.39
    },
    {
      "name": "Ash",
      "amount": 0.98
    },
    {
      "name": "Calcium",
      "amount": 26.0
    },
    {
      "name": "Copper",
      "amount": 0.223
    },
    {
      "name": "Iron",
      "amount": 2.41
    },
    {
      "name": "Magnesium",
      "amount": 24.0
    },
    {
      "name": "Manganese",
      "amount": 0.025
    },
    {
      "name": "Phosphorus",
      "amount": 196.0
    },
    {
      "name": "Potassium",
      "amount": 246.0
    },
    {
      "name": "Selenium",
      "amount": 40.9
    },
    {
      "name": "Sodium",
      "amount": 79.0
    },
    {
      "name": "Zinc",
      "amount": 4.13
    },
    {
      "name": "Vitamin A",
      "amount": 0.0
    },
    {
      "name": "Retinol",
      "amount": 0.0
    },
    {
      "name": "Folate",
      "amount": 10.0
    },
    {
      "name": "B1 (Thiamine)",
      "amount": 0.051
    },
    {
      "name": "B2 (Riboflavin)",
      "amount": 0.248
    },
    {
      "name": "B3 (Niacin)",
      "amount": 3.471
    },
    {
      "name": "B5 (Pantothenic Acid)",
      "amount": 1.353
    },
    {
      "name": "B6 (Pyridoxine)",
      "amount": 0.38
    },
    {
      "name": "B12 (Cyanocobalamin)",
      "amount": 0.39
    },
    {
      "name": "Vitamin C",
      "amount": 0.0
    },
    {
      "name": "Saturated",
      "amount": 1.45
    },
    {
      "name": "Monounsaturated",
      "amount": 0.98
    },
    {
      "name": "Polyunsaturated",
      "amount": 1.29
    },
    {
      "name": "Omega-3",
      "amount": 0.09
    },
    {
      "name": "Omega-6",
      "amount": 1.05
    },
    {
      "name": "Cholesterol",
      "amount": 112.0
    },
    {
      "name": "ALA",
      "amount": 1.786
    },
    {
      "name": "ARG",
      "amount": 2.012
    },
    {
      "name": "ASP",
      "amount": 2.801
    },
    {
      "name": "CYS",
      "amount": 0.3
    },
    {
      "name": "GLU",
      "amount": 4.707
    },
    {
      "name": "GLY",
      "amount": 1.431
    },
    {
      "name": "HIS",
      "amount": 0.9
    },
    {
      "name": "ILE",
      "amount": 1.5
    },
    {
      "name": "LEU",
      "amount": 2.298
    },
    {
      "name": "LYS",
      "amount": 2.718
    },
    {
      "name": "MET",
      "amount": 0.835
    },
    {
      "name": "PHE",
      "amount": 1.145
    },
    {
      "name": "PRO",
      "amount": 1.2
    },
    {
      "name": "SER",
      "amount": 1.283
    },
    {
      "name": "THR",
      "amount": 1.283
    },
    {
      "name": "TRP",
      "amount": 0.328
    },
    {
      "name": "TYR",
      "amount": 1.14
    },
    {
      "name": "VAL",
      "amount": 1.532
    }
  ],
  "foodSource": "usda",
  "foodType": "deprecated"
}