{
  "name": "Turkey, fryer-roasters, back, meat and skin, cooked, roasted",
  "sourceUID": 5214,
  "legacyUID": 5214,
  "pCF": 4.0,
  "cCF": 4.0,
  "lCF": 9.0,
  "comments": [],
  "measures": [
    {
      "grams": 1.0,
      "amount": 1.0,
      "description": "g"
    },
    {
      "grams": 130.0,
      "amount": 0.5,
      "description": "back, bone removed"
    },
    {
      "grams": 37.0,
      "amount": 1.0,
      "description": "unit (yield from 1 lb ready-to-cook turkey)"
    }
  ],
  "nutrients": [
    {
      "name": "Energy",
      "amount": 204.0
    },
    {
      "name": "Protein",
      "amount": 26.15
    },
    {
      "name": "Carbs",
      "amount": 0.0
    },
    {
      "name": "Fiber",
      "amount": 0.0
    },
    {
      "name": "Fat",
      "amount": 10.24
    },
    {
      "name": "Water",
      "amount": 63.27
    },
    {
      "name": "Ash",
      "amount": 0.85
    },
    {
      "name": "Calcium",
      "amount": 36.0
    },
    {
      "name": "Copper",
      "amount": 0.166
    },
    {
      "name": "Iron",
      "amount": 1.85
    },
    {
      "name": "Magnesium",
      "amount": 20.0
    },
    {
      "name": "Manganese",
      "amount": 0.023
    },
    {
      "name": "Phosphorus",
      "amount": 170.0
    },
    {
      "name": "Potassium",
      "amount": 208.0
    },
    {
      "name": "Selenium",
      "amount": 37.7
    },
    {
      "name": "Sodium",
      "amount": 70.0
    },
    {
      "name": "Zinc",
      "amount": 3.34
    },
    {
      "name": "Vitamin A",
      "amount": 0.0
    },
    {
      "name": "Retinol",
      "amount": 0.0
    },
    {
      "name": "Folate",
      "amount": 9.0
    },
    {
      "name": "B1 (Thiamine)",
      "amount": 0.04
    },
    {
      "name": "B2 (Riboflavin)",
      "amount": 0.193
    },
    {
      "name": "B3 (Niacin)",
      "amount": 3.517
    },
    {
      "name": "B5 (Pantothenic Acid)",
      "amount": 1.127
    },
    {
      "name": "B6 (Pyridoxine)",
      "amount": 0.31
    },
    {
      "name": "B12 (Cyanocobalamin)",
      "amount": 0.36
    },
    {
      "name": "Vitamin C",
      "amount": 0.0
    },
    {
      "name": "Saturated",
      "amount": 2.99
    },
    {
      "name": "Monounsaturated",
      "amount": 3.53
    },
    {
      "name": "Polyunsaturated",
      "amount": 2.64
    },
    {
      "name": "Omega-3",
      "amount": 0.18
    },
    {
      "name": "Omega-6",
      "amount": 2.27
    },
    {
      "name": "Cholesterol",
      "amount": 108.0
    },
    {
      "name": "ALA",
      "amount": 1.723
    },
    {
      "name": "ARG",
      "amount": 1.864
    },
    {
      "name": "ASP",
      "amount": 2.498
    },
    {
      "name": "CYS",
      "amount": 0.306
    },
    {
      "name": "GLU",
      "amount": 4.058
    },
    {
      "name": "GLY",
      "amount": 1.89
    },
    {
      "name": "HIS",
      "amount": 0.751
    },
    {
      "name": "ILE",
      "amount": 1.253
    },
    {
      "name": "LEU",
      "amount": 1.971
    },
    {
      "name": "LYS",
      "amount": 2.278
    },
    {
      "name": "MET",
      "amount": 0.709
    },
    {
      "name": "PHE",
      "amount": 1.006
    },
    {
      "name": "PRO",
      "amount": 1.367
    },
    {
      "name": "SER",
      "amount": 1.142
    },
    {
      "name": "THR",
      "amount": 1.116
    },
    {
      "name": "TRP",
      "amount": 0.279
    },
    {
      "name": "TYR",
      "amount": 0.943
    },
    {
      "name": "VAL",
      "amount": 1.33
    }
  ],
  "foodSource": "usda",
  "foodType": "deprecated"
}