{
  "name": "Turkey, fryer-roasters, dark meat, meat only, raw",
  "sourceUID": 5211,
  "legacyUID": 5211,
  "pCF": 4.0,
  "cCF": 4.0,
  "lCF": 9.0,
  "comments": [],
  "measures": [
    {
      "grams": 1.0,
      "amount": 1.0,
      "description": "g"
    },
    {
      "grams": 136.0,
      "amount": 1.0,
      "description": "unit (yield from 1 lb ready-to-cook turkey)"
    },
    {
      "grams": 479.0,
      "amount": 0.5,
      "description": "turkey, bone and skin removed"
    }
  ],
  "nutrients": [
    {
      "name": "Energy",
      "amount": 111.0
    },
    {
      "name": "Protein",
      "amount": 20.46
    },
    {
      "name": "Carbs",
      "amount": 0.0
    },
    {
      "name": "Fiber",
      "amount": 0.0
    },
    {
      "name": "Fat",
      "amount": 2.67
    },
    {
      "name": "Water",
      "amount": 76.22
    },
    {
      "name": "Ash",
      "amount": 0.88
    },
    {
      "name": "Calcium",
      "amount": 13.0
    },
    {
      "name": "Copper",
      "amount": 0.162
    },
    {
      "name": "Iron",
      "amount": 1.66
    },
    {
      "name": "Magnesium",
      "amount": 22.0
    },
    {
      "name": "Manganese",
      "amount": 0.024
    },
    {
      "name": "Phosphorus",
      "amount": 171.0
    },
    {
      "name": "Potassium",
      "amount": 244.0
    },
    {
      "name": "Selenium",
      "amount": 28.6
    },
    {
      "name": "Sodium",
      "amount": 69.0
    },
    {
      "name": "Zinc",
      "amount": 2.66
    },
    {
      "name": "Vitamin A",
      "amount": 0.0
    },
    {
      "name": "Retinol",
      "amount": 0.0
    },
    {
      "name": "Folate",
      "amount": 11.0
    },
    {
      "name": "B1 (Thiamine)",
      "amount": 0.049
    },
    {
      "name": "B2 (Riboflavin)",
      "amount": 0.2
    },
    {
      "name": "B3 (Niacin)",
      "amount": 2.957
    },
    {
      "name": "B5 (Pantothenic Acid)",
      "amount": 1.173
    },
    {
      "name": "B6 (Pyridoxine)",
      "amount": 0.37
    },
    {
      "name": "B12 (Cyanocobalamin)",
      "amount": 0.41
    },
    {
      "name": "Vitamin C",
      "amount": 0.0
    },
    {
      "name": "Saturated",
      "amount": 0.9
    },
    {
      "name": "Monounsaturated",
      "amount": 0.61
    },
    {
      "name": "Polyunsaturated",
      "amount": 0.8
    },
    {
      "name": "Omega-3",
      "amount": 0.05
    },
    {
      "name": "Omega-6",
      "amount": 0.65
    },
    {
      "name": "Cholesterol",
      "amount": 81.0
    },
    {
      "name": "ALA",
      "amount": 1.267
    },
    {
      "name": "ARG",
      "amount": 1.427
    },
    {
      "name": "ASP",
      "amount": 1.987
    },
    {
      "name": "CYS",
      "amount": 0.213
    },
    {
      "name": "GLU",
      "amount": 3.338
    },
    {
      "name": "GLY",
      "amount": 1.015
    },
    {
      "name": "HIS",
      "amount": 0.638
    },
    {
      "name": "ILE",
      "amount": 1.064
    },
    {
      "name": "LEU",
      "amount": 1.63
    },
    {
      "name": "LYS",
      "amount": 1.928
    },
    {
      "name": "MET",
      "amount": 0.592
    },
    {
      "name": "PHE",
      "amount": 0.812
    },
    {
      "name": "PRO",
      "amount": 0.851
    },
    {
      "name": "SER",
      "amount": 0.91
    },
    {
      "name": "THR",
      "amount": 0.91
    },
    {
      "name": "TRP",
      "amount": 0.232
    },
    {
      "name": "TYR",
      "amount": 0.808
    },
    {
      "name": "VAL",
      "amount": 1.087
    }
  ],
  "foodSource": "usda",
  "foodType": "deprecated"
}