{
  "name": "Turkey, fryer-roasters, breast, meat and skin, cooked, roasted",
  "sourceUID": 5218,
  "legacyUID": 5218,
  "pCF": 4.0,
  "cCF": 4.0,
  "lCF": 9.0,
  "comments": [],
  "measures": [
    {
      "grams": 1.0,
      "amount": 1.0,
      "description": "g"
    },
    {
      "grams": 98.0,
      "amount": 1.0,
      "description": "unit (yield from 1 lb ready-to-cook turkey)"
    },
    {
      "grams": 344.0,
      "amount": 0.5,
      "description": "breast, bone removed"
    }
  ],
  "nutrients": [
    {
      "name": "Energy",
      "amount": 153.0
    },
    {
      "name": "Protein",
      "amount": 29.07
    },
    {
      "name": "Carbs",
      "amount": 0.0
    },
    {
      "name": "Fiber",
      "amount": 0.0
    },
    {
      "name": "Fat",
      "amount": 3.2
    },
    {
      "name": "Water",
      "amount": 67.63
    },
    {
      "name": "Ash",
      "amount": 1.1
    },
    {
      "name": "Calcium",
      "amount": 15.0
    },
    {
      "name": "Copper",
      "amount": 0.076
    },
    {
      "name": "Iron",
      "amount": 1.57
    },
    {
      "name": "Magnesium",
      "amount": 28.0
    },
    {
      "name": "Manganese",
      "amount": 0.024
    },
    {
      "name": "Phosphorus",
      "amount": 216.0
    },
    {
      "name": "Potassium",
      "amount": 279.0
    },
    {
      "name": "Selenium",
      "amount": 30.5
    },
    {
      "name": "Sodium",
      "amount": 53.0
    },
    {
      "name": "Zinc",
      "amount": 1.77
    },
    {
      "name": "Vitamin A",
      "amount": 0.0
    },
    {
      "name": "Retinol",
      "amount": 0.0
    },
    {
      "name": "Folate",
      "amount": 6.0
    },
    {
      "name": "B1 (Thiamine)",
      "amount": 0.041
    },
    {
      "name": "B2 (Riboflavin)",
      "amount": 0.135
    },
    {
      "name": "B3 (Niacin)",
      "amount": 6.962
    },
    {
      "name": "B5 (Pantothenic Acid)",
      "amount": 0.661
    },
    {
      "name": "B6 (Pyridoxine)",
      "amount": 0.51
    },
    {
      "name": "B12 (Cyanocobalamin)",
      "amount": 0.37
    },
    {
      "name": "Vitamin C",
      "amount": 0.0
    },
    {
      "name": "Saturated",
      "amount": 0.87
    },
    {
      "name": "Monounsaturated",
      "amount": 1.2
    },
    {
      "name": "Polyunsaturated",
      "amount": 0.76
    },
    {
      "name": "Omega-3",
      "amount": 0.06
    },
    {
      "name": "Omega-6",
      "amount": 0.64
    },
    {
      "name": "Cholesterol",
      "amount": 90.0
    },
    {
      "name": "ALA",
      "amount": 1.844
    },
    {
      "name": "ARG",
      "amount": 2.044
    },
    {
      "name": "ASP",
      "amount": 2.805
    },
    {
      "name": "CYS",
      "amount": 0.317
    },
    {
      "name": "GLU",
      "amount": 4.654
    },
    {
      "name": "GLY",
      "amount": 1.693
    },
    {
      "name": "HIS",
      "amount": 0.879
    },
    {
      "name": "ILE",
      "amount": 1.466
    },
    {
      "name": "LEU",
      "amount": 2.268
    },
    {
      "name": "LYS",
      "amount": 2.66
    },
    {
      "name": "MET",
      "amount": 0.821
    },
    {
      "name": "PHE",
      "amount": 1.14
    },
    {
      "name": "PRO",
      "amount": 1.327
    },
    {
      "name": "SER",
      "amount": 1.284
    },
    {
      "name": "THR",
      "amount": 1.273
    },
    {
      "name": "TRP",
      "amount": 0.322
    },
    {
      "name": "TYR",
      "amount": 1.11
    },
    {
      "name": "VAL",
      "amount": 1.519
    }
  ],
  "foodSource": "usda",
  "foodType": "deprecated"
}