{
  "name": "Turkey, fryer-roasters, leg, meat and skin, cooked, roasted",
  "sourceUID": 5222,
  "legacyUID": 5222,
  "pCF": 4.0,
  "cCF": 4.0,
  "lCF": 9.0,
  "comments": [],
  "measures": [
    {
      "grams": 1.0,
      "amount": 1.0,
      "description": "g"
    },
    {
      "grams": 70.0,
      "amount": 1.0,
      "description": "unit (yield from 1 lb ready-to-cook turkey)"
    },
    {
      "grams": 245.0,
      "amount": 1.0,
      "description": "leg, bone removed"
    }
  ],
  "nutrients": [
    {
      "name": "Energy",
      "amount": 170.0
    },
    {
      "name": "Protein",
      "amount": 28.49
    },
    {
      "name": "Carbs",
      "amount": 0.0
    },
    {
      "name": "Fiber",
      "amount": 0.0
    },
    {
      "name": "Fat",
      "amount": 5.41
    },
    {
      "name": "Water",
      "amount": 65.62
    },
    {
      "name": "Ash",
      "amount": 0.99
    },
    {
      "name": "Calcium",
      "amount": 23.0
    },
    {
      "name": "Copper",
      "amount": 0.233
    },
    {
      "name": "Iron",
      "amount": 2.59
    },
    {
      "name": "Magnesium",
      "amount": 24.0
    },
    {
      "name": "Manganese",
      "amount": 0.025
    },
    {
      "name": "Phosphorus",
      "amount": 200.0
    },
    {
      "name": "Potassium",
      "amount": 252.0
    },
    {
      "name": "Selenium",
      "amount": 39.7
    },
    {
      "name": "Sodium",
      "amount": 80.0
    },
    {
      "name": "Zinc",
      "amount": 4.09
    },
    {
      "name": "Vitamin A",
      "amount": 0.0
    },
    {
      "name": "Retinol",
      "amount": 0.0
    },
    {
      "name": "Folate",
      "amount": 9.0
    },
    {
      "name": "B1 (Thiamine)",
      "amount": 0.052
    },
    {
      "name": "B2 (Riboflavin)",
      "amount": 0.257
    },
    {
      "name": "B3 (Niacin)",
      "amount": 3.262
    },
    {
      "name": "B5 (Pantothenic Acid)",
      "amount": 1.237
    },
    {
      "name": "B6 (Pyridoxine)",
      "amount": 0.34
    },
    {
      "name": "B12 (Cyanocobalamin)",
      "amount": 0.37
    },
    {
      "name": "Vitamin C",
      "amount": 0.0
    },
    {
      "name": "Saturated",
      "amount": 1.67
    },
    {
      "name": "Monounsaturated",
      "amount": 1.61
    },
    {
      "name": "Polyunsaturated",
      "amount": 1.48
    },
    {
      "name": "Omega-3",
      "amount": 0.11
    },
    {
      "name": "Omega-6",
      "amount": 1.24
    },
    {
      "name": "Cholesterol",
      "amount": 70.0
    },
    {
      "name": "ALA",
      "amount": 1.798
    },
    {
      "name": "ARG",
      "amount": 2.001
    },
    {
      "name": "ASP",
      "amount": 2.754
    },
    {
      "name": "CYS",
      "amount": 0.307
    },
    {
      "name": "GLU",
      "amount": 4.582
    },
    {
      "name": "GLY",
      "amount": 1.606
    },
    {
      "name": "HIS",
      "amount": 0.868
    },
    {
      "name": "ILE",
      "amount": 1.447
    },
    {
      "name": "LEU",
      "amount": 2.234
    },
    {
      "name": "LYS",
      "amount": 2.625
    },
    {
      "name": "MET",
      "amount": 0.809
    },
    {
      "name": "PHE",
      "amount": 1.12
    },
    {
      "name": "PRO",
      "amount": 1.276
    },
    {
      "name": "SER",
      "amount": 1.261
    },
    {
      "name": "THR",
      "amount": 1.252
    },
    {
      "name": "TRP",
      "amount": 0.318
    },
    {
      "name": "TYR",
      "amount": 1.097
    },
    {
      "name": "VAL",
      "amount": 1.494
    }
  ],
  "foodSource": "usda",
  "foodType": "deprecated"
}