{
  "name": "Turkey, fryer-roasters, leg, meat only, raw",
  "sourceUID": 5223,
  "legacyUID": 5223,
  "pCF": 4.0,
  "cCF": 4.0,
  "lCF": 9.0,
  "comments": [],
  "measures": [
    {
      "grams": 1.0,
      "amount": 1.0,
      "description": "g"
    },
    {
      "grams": 93.0,
      "amount": 1.0,
      "description": "unit (yield from 1 lb ready-to-cook turkey)"
    },
    {
      "grams": 329.0,
      "amount": 1.0,
      "description": "leg, bone and skin removed"
    }
  ],
  "nutrients": [
    {
      "name": "Energy",
      "amount": 108.0
    },
    {
      "name": "Protein",
      "amount": 20.35
    },
    {
      "name": "Carbs",
      "amount": 0.0
    },
    {
      "name": "Fiber",
      "amount": 0.0
    },
    {
      "name": "Fat",
      "amount": 2.37
    },
    {
      "name": "Water",
      "amount": 76.62
    },
    {
      "name": "Ash",
      "amount": 0.9
    },
    {
      "name": "Calcium",
      "amount": 10.0
    },
    {
      "name": "Copper",
      "amount": 0.143
    },
    {
      "name": "Iron",
      "amount": 1.77
    },
    {
      "name": "Magnesium",
      "amount": 22.0
    },
    {
      "name": "Manganese",
      "amount": 0.027
    },
    {
      "name": "Phosphorus",
      "amount": 172.0
    },
    {
      "name": "Potassium",
      "amount": 254.0
    },
    {
      "name": "Selenium",
      "amount": 28.6
    },
    {
      "name": "Sodium",
      "amount": 71.0
    },
    {
      "name": "Zinc",
      "amount": 2.98
    },
    {
      "name": "Vitamin A",
      "amount": 0.0
    },
    {
      "name": "Retinol",
      "amount": 0.0
    },
    {
      "name": "Folate",
      "amount": 11.0
    },
    {
      "name": "B1 (Thiamine)",
      "amount": 0.05
    },
    {
      "name": "B2 (Riboflavin)",
      "amount": 0.21
    },
    {
      "name": "B3 (Niacin)",
      "amount": 2.675
    },
    {
      "name": "B5 (Pantothenic Acid)",
      "amount": 1.169
    },
    {
      "name": "B6 (Pyridoxine)",
      "amount": 0.37
    },
    {
      "name": "B12 (Cyanocobalamin)",
      "amount": 0.41
    },
    {
      "name": "Vitamin C",
      "amount": 0.0
    },
    {
      "name": "Saturated",
      "amount": 0.8
    },
    {
      "name": "Monounsaturated",
      "amount": 0.54
    },
    {
      "name": "Polyunsaturated",
      "amount": 0.71
    },
    {
      "name": "Omega-3",
      "amount": 0.05
    },
    {
      "name": "Omega-6",
      "amount": 0.57
    },
    {
      "name": "Cholesterol",
      "amount": 84.0
    },
    {
      "name": "ALA",
      "amount": 1.26
    },
    {
      "name": "ARG",
      "amount": 1.42
    },
    {
      "name": "ASP",
      "amount": 1.976
    },
    {
      "name": "CYS",
      "amount": 0.212
    },
    {
      "name": "GLU",
      "amount": 3.321
    },
    {
      "name": "GLY",
      "amount": 1.009
    },
    {
      "name": "HIS",
      "amount": 0.635
    },
    {
      "name": "ILE",
      "amount": 1.058
    },
    {
      "name": "LEU",
      "amount": 1.621
    },
    {
      "name": "LYS",
      "amount": 1.918
    },
    {
      "name": "MET",
      "amount": 0.589
    },
    {
      "name": "PHE",
      "amount": 0.807
    },
    {
      "name": "PRO",
      "amount": 0.847
    },
    {
      "name": "SER",
      "amount": 0.905
    },
    {
      "name": "THR",
      "amount": 0.905
    },
    {
      "name": "TRP",
      "amount": 0.231
    },
    {
      "name": "TYR",
      "amount": 0.804
    },
    {
      "name": "VAL",
      "amount": 1.081
    }
  ],
  "foodSource": "usda",
  "foodType": "deprecated"
}