{
  "name": "Turkey, fryer-roasters, wing, meat and skin, cooked, roasted",
  "sourceUID": 5226,
  "legacyUID": 5226,
  "pCF": 4.0,
  "cCF": 4.0,
  "lCF": 9.0,
  "comments": [],
  "measures": [
    {
      "grams": 1.0,
      "amount": 1.0,
      "description": "g"
    },
    {
      "grams": 25.0,
      "amount": 1.0,
      "description": "unit (yield from 1 lb ready-to-cook turkey)"
    },
    {
      "grams": 90.0,
      "amount": 1.0,
      "description": "wing, bone removed"
    }
  ],
  "nutrients": [
    {
      "name": "Energy",
      "amount": 207.0
    },
    {
      "name": "Protein",
      "amount": 27.65
    },
    {
      "name": "Carbs",
      "amount": 0.0
    },
    {
      "name": "Fiber",
      "amount": 0.0
    },
    {
      "name": "Fat",
      "amount": 9.87
    },
    {
      "name": "Water",
      "amount": 62.3
    },
    {
      "name": "Ash",
      "amount": 0.81
    },
    {
      "name": "Calcium",
      "amount": 29.0
    },
    {
      "name": "Copper",
      "amount": 0.154
    },
    {
      "name": "Iron",
      "amount": 1.81
    },
    {
      "name": "Magnesium",
      "amount": 20.0
    },
    {
      "name": "Manganese",
      "amount": 0.024
    },
    {
      "name": "Phosphorus",
      "amount": 166.0
    },
    {
      "name": "Potassium",
      "amount": 196.0
    },
    {
      "name": "Selenium",
      "amount": 28.1
    },
    {
      "name": "Sodium",
      "amount": 73.0
    },
    {
      "name": "Zinc",
      "amount": 3.25
    },
    {
      "name": "Vitamin A",
      "amount": 0.0
    },
    {
      "name": "Retinol",
      "amount": 0.0
    },
    {
      "name": "Folate",
      "amount": 6.0
    },
    {
      "name": "B1 (Thiamine)",
      "amount": 0.028
    },
    {
      "name": "B2 (Riboflavin)",
      "amount": 0.159
    },
    {
      "name": "B3 (Niacin)",
      "amount": 3.64
    },
    {
      "name": "B5 (Pantothenic Acid)",
      "amount": 0.596
    },
    {
      "name": "B6 (Pyridoxine)",
      "amount": 0.42
    },
    {
      "name": "B12 (Cyanocobalamin)",
      "amount": 0.35
    },
    {
      "name": "Vitamin C",
      "amount": 0.0
    },
    {
      "name": "Saturated",
      "amount": 2.71
    },
    {
      "name": "Monounsaturated",
      "amount": 3.62
    },
    {
      "name": "Polyunsaturated",
      "amount": 2.35
    },
    {
      "name": "Omega-3",
      "amount": 0.17
    },
    {
      "name": "Omega-6",
      "amount": 1.97
    },
    {
      "name": "Cholesterol",
      "amount": 115.0
    },
    {
      "name": "ALA",
      "amount": 1.842
    },
    {
      "name": "ARG",
      "amount": 1.979
    },
    {
      "name": "ASP",
      "amount": 2.633
    },
    {
      "name": "CYS",
      "amount": 0.33
    },
    {
      "name": "GLU",
      "amount": 4.249
    },
    {
      "name": "GLY",
      "amount": 2.118
    },
    {
      "name": "HIS",
      "amount": 0.781
    },
    {
      "name": "ILE",
      "amount": 1.303
    },
    {
      "name": "LEU",
      "amount": 2.061
    },
    {
      "name": "LYS",
      "amount": 2.371
    },
    {
      "name": "MET",
      "amount": 0.74
    },
    {
      "name": "PHE",
      "amount": 1.057
    },
    {
      "name": "PRO",
      "amount": 1.501
    },
    {
      "name": "SER",
      "amount": 1.204
    },
    {
      "name": "THR",
      "amount": 1.17
    },
    {
      "name": "TRP",
      "amount": 0.291
    },
    {
      "name": "TYR",
      "amount": 0.979
    },
    {
      "name": "VAL",
      "amount": 1.394
    }
  ],
  "foodSource": "usda",
  "foodType": "deprecated"
}