{
  "name": "Turkey, young hen, meat and skin and giblets and neck, raw",
  "sourceUID": 5229,
  "legacyUID": 5229,
  "pCF": 4.0,
  "cCF": 4.0,
  "lCF": 9.0,
  "comments": [],
  "measures": [
    {
      "grams": 1.0,
      "amount": 1.0,
      "description": "g"
    },
    {
      "grams": 4457.0,
      "amount": 1.0,
      "description": "turkey"
    }
  ],
  "nutrients": [
    {
      "name": "Energy",
      "amount": 166.0
    },
    {
      "name": "Protein",
      "amount": 20.15
    },
    {
      "name": "Carbs",
      "amount": 0.11
    },
    {
      "name": "Fiber",
      "amount": 0.0
    },
    {
      "name": "Fat",
      "amount": 8.78
    },
    {
      "name": "Water",
      "amount": 69.74
    },
    {
      "name": "Ash",
      "amount": 0.9
    },
    {
      "name": "Calcium",
      "amount": 16.0
    },
    {
      "name": "Copper",
      "amount": 0.119
    },
    {
      "name": "Iron",
      "amount": 1.89
    },
    {
      "name": "Magnesium",
      "amount": 22.0
    },
    {
      "name": "Manganese",
      "amount": 0.029
    },
    {
      "name": "Phosphorus",
      "amount": 178.0
    },
    {
      "name": "Potassium",
      "amount": 267.0
    },
    {
      "name": "Selenium",
      "amount": 23.2
    },
    {
      "name": "Sodium",
      "amount": 63.0
    },
    {
      "name": "Zinc",
      "amount": 2.23
    },
    {
      "name": "Vitamin A",
      "amount": 400.0
    },
    {
      "name": "Retinol",
      "amount": 120.0
    },
    {
      "name": "Folate",
      "amount": 24.0
    },
    {
      "name": "B1 (Thiamine)",
      "amount": 0.061
    },
    {
      "name": "B2 (Riboflavin)",
      "amount": 0.208
    },
    {
      "name": "B3 (Niacin)",
      "amount": 3.956
    },
    {
      "name": "B5 (Pantothenic Acid)",
      "amount": 0.958
    },
    {
      "name": "B6 (Pyridoxine)",
      "amount": 0.4
    },
    {
      "name": "B12 (Cyanocobalamin)",
      "amount": 1.7
    },
    {
      "name": "Vitamin C",
      "amount": 0.2
    },
    {
      "name": "Saturated",
      "amount": 2.49
    },
    {
      "name": "Monounsaturated",
      "amount": 3.13
    },
    {
      "name": "Polyunsaturated",
      "amount": 2.18
    },
    {
      "name": "Omega-3",
      "amount": 0.15
    },
    {
      "name": "Omega-6",
      "amount": 1.86
    },
    {
      "name": "Cholesterol",
      "amount": 73.0
    },
    {
      "name": "ALA",
      "amount": 1.268
    },
    {
      "name": "ARG",
      "amount": 1.415
    },
    {
      "name": "ASP",
      "amount": 1.941
    },
    {
      "name": "CYS",
      "amount": 0.223
    },
    {
      "name": "GLU",
      "amount": 3.212
    },
    {
      "name": "GLY",
      "amount": 1.192
    },
    {
      "name": "HIS",
      "amount": 0.601
    },
    {
      "name": "ILE",
      "amount": 1.013
    },
    {
      "name": "LEU",
      "amount": 1.57
    },
    {
      "name": "LYS",
      "amount": 1.82
    },
    {
      "name": "MET",
      "amount": 0.565
    },
    {
      "name": "PHE",
      "amount": 0.795
    },
    {
      "name": "PRO",
      "amount": 0.935
    },
    {
      "name": "SER",
      "amount": 0.889
    },
    {
      "name": "THR",
      "amount": 0.882
    },
    {
      "name": "TRP",
      "amount": 0.223
    },
    {
      "name": "TYR",
      "amount": 0.762
    },
    {
      "name": "VAL",
      "amount": 1.052
    }
  ],
  "foodSource": "usda",
  "foodType": "deprecated"
}