{
  "name": "Turkey, fryer-roasters, leg, meat only, cooked, roasted",
  "sourceUID": 5224,
  "legacyUID": 5224,
  "pCF": 4.0,
  "cCF": 4.0,
  "lCF": 9.0,
  "comments": [],
  "measures": [
    {
      "grams": 1.0,
      "amount": 1.0,
      "description": "g"
    },
    {
      "grams": 64.0,
      "amount": 1.0,
      "description": "unit (yield from 1 lb ready-to-cook turkey)"
    },
    {
      "grams": 224.0,
      "amount": 1.0,
      "description": "leg, bone and skin removed"
    }
  ],
  "nutrients": [
    {
      "name": "Energy",
      "amount": 159.0
    },
    {
      "name": "Protein",
      "amount": 29.19
    },
    {
      "name": "Carbs",
      "amount": 0.0
    },
    {
      "name": "Fiber",
      "amount": 0.0
    },
    {
      "name": "Fat",
      "amount": 3.77
    },
    {
      "name": "Water",
      "amount": 66.54
    },
    {
      "name": "Ash",
      "amount": 1.02
    },
    {
      "name": "Calcium",
      "amount": 22.0
    },
    {
      "name": "Copper",
      "amount": 0.242
    },
    {
      "name": "Iron",
      "amount": 2.66
    },
    {
      "name": "Magnesium",
      "amount": 25.0
    },
    {
      "name": "Manganese",
      "amount": 0.026
    },
    {
      "name": "Phosphorus",
      "amount": 204.0
    },
    {
      "name": "Potassium",
      "amount": 258.0
    },
    {
      "name": "Selenium",
      "amount": 40.9
    },
    {
      "name": "Sodium",
      "amount": 81.0
    },
    {
      "name": "Zinc",
      "amount": 4.28
    },
    {
      "name": "Vitamin A",
      "amount": 0.0
    },
    {
      "name": "Retinol",
      "amount": 0.0
    },
    {
      "name": "Folate",
      "amount": 10.0
    },
    {
      "name": "B1 (Thiamine)",
      "amount": 0.054
    },
    {
      "name": "B2 (Riboflavin)",
      "amount": 0.266
    },
    {
      "name": "B3 (Niacin)",
      "amount": 3.319
    },
    {
      "name": "B5 (Pantothenic Acid)",
      "amount": 1.324
    },
    {
      "name": "B6 (Pyridoxine)",
      "amount": 0.37
    },
    {
      "name": "B12 (Cyanocobalamin)",
      "amount": 0.38
    },
    {
      "name": "Vitamin C",
      "amount": 0.0
    },
    {
      "name": "Saturated",
      "amount": 1.27
    },
    {
      "name": "Monounsaturated",
      "amount": 0.86
    },
    {
      "name": "Polyunsaturated",
      "amount": 1.13
    },
    {
      "name": "Omega-3",
      "amount": 0.08
    },
    {
      "name": "Omega-6",
      "amount": 0.92
    },
    {
      "name": "Cholesterol",
      "amount": 119.0
    },
    {
      "name": "ALA",
      "amount": 1.807
    },
    {
      "name": "ARG",
      "amount": 2.036
    },
    {
      "name": "ASP",
      "amount": 2.835
    },
    {
      "name": "CYS",
      "amount": 0.304
    },
    {
      "name": "GLU",
      "amount": 4.763
    },
    {
      "name": "GLY",
      "amount": 1.448
    },
    {
      "name": "HIS",
      "amount": 0.911
    },
    {
      "name": "ILE",
      "amount": 1.518
    },
    {
      "name": "LEU",
      "amount": 2.326
    },
    {
      "name": "LYS",
      "amount": 2.751
    },
    {
      "name": "MET",
      "amount": 0.845
    },
    {
      "name": "PHE",
      "amount": 1.158
    },
    {
      "name": "PRO",
      "amount": 1.214
    },
    {
      "name": "SER",
      "amount": 1.298
    },
    {
      "name": "THR",
      "amount": 1.298
    },
    {
      "name": "TRP",
      "amount": 0.332
    },
    {
      "name": "TYR",
      "amount": 1.153
    },
    {
      "name": "VAL",
      "amount": 1.55
    }
  ],
  "foodSource": "usda",
  "foodType": "deprecated"
}