{
  "name": "Turkey, fryer-roasters, leg, meat and skin, raw",
  "sourceUID": 5221,
  "legacyUID": 5221,
  "pCF": 4.0,
  "cCF": 4.0,
  "lCF": 9.0,
  "comments": [],
  "measures": [
    {
      "grams": 1.0,
      "amount": 1.0,
      "description": "g"
    },
    {
      "grams": 99.0,
      "amount": 1.0,
      "description": "unit (yield from 1 lb ready-to-cook turkey)"
    },
    {
      "grams": 349.0,
      "amount": 1.0,
      "description": "leg, bone removed"
    }
  ],
  "nutrients": [
    {
      "name": "Energy",
      "amount": 118.0
    },
    {
      "name": "Protein",
      "amount": 20.13
    },
    {
      "name": "Carbs",
      "amount": 0.0
    },
    {
      "name": "Fiber",
      "amount": 0.0
    },
    {
      "name": "Fat",
      "amount": 3.57
    },
    {
      "name": "Water",
      "amount": 75.61
    },
    {
      "name": "Ash",
      "amount": 0.88
    },
    {
      "name": "Calcium",
      "amount": 11.0
    },
    {
      "name": "Copper",
      "amount": 0.167
    },
    {
      "name": "Iron",
      "amount": 1.74
    },
    {
      "name": "Magnesium",
      "amount": 21.0
    },
    {
      "name": "Manganese",
      "amount": 0.026
    },
    {
      "name": "Phosphorus",
      "amount": 168.0
    },
    {
      "name": "Potassium",
      "amount": 246.0
    },
    {
      "name": "Selenium",
      "amount": 27.8
    },
    {
      "name": "Sodium",
      "amount": 69.0
    },
    {
      "name": "Zinc",
      "amount": 2.9
    },
    {
      "name": "Vitamin A",
      "amount": 2.0
    },
    {
      "name": "Retinol",
      "amount": 1.0
    },
    {
      "name": "Folate",
      "amount": 10.0
    },
    {
      "name": "B1 (Thiamine)",
      "amount": 0.048
    },
    {
      "name": "B2 (Riboflavin)",
      "amount": 0.203
    },
    {
      "name": "B3 (Niacin)",
      "amount": 2.621
    },
    {
      "name": "B5 (Pantothenic Acid)",
      "amount": 1.12
    },
    {
      "name": "B6 (Pyridoxine)",
      "amount": 0.35
    },
    {
      "name": "B12 (Cyanocobalamin)",
      "amount": 0.4
    },
    {
      "name": "Vitamin C",
      "amount": 0.0
    },
    {
      "name": "Saturated",
      "amount": 1.1
    },
    {
      "name": "Monounsaturated",
      "amount": 1.08
    },
    {
      "name": "Polyunsaturated",
      "amount": 0.97
    },
    {
      "name": "Omega-3",
      "amount": 0.07
    },
    {
      "name": "Omega-6",
      "amount": 0.82
    },
    {
      "name": "Cholesterol",
      "amount": 87.0
    },
    {
      "name": "ALA",
      "amount": 1.265
    },
    {
      "name": "ARG",
      "amount": 1.412
    },
    {
      "name": "ASP",
      "amount": 1.948
    },
    {
      "name": "CYS",
      "amount": 0.215
    },
    {
      "name": "GLU",
      "amount": 3.248
    },
    {
      "name": "GLY",
      "amount": 1.106
    },
    {
      "name": "HIS",
      "amount": 0.616
    },
    {
      "name": "ILE",
      "amount": 1.027
    },
    {
      "name": "LEU",
      "amount": 1.584
    },
    {
      "name": "LYS",
      "amount": 1.864
    },
    {
      "name": "MET",
      "amount": 0.574
    },
    {
      "name": "PHE",
      "amount": 0.793
    },
    {
      "name": "PRO",
      "amount": 0.888
    },
    {
      "name": "SER",
      "amount": 0.892
    },
    {
      "name": "THR",
      "amount": 0.887
    },
    {
      "name": "TRP",
      "amount": 0.225
    },
    {
      "name": "TYR",
      "amount": 0.779
    },
    {
      "name": "VAL",
      "amount": 1.059
    }
  ],
  "foodSource": "usda",
  "foodType": "deprecated"
}