{
  "name": "Turkey, fryer-roasters, wing, meat and skin, raw",
  "sourceUID": 5225,
  "legacyUID": 5225,
  "pCF": 4.0,
  "cCF": 4.0,
  "lCF": 9.0,
  "comments": [],
  "measures": [
    {
      "grams": 1.0,
      "amount": 1.0,
      "description": "g"
    },
    {
      "grams": 36.0,
      "amount": 1.0,
      "description": "unit (yield from 1 lb ready-to-cook turkey)"
    },
    {
      "grams": 128.0,
      "amount": 1.0,
      "description": "wing, bone removed"
    }
  ],
  "nutrients": [
    {
      "name": "Energy",
      "amount": 159.0
    },
    {
      "name": "Protein",
      "amount": 20.85
    },
    {
      "name": "Carbs",
      "amount": 0.0
    },
    {
      "name": "Fiber",
      "amount": 0.0
    },
    {
      "name": "Fat",
      "amount": 7.72
    },
    {
      "name": "Water",
      "amount": 71.19
    },
    {
      "name": "Ash",
      "amount": 0.68
    },
    {
      "name": "Calcium",
      "amount": 14.0
    },
    {
      "name": "Copper",
      "amount": 0.129
    },
    {
      "name": "Iron",
      "amount": 1.39
    },
    {
      "name": "Magnesium",
      "amount": 17.0
    },
    {
      "name": "Manganese",
      "amount": 0.016
    },
    {
      "name": "Phosphorus",
      "amount": 138.0
    },
    {
      "name": "Potassium",
      "amount": 178.0
    },
    {
      "name": "Selenium",
      "amount": 21.6
    },
    {
      "name": "Sodium",
      "amount": 56.0
    },
    {
      "name": "Zinc",
      "amount": 1.91
    },
    {
      "name": "Vitamin A",
      "amount": 10.0
    },
    {
      "name": "Retinol",
      "amount": 3.0
    },
    {
      "name": "Folate",
      "amount": 7.0
    },
    {
      "name": "B1 (Thiamine)",
      "amount": 0.025
    },
    {
      "name": "B2 (Riboflavin)",
      "amount": 0.112
    },
    {
      "name": "B3 (Niacin)",
      "amount": 3.044
    },
    {
      "name": "B5 (Pantothenic Acid)",
      "amount": 0.557
    },
    {
      "name": "B6 (Pyridoxine)",
      "amount": 0.4
    },
    {
      "name": "B12 (Cyanocobalamin)",
      "amount": 0.4
    },
    {
      "name": "Vitamin C",
      "amount": 0.0
    },
    {
      "name": "Saturated",
      "amount": 2.06
    },
    {
      "name": "Monounsaturated",
      "amount": 3.09
    },
    {
      "name": "Polyunsaturated",
      "amount": 1.8
    },
    {
      "name": "Omega-3",
      "amount": 0.13
    },
    {
      "name": "Omega-6",
      "amount": 1.57
    },
    {
      "name": "Cholesterol",
      "amount": 98.0
    },
    {
      "name": "ALA",
      "amount": 1.384
    },
    {
      "name": "ARG",
      "amount": 1.49
    },
    {
      "name": "ASP",
      "amount": 1.987
    },
    {
      "name": "CYS",
      "amount": 0.247
    },
    {
      "name": "GLU",
      "amount": 3.212
    },
    {
      "name": "GLY",
      "amount": 1.57
    },
    {
      "name": "HIS",
      "amount": 0.592
    },
    {
      "name": "ILE",
      "amount": 0.987
    },
    {
      "name": "LEU",
      "amount": 1.559
    },
    {
      "name": "LYS",
      "amount": 1.796
    },
    {
      "name": "MET",
      "amount": 0.56
    },
    {
      "name": "PHE",
      "amount": 0.798
    },
    {
      "name": "PRO",
      "amount": 1.119
    },
    {
      "name": "SER",
      "amount": 0.908
    },
    {
      "name": "THR",
      "amount": 0.884
    },
    {
      "name": "TRP",
      "amount": 0.22
    },
    {
      "name": "TYR",
      "amount": 0.742
    },
    {
      "name": "VAL",
      "amount": 1.053
    }
  ],
  "foodSource": "usda",
  "foodType": "deprecated"
}