{
  "name": "Turkey, young hen, meat only, cooked, roasted",
  "sourceUID": 5234,
  "legacyUID": 5234,
  "pCF": 4.0,
  "cCF": 4.0,
  "lCF": 9.0,
  "comments": [],
  "measures": [
    {
      "grams": 1.0,
      "amount": 1.0,
      "description": "g"
    },
    {
      "grams": 140.0,
      "amount": 1.0,
      "description": "cup, chopped or diced"
    },
    {
      "grams": 212.0,
      "amount": 1.0,
      "description": "unit (yield from 1 lb ready-to-cook turkey)"
    }
  ],
  "nutrients": [
    {
      "name": "Energy",
      "amount": 175.0
    },
    {
      "name": "Protein",
      "amount": 29.25
    },
    {
      "name": "Carbs",
      "amount": 0.0
    },
    {
      "name": "Fiber",
      "amount": 0.0
    },
    {
      "name": "Fat",
      "amount": 5.51
    },
    {
      "name": "Water",
      "amount": 64.43
    },
    {
      "name": "Ash",
      "amount": 1.07
    },
    {
      "name": "Calcium",
      "amount": 25.0
    },
    {
      "name": "Copper",
      "amount": 0.087
    },
    {
      "name": "Iron",
      "amount": 1.76
    },
    {
      "name": "Magnesium",
      "amount": 26.0
    },
    {
      "name": "Manganese",
      "amount": 0.022
    },
    {
      "name": "Phosphorus",
      "amount": 212.0
    },
    {
      "name": "Potassium",
      "amount": 299.0
    },
    {
      "name": "Selenium",
      "amount": 34.4
    },
    {
      "name": "Sodium",
      "amount": 67.0
    },
    {
      "name": "Zinc",
      "amount": 3.03
    },
    {
      "name": "Vitamin A",
      "amount": 0.0
    },
    {
      "name": "Retinol",
      "amount": 0.0
    },
    {
      "name": "Folate",
      "amount": 7.0
    },
    {
      "name": "B1 (Thiamine)",
      "amount": 0.058
    },
    {
      "name": "B2 (Riboflavin)",
      "amount": 0.175
    },
    {
      "name": "B3 (Niacin)",
      "amount": 5.647
    },
    {
      "name": "B5 (Pantothenic Acid)",
      "amount": 0.909
    },
    {
      "name": "B6 (Pyridoxine)",
      "amount": 0.44
    },
    {
      "name": "B12 (Cyanocobalamin)",
      "amount": 0.36
    },
    {
      "name": "Vitamin C",
      "amount": 0.0
    },
    {
      "name": "Saturated",
      "amount": 1.82
    },
    {
      "name": "Monounsaturated",
      "amount": 1.14
    },
    {
      "name": "Polyunsaturated",
      "amount": 1.58
    },
    {
      "name": "Omega-3",
      "amount": 0.13
    },
    {
      "name": "Omega-6",
      "amount": 1.2
    },
    {
      "name": "Cholesterol",
      "amount": 73.0
    },
    {
      "name": "ALA",
      "amount": 1.811
    },
    {
      "name": "ARG",
      "amount": 2.04
    },
    {
      "name": "ASP",
      "amount": 2.841
    },
    {
      "name": "CYS",
      "amount": 0.304
    },
    {
      "name": "GLU",
      "amount": 4.774
    },
    {
      "name": "GLY",
      "amount": 1.451
    },
    {
      "name": "HIS",
      "amount": 0.913
    },
    {
      "name": "ILE",
      "amount": 1.521
    },
    {
      "name": "LEU",
      "amount": 2.331
    },
    {
      "name": "LYS",
      "amount": 2.757
    },
    {
      "name": "MET",
      "amount": 0.847
    },
    {
      "name": "PHE",
      "amount": 1.161
    },
    {
      "name": "PRO",
      "amount": 1.217
    },
    {
      "name": "SER",
      "amount": 1.301
    },
    {
      "name": "THR",
      "amount": 1.301
    },
    {
      "name": "TRP",
      "amount": 0.332
    },
    {
      "name": "TYR",
      "amount": 1.156
    },
    {
      "name": "VAL",
      "amount": 1.554
    }
  ],
  "foodSource": "usda",
  "foodType": "deprecated"
}