{
  "name": "Turkey, young hen, dark meat, meat and skin, raw",
  "sourceUID": 5239,
  "legacyUID": 5239,
  "pCF": 4.0,
  "cCF": 4.0,
  "lCF": 9.0,
  "comments": [],
  "measures": [
    {
      "grams": 1.0,
      "amount": 1.0,
      "description": "g"
    },
    {
      "grams": 152.0,
      "amount": 1.0,
      "description": "unit (yield from 1 lb ready-to-cook turkey)"
    },
    {
      "grams": 953.0,
      "amount": 0.5,
      "description": "turkey, bone and skin removed"
    }
  ],
  "nutrients": [
    {
      "name": "Energy",
      "amount": 172.0
    },
    {
      "name": "Protein",
      "amount": 18.65
    },
    {
      "name": "Carbs",
      "amount": 0.0
    },
    {
      "name": "Fiber",
      "amount": 0.0
    },
    {
      "name": "Fat",
      "amount": 10.25
    },
    {
      "name": "Water",
      "amount": 69.92
    },
    {
      "name": "Ash",
      "amount": 0.87
    },
    {
      "name": "Calcium",
      "amount": 18.0
    },
    {
      "name": "Copper",
      "amount": 0.141
    },
    {
      "name": "Iron",
      "amount": 1.83
    },
    {
      "name": "Magnesium",
      "amount": 20.0
    },
    {
      "name": "Manganese",
      "amount": 0.023
    },
    {
      "name": "Phosphorus",
      "amount": 170.0
    },
    {
      "name": "Potassium",
      "amount": 259.0
    },
    {
      "name": "Selenium",
      "amount": 26.1
    },
    {
      "name": "Sodium",
      "amount": 67.0
    },
    {
      "name": "Zinc",
      "amount": 2.83
    },
    {
      "name": "Vitamin A",
      "amount": 4.0
    },
    {
      "name": "Retinol",
      "amount": 1.0
    },
    {
      "name": "Folate",
      "amount": 10.0
    },
    {
      "name": "B1 (Thiamine)",
      "amount": 0.068
    },
    {
      "name": "B2 (Riboflavin)",
      "amount": 0.199
    },
    {
      "name": "B3 (Niacin)",
      "amount": 2.599
    },
    {
      "name": "B5 (Pantothenic Acid)",
      "amount": 1.02
    },
    {
      "name": "B6 (Pyridoxine)",
      "amount": 0.32
    },
    {
      "name": "B12 (Cyanocobalamin)",
      "amount": 0.38
    },
    {
      "name": "Vitamin C",
      "amount": 0.0
    },
    {
      "name": "Saturated",
      "amount": 2.99
    },
    {
      "name": "Monounsaturated",
      "amount": 3.53
    },
    {
      "name": "Polyunsaturated",
      "amount": 2.64
    },
    {
      "name": "Omega-3",
      "amount": 0.18
    },
    {
      "name": "Omega-6",
      "amount": 2.27
    },
    {
      "name": "Cholesterol",
      "amount": 65.0
    },
    {
      "name": "ALA",
      "amount": 1.188
    },
    {
      "name": "ARG",
      "amount": 1.314
    },
    {
      "name": "ASP",
      "amount": 1.798
    },
    {
      "name": "CYS",
      "amount": 0.205
    },
    {
      "name": "GLU",
      "amount": 2.976
    },
    {
      "name": "GLY",
      "amount": 1.115
    },
    {
      "name": "HIS",
      "amount": 0.561
    },
    {
      "name": "ILE",
      "amount": 0.936
    },
    {
      "name": "LEU",
      "amount": 1.45
    },
    {
      "name": "LYS",
      "amount": 1.698
    },
    {
      "name": "MET",
      "amount": 0.525
    },
    {
      "name": "PHE",
      "amount": 0.73
    },
    {
      "name": "PRO",
      "amount": 0.865
    },
    {
      "name": "SER",
      "amount": 0.823
    },
    {
      "name": "THR",
      "amount": 0.814
    },
    {
      "name": "TRP",
      "amount": 0.206
    },
    {
      "name": "TYR",
      "amount": 0.708
    },
    {
      "name": "VAL",
      "amount": 0.972
    }
  ],
  "foodSource": "usda",
  "foodType": "deprecated"
}