{
  "name": "Turkey, young hen, meat and skin and giblets and neck, cooked, roasted",
  "sourceUID": 5230,
  "legacyUID": 5230,
  "pCF": 4.0,
  "cCF": 4.0,
  "lCF": 9.0,
  "comments": [],
  "measures": [
    {
      "grams": 1.0,
      "amount": 1.0,
      "description": "g"
    },
    {
      "grams": 263.0,
      "amount": 1.0,
      "description": "unit (yield from 1 lb ready-to-cook turkey)"
    },
    {
      "grams": 3300.0,
      "amount": 1.0,
      "description": "turkey"
    }
  ],
  "nutrients": [
    {
      "name": "Energy",
      "amount": 215.0
    },
    {
      "name": "Protein",
      "amount": 28.0
    },
    {
      "name": "Carbs",
      "amount": 0.07
    },
    {
      "name": "Fiber",
      "amount": 0.0
    },
    {
      "name": "Fat",
      "amount": 10.55
    },
    {
      "name": "Water",
      "amount": 61.34
    },
    {
      "name": "Ash",
      "amount": 0.99
    },
    {
      "name": "Calcium",
      "amount": 26.0
    },
    {
      "name": "Copper",
      "amount": 0.101
    },
    {
      "name": "Iron",
      "amount": 1.97
    },
    {
      "name": "Magnesium",
      "amount": 24.0
    },
    {
      "name": "Manganese",
      "amount": 0.028
    },
    {
      "name": "Phosphorus",
      "amount": 199.0
    },
    {
      "name": "Potassium",
      "amount": 272.0
    },
    {
      "name": "Selenium",
      "amount": 29.0
    },
    {
      "name": "Sodium",
      "amount": 63.0
    },
    {
      "name": "Zinc",
      "amount": 3.05
    },
    {
      "name": "Vitamin A",
      "amount": 185.0
    },
    {
      "name": "Retinol",
      "amount": 56.0
    },
    {
      "name": "Folate",
      "amount": 20.0
    },
    {
      "name": "B1 (Thiamine)",
      "amount": 0.052
    },
    {
      "name": "B2 (Riboflavin)",
      "amount": 0.197
    },
    {
      "name": "B3 (Niacin)",
      "amount": 5.147
    },
    {
      "name": "B5 (Pantothenic Acid)",
      "amount": 0.931
    },
    {
      "name": "B6 (Pyridoxine)",
      "amount": 0.39
    },
    {
      "name": "B12 (Cyanocobalamin)",
      "amount": 1.28
    },
    {
      "name": "Vitamin C",
      "amount": 0.1
    },
    {
      "name": "Saturated",
      "amount": 3.1
    },
    {
      "name": "Monounsaturated",
      "amount": 3.39
    },
    {
      "name": "Polyunsaturated",
      "amount": 2.7
    },
    {
      "name": "Omega-3",
      "amount": 0.19
    },
    {
      "name": "Omega-6",
      "amount": 2.23
    },
    {
      "name": "Cholesterol",
      "amount": 94.0
    },
    {
      "name": "ALA",
      "amount": 1.763
    },
    {
      "name": "ARG",
      "amount": 1.966
    },
    {
      "name": "ASP",
      "amount": 2.698
    },
    {
      "name": "CYS",
      "amount": 0.308
    },
    {
      "name": "GLU",
      "amount": 4.469
    },
    {
      "name": "GLY",
      "amount": 1.643
    },
    {
      "name": "HIS",
      "amount": 0.838
    },
    {
      "name": "ILE",
      "amount": 1.409
    },
    {
      "name": "LEU",
      "amount": 2.184
    },
    {
      "name": "LYS",
      "amount": 2.537
    },
    {
      "name": "MET",
      "amount": 0.786
    },
    {
      "name": "PHE",
      "amount": 1.104
    },
    {
      "name": "PRO",
      "amount": 1.292
    },
    {
      "name": "SER",
      "amount": 1.236
    },
    {
      "name": "THR",
      "amount": 1.227
    },
    {
      "name": "TRP",
      "amount": 0.311
    },
    {
      "name": "TYR",
      "amount": 1.061
    },
    {
      "name": "VAL",
      "amount": 1.463
    }
  ],
  "foodSource": "usda",
  "foodType": "deprecated"
}