{
  "name": "Turkey, young hen, skin only, raw",
  "sourceUID": 5235,
  "legacyUID": 5235,
  "pCF": 4.0,
  "cCF": 4.0,
  "lCF": 9.0,
  "comments": [],
  "measures": [
    {
      "grams": 1.0,
      "amount": 1.0,
      "description": "g"
    },
    {
      "grams": 51.0,
      "amount": 1.0,
      "description": "unit (yield from 1 lb ready-to-cook turkey)"
    },
    {
      "grams": 321.0,
      "amount": 0.5,
      "description": "turkey, skin only"
    }
  ],
  "nutrients": [
    {
      "name": "Energy",
      "amount": 417.0
    },
    {
      "name": "Protein",
      "amount": 11.79
    },
    {
      "name": "Carbs",
      "amount": 0.0
    },
    {
      "name": "Fiber",
      "amount": 0.0
    },
    {
      "name": "Fat",
      "amount": 40.62
    },
    {
      "name": "Water",
      "amount": 46.8
    },
    {
      "name": "Ash",
      "amount": 0.4
    },
    {
      "name": "Calcium",
      "amount": 19.0
    },
    {
      "name": "Copper",
      "amount": 0.08
    },
    {
      "name": "Iron",
      "amount": 1.52
    },
    {
      "name": "Magnesium",
      "amount": 8.0
    },
    {
      "name": "Manganese",
      "amount": 0.015
    },
    {
      "name": "Phosphorus",
      "amount": 81.0
    },
    {
      "name": "Potassium",
      "amount": 107.0
    },
    {
      "name": "Selenium",
      "amount": 11.6
    },
    {
      "name": "Sodium",
      "amount": 32.0
    },
    {
      "name": "Zinc",
      "amount": 1.26
    },
    {
      "name": "Vitamin A",
      "amount": 27.0
    },
    {
      "name": "Retinol",
      "amount": 8.0
    },
    {
      "name": "Folate",
      "amount": 4.0
    },
    {
      "name": "B1 (Thiamine)",
      "amount": 0.019
    },
    {
      "name": "B2 (Riboflavin)",
      "amount": 0.083
    },
    {
      "name": "B3 (Niacin)",
      "amount": 1.368
    },
    {
      "name": "B5 (Pantothenic Acid)",
      "amount": 0.235
    },
    {
      "name": "B6 (Pyridoxine)",
      "amount": 0.06
    },
    {
      "name": "B12 (Cyanocobalamin)",
      "amount": 0.22
    },
    {
      "name": "Vitamin C",
      "amount": 0.0
    },
    {
      "name": "Saturated",
      "amount": 10.6
    },
    {
      "name": "Monounsaturated",
      "amount": 17.31
    },
    {
      "name": "Polyunsaturated",
      "amount": 9.3
    },
    {
      "name": "Omega-3",
      "amount": 0.62
    },
    {
      "name": "Omega-6",
      "amount": 8.41
    },
    {
      "name": "Cholesterol",
      "amount": 81.0
    },
    {
      "name": "ALA",
      "amount": 0.957
    },
    {
      "name": "ARG",
      "amount": 0.91
    },
    {
      "name": "ASP",
      "amount": 1.055
    },
    {
      "name": "CYS",
      "amount": 0.196
    },
    {
      "name": "GLU",
      "amount": 1.466
    },
    {
      "name": "GLY",
      "amount": 1.881
    },
    {
      "name": "HIS",
      "amount": 0.226
    },
    {
      "name": "ILE",
      "amount": 0.379
    },
    {
      "name": "LEU",
      "amount": 0.693
    },
    {
      "name": "LYS",
      "amount": 0.704
    },
    {
      "name": "MET",
      "amount": 0.236
    },
    {
      "name": "PHE",
      "amount": 0.398
    },
    {
      "name": "PRO",
      "amount": 1.1
    },
    {
      "name": "SER",
      "amount": 0.479
    },
    {
      "name": "THR",
      "amount": 0.421
    },
    {
      "name": "TRP",
      "amount": 0.094
    },
    {
      "name": "TYR",
      "amount": 0.268
    },
    {
      "name": "VAL",
      "amount": 0.496
    }
  ],
  "foodSource": "usda",
  "foodType": "deprecated"
}