{
  "name": "Turkey, young hen, light meat, meat and skin, raw",
  "sourceUID": 5237,
  "legacyUID": 5237,
  "pCF": 4.0,
  "cCF": 4.0,
  "lCF": 9.0,
  "comments": [],
  "measures": [
    {
      "grams": 1.0,
      "amount": 1.0,
      "description": "g"
    },
    {
      "grams": 175.0,
      "amount": 1.0,
      "description": "unit (yield from 1 lb ready-to-cook turkey)"
    },
    {
      "grams": 1099.0,
      "amount": 0.5,
      "description": "turkey, bone removed"
    }
  ],
  "nutrients": [
    {
      "name": "Energy",
      "amount": 165.0
    },
    {
      "name": "Protein",
      "amount": 21.51
    },
    {
      "name": "Carbs",
      "amount": 0.0
    },
    {
      "name": "Fiber",
      "amount": 0.0
    },
    {
      "name": "Fat",
      "amount": 8.1
    },
    {
      "name": "Water",
      "amount": 69.13
    },
    {
      "name": "Ash",
      "amount": 0.9
    },
    {
      "name": "Calcium",
      "amount": 13.0
    },
    {
      "name": "Copper",
      "amount": 0.081
    },
    {
      "name": "Iron",
      "amount": 1.41
    },
    {
      "name": "Magnesium",
      "amount": 24.0
    },
    {
      "name": "Manganese",
      "amount": 0.021
    },
    {
      "name": "Phosphorus",
      "amount": 180.0
    },
    {
      "name": "Potassium",
      "amount": 267.0
    },
    {
      "name": "Selenium",
      "amount": 22.3
    },
    {
      "name": "Sodium",
      "amount": 55.0
    },
    {
      "name": "Zinc",
      "amount": 1.54
    },
    {
      "name": "Vitamin A",
      "amount": 5.0
    },
    {
      "name": "Retinol",
      "amount": 2.0
    },
    {
      "name": "Folate",
      "amount": 7.0
    },
    {
      "name": "B1 (Thiamine)",
      "amount": 0.053
    },
    {
      "name": "B2 (Riboflavin)",
      "amount": 0.123
    },
    {
      "name": "B3 (Niacin)",
      "amount": 4.938
    },
    {
      "name": "B5 (Pantothenic Acid)",
      "amount": 0.616
    },
    {
      "name": "B6 (Pyridoxine)",
      "amount": 0.48
    },
    {
      "name": "B12 (Cyanocobalamin)",
      "amount": 0.42
    },
    {
      "name": "Vitamin C",
      "amount": 0.0
    },
    {
      "name": "Saturated",
      "amount": 2.19
    },
    {
      "name": "Monounsaturated",
      "amount": 3.1
    },
    {
      "name": "Polyunsaturated",
      "amount": 1.91
    },
    {
      "name": "Omega-3",
      "amount": 0.14
    },
    {
      "name": "Omega-6",
      "amount": 1.63
    },
    {
      "name": "Cholesterol",
      "amount": 62.0
    },
    {
      "name": "ALA",
      "amount": 1.368
    },
    {
      "name": "ARG",
      "amount": 1.514
    },
    {
      "name": "ASP",
      "amount": 2.074
    },
    {
      "name": "CYS",
      "amount": 0.236
    },
    {
      "name": "GLU",
      "amount": 3.435
    },
    {
      "name": "GLY",
      "amount": 1.277
    },
    {
      "name": "HIS",
      "amount": 0.648
    },
    {
      "name": "ILE",
      "amount": 1.08
    },
    {
      "name": "LEU",
      "amount": 1.674
    },
    {
      "name": "LYS",
      "amount": 1.961
    },
    {
      "name": "MET",
      "amount": 0.606
    },
    {
      "name": "PHE",
      "amount": 0.842
    },
    {
      "name": "PRO",
      "amount": 0.993
    },
    {
      "name": "SER",
      "amount": 0.949
    },
    {
      "name": "THR",
      "amount": 0.94
    },
    {
      "name": "TRP",
      "amount": 0.238
    },
    {
      "name": "TYR",
      "amount": 0.818
    },
    {
      "name": "VAL",
      "amount": 1.121
    }
  ],
  "foodSource": "usda",
  "foodType": "deprecated"
}