{
  "name": "Turkey, young hen, meat and skin, cooked, roasted",
  "sourceUID": 5232,
  "legacyUID": 5232,
  "pCF": 4.0,
  "cCF": 4.0,
  "lCF": 9.0,
  "comments": [],
  "measures": [
    {
      "grams": 1.0,
      "amount": 1.0,
      "description": "g"
    },
    {
      "grams": 243.0,
      "amount": 1.0,
      "description": "unit (yield from 1 lb ready-to-cook turkey)"
    },
    {
      "grams": 1524.0,
      "amount": 0.5,
      "description": "turkey, bone removed"
    }
  ],
  "nutrients": [
    {
      "name": "Energy",
      "amount": 218.0
    },
    {
      "name": "Protein",
      "amount": 28.09
    },
    {
      "name": "Carbs",
      "amount": 0.0
    },
    {
      "name": "Fiber",
      "amount": 0.0
    },
    {
      "name": "Fat",
      "amount": 10.88
    },
    {
      "name": "Water",
      "amount": 61.04
    },
    {
      "name": "Ash",
      "amount": 1.02
    },
    {
      "name": "Calcium",
      "amount": 26.0
    },
    {
      "name": "Copper",
      "amount": 0.086
    },
    {
      "name": "Fluoride",
      "amount": 20.9
    },
    {
      "name": "Iron",
      "amount": 1.78
    },
    {
      "name": "Magnesium",
      "amount": 25.0
    },
    {
      "name": "Manganese",
      "amount": 0.022
    },
    {
      "name": "Phosphorus",
      "amount": 203.0
    },
    {
      "name": "Potassium",
      "amount": 282.0
    },
    {
      "name": "Selenium",
      "amount": 31.4
    },
    {
      "name": "Sodium",
      "amount": 64.0
    },
    {
      "name": "Zinc",
      "amount": 2.9
    },
    {
      "name": "Vitamin A",
      "amount": 0.0
    },
    {
      "name": "Folate",
      "amount": 7.0
    },
    {
      "name": "B1 (Thiamine)",
      "amount": 0.053
    },
    {
      "name": "B2 (Riboflavin)",
      "amount": 0.17
    },
    {
      "name": "B3 (Niacin)",
      "amount": 5.307
    },
    {
      "name": "B5 (Pantothenic Acid)",
      "amount": 0.831
    },
    {
      "name": "B6 (Pyridoxine)",
      "amount": 0.4
    },
    {
      "name": "B12 (Cyanocobalamin)",
      "amount": 0.34
    },
    {
      "name": "Vitamin C",
      "amount": 0.0
    },
    {
      "name": "Saturated",
      "amount": 3.18
    },
    {
      "name": "Monounsaturated",
      "amount": 3.54
    },
    {
      "name": "Polyunsaturated",
      "amount": 2.78
    },
    {
      "name": "Omega-3",
      "amount": 0.2
    },
    {
      "name": "Omega-6",
      "amount": 2.3
    },
    {
      "name": "Cholesterol",
      "amount": 78.0
    },
    {
      "name": "ALA",
      "amount": 1.786
    },
    {
      "name": "ARG",
      "amount": 1.977
    },
    {
      "name": "ASP",
      "amount": 2.709
    },
    {
      "name": "CYS",
      "amount": 0.307
    },
    {
      "name": "GLU",
      "amount": 4.489
    },
    {
      "name": "GLY",
      "amount": 1.662
    },
    {
      "name": "HIS",
      "amount": 0.847
    },
    {
      "name": "ILE",
      "amount": 1.412
    },
    {
      "name": "LEU",
      "amount": 2.187
    },
    {
      "name": "LYS",
      "amount": 2.562
    },
    {
      "name": "MET",
      "amount": 0.791
    },
    {
      "name": "PHE",
      "amount": 1.1
    },
    {
      "name": "PRO",
      "amount": 1.295
    },
    {
      "name": "SER",
      "amount": 1.24
    },
    {
      "name": "THR",
      "amount": 1.228
    },
    {
      "name": "TRP",
      "amount": 0.311
    },
    {
      "name": "TYR",
      "amount": 1.069
    },
    {
      "name": "VAL",
      "amount": 1.465
    }
  ],
  "foodSource": "usda",
  "foodType": "deprecated"
}