{
  "name": "Turkey, young hen, meat and skin, raw",
  "sourceUID": 5231,
  "legacyUID": 5231,
  "pCF": 4.0,
  "cCF": 4.0,
  "lCF": 9.0,
  "comments": [],
  "measures": [
    {
      "grams": 1.0,
      "amount": 1.0,
      "description": "g"
    },
    {
      "grams": 327.0,
      "amount": 1.0,
      "description": "unit (yield from 1 lb ready-to-cook turkey)"
    },
    {
      "grams": 2052.0,
      "amount": 0.5,
      "description": "turkey, bone removed"
    }
  ],
  "nutrients": [
    {
      "name": "Energy",
      "amount": 168.0
    },
    {
      "name": "Protein",
      "amount": 20.18
    },
    {
      "name": "Carbs",
      "amount": 0.0
    },
    {
      "name": "Fiber",
      "amount": 0.0
    },
    {
      "name": "Fat",
      "amount": 9.09
    },
    {
      "name": "Water",
      "amount": 69.5
    },
    {
      "name": "Ash",
      "amount": 0.88
    },
    {
      "name": "Calcium",
      "amount": 15.0
    },
    {
      "name": "Copper",
      "amount": 0.109
    },
    {
      "name": "Iron",
      "amount": 1.6
    },
    {
      "name": "Magnesium",
      "amount": 22.0
    },
    {
      "name": "Manganese",
      "amount": 0.022
    },
    {
      "name": "Phosphorus",
      "amount": 175.0
    },
    {
      "name": "Potassium",
      "amount": 263.0
    },
    {
      "name": "Selenium",
      "amount": 24.2
    },
    {
      "name": "Sodium",
      "amount": 61.0
    },
    {
      "name": "Zinc",
      "amount": 2.14
    },
    {
      "name": "Vitamin A",
      "amount": 4.0
    },
    {
      "name": "Retinol",
      "amount": 1.0
    },
    {
      "name": "Folate",
      "amount": 8.0
    },
    {
      "name": "B1 (Thiamine)",
      "amount": 0.06
    },
    {
      "name": "B2 (Riboflavin)",
      "amount": 0.158
    },
    {
      "name": "B3 (Niacin)",
      "amount": 3.849
    },
    {
      "name": "B5 (Pantothenic Acid)",
      "amount": 0.804
    },
    {
      "name": "B6 (Pyridoxine)",
      "amount": 0.41
    },
    {
      "name": "B12 (Cyanocobalamin)",
      "amount": 0.4
    },
    {
      "name": "Vitamin C",
      "amount": 0.0
    },
    {
      "name": "Saturated",
      "amount": 2.56
    },
    {
      "name": "Monounsaturated",
      "amount": 3.3
    },
    {
      "name": "Polyunsaturated",
      "amount": 2.25
    },
    {
      "name": "Omega-3",
      "amount": 0.16
    },
    {
      "name": "Omega-6",
      "amount": 1.93
    },
    {
      "name": "Cholesterol",
      "amount": 63.0
    },
    {
      "name": "ALA",
      "amount": 1.285
    },
    {
      "name": "ARG",
      "amount": 1.421
    },
    {
      "name": "ASP",
      "amount": 1.946
    },
    {
      "name": "CYS",
      "amount": 0.221
    },
    {
      "name": "GLU",
      "amount": 3.222
    },
    {
      "name": "GLY",
      "amount": 1.204
    },
    {
      "name": "HIS",
      "amount": 0.608
    },
    {
      "name": "ILE",
      "amount": 1.013
    },
    {
      "name": "LEU",
      "amount": 1.569
    },
    {
      "name": "LYS",
      "amount": 1.838
    },
    {
      "name": "MET",
      "amount": 0.568
    },
    {
      "name": "PHE",
      "amount": 0.79
    },
    {
      "name": "PRO",
      "amount": 0.935
    },
    {
      "name": "SER",
      "amount": 0.891
    },
    {
      "name": "THR",
      "amount": 0.881
    },
    {
      "name": "TRP",
      "amount": 0.223
    },
    {
      "name": "TYR",
      "amount": 0.767
    },
    {
      "name": "VAL",
      "amount": 1.052
    }
  ],
  "foodSource": "usda",
  "foodType": "deprecated"
}