{
  "name": "Turkey, young hen, meat only, raw",
  "sourceUID": 5233,
  "legacyUID": 5233,
  "pCF": 4.0,
  "cCF": 4.0,
  "lCF": 9.0,
  "comments": [],
  "measures": [
    {
      "grams": 1.0,
      "amount": 1.0,
      "description": "g"
    },
    {
      "grams": 276.0,
      "amount": 1.0,
      "description": "unit (yield from 1 lb ready-to-cook turkey)"
    },
    {
      "grams": 1731.0,
      "amount": 0.5,
      "description": "turkey, bone and skin removed"
    }
  ],
  "nutrients": [
    {
      "name": "Energy",
      "amount": 122.0
    },
    {
      "name": "Protein",
      "amount": 21.76
    },
    {
      "name": "Carbs",
      "amount": 0.0
    },
    {
      "name": "Fiber",
      "amount": 0.0
    },
    {
      "name": "Fat",
      "amount": 3.18
    },
    {
      "name": "Water",
      "amount": 73.77
    },
    {
      "name": "Ash",
      "amount": 0.97
    },
    {
      "name": "Calcium",
      "amount": 15.0
    },
    {
      "name": "Copper",
      "amount": 0.115
    },
    {
      "name": "Iron",
      "amount": 1.62
    },
    {
      "name": "Magnesium",
      "amount": 25.0
    },
    {
      "name": "Manganese",
      "amount": 0.023
    },
    {
      "name": "Phosphorus",
      "amount": 193.0
    },
    {
      "name": "Potassium",
      "amount": 293.0
    },
    {
      "name": "Selenium",
      "amount": 26.5
    },
    {
      "name": "Sodium",
      "amount": 66.0
    },
    {
      "name": "Zinc",
      "amount": 2.3
    },
    {
      "name": "Vitamin A",
      "amount": 0.0
    },
    {
      "name": "Retinol",
      "amount": 0.0
    },
    {
      "name": "Folate",
      "amount": 9.0
    },
    {
      "name": "B1 (Thiamine)",
      "amount": 0.068
    },
    {
      "name": "B2 (Riboflavin)",
      "amount": 0.172
    },
    {
      "name": "B3 (Niacin)",
      "amount": 4.307
    },
    {
      "name": "B5 (Pantothenic Acid)",
      "amount": 0.909
    },
    {
      "name": "B6 (Pyridoxine)",
      "amount": 0.47
    },
    {
      "name": "B12 (Cyanocobalamin)",
      "amount": 0.43
    },
    {
      "name": "Vitamin C",
      "amount": 0.0
    },
    {
      "name": "Saturated",
      "amount": 1.05
    },
    {
      "name": "Monounsaturated",
      "amount": 0.68
    },
    {
      "name": "Polyunsaturated",
      "amount": 0.92
    },
    {
      "name": "Omega-3",
      "amount": 0.07
    },
    {
      "name": "Omega-6",
      "amount": 0.71
    },
    {
      "name": "Cholesterol",
      "amount": 60.0
    },
    {
      "name": "ALA",
      "amount": 1.348
    },
    {
      "name": "ARG",
      "amount": 1.518
    },
    {
      "name": "ASP",
      "amount": 2.114
    },
    {
      "name": "CYS",
      "amount": 0.226
    },
    {
      "name": "GLU",
      "amount": 3.552
    },
    {
      "name": "GLY",
      "amount": 1.079
    },
    {
      "name": "HIS",
      "amount": 0.679
    },
    {
      "name": "ILE",
      "amount": 1.132
    },
    {
      "name": "LEU",
      "amount": 1.734
    },
    {
      "name": "LYS",
      "amount": 2.051
    },
    {
      "name": "MET",
      "amount": 0.63
    },
    {
      "name": "PHE",
      "amount": 0.864
    },
    {
      "name": "PRO",
      "amount": 0.905
    },
    {
      "name": "SER",
      "amount": 0.968
    },
    {
      "name": "THR",
      "amount": 0.968
    },
    {
      "name": "TRP",
      "amount": 0.247
    },
    {
      "name": "TYR",
      "amount": 0.86
    },
    {
      "name": "VAL",
      "amount": 1.156
    }
  ],
  "foodSource": "usda",
  "foodType": "deprecated"
}