{
  "name": "Turkey, young hen, light meat, meat and skin, cooked, roasted",
  "sourceUID": 5238,
  "legacyUID": 5238,
  "pCF": 4.0,
  "cCF": 4.0,
  "lCF": 9.0,
  "comments": [],
  "measures": [
    {
      "grams": 1.0,
      "amount": 1.0,
      "description": "g"
    },
    {
      "grams": 137.0,
      "amount": 1.0,
      "description": "unit (yield from 1 lb ready-to-cook turkey)"
    },
    {
      "grams": 859.0,
      "amount": 0.5,
      "description": "turkey, bone removed"
    }
  ],
  "nutrients": [
    {
      "name": "Energy",
      "amount": 207.0
    },
    {
      "name": "Protein",
      "amount": 28.64
    },
    {
      "name": "Carbs",
      "amount": 0.0
    },
    {
      "name": "Fiber",
      "amount": 0.0
    },
    {
      "name": "Fat",
      "amount": 9.4
    },
    {
      "name": "Water",
      "amount": 62.14
    },
    {
      "name": "Ash",
      "amount": 1.05
    },
    {
      "name": "Calcium",
      "amount": 23.0
    },
    {
      "name": "Copper",
      "amount": 0.044
    },
    {
      "name": "Iron",
      "amount": 1.39
    },
    {
      "name": "Magnesium",
      "amount": 26.0
    },
    {
      "name": "Manganese",
      "amount": 0.021
    },
    {
      "name": "Phosphorus",
      "amount": 208.0
    },
    {
      "name": "Potassium",
      "amount": 286.0
    },
    {
      "name": "Selenium",
      "amount": 28.5
    },
    {
      "name": "Sodium",
      "amount": 58.0
    },
    {
      "name": "Zinc",
      "amount": 1.98
    },
    {
      "name": "Vitamin A",
      "amount": 0.0
    },
    {
      "name": "Retinol",
      "amount": 0.0
    },
    {
      "name": "Folate",
      "amount": 6.0
    },
    {
      "name": "B1 (Thiamine)",
      "amount": 0.052
    },
    {
      "name": "B2 (Riboflavin)",
      "amount": 0.129
    },
    {
      "name": "B3 (Niacin)",
      "amount": 6.583
    },
    {
      "name": "B5 (Pantothenic Acid)",
      "amount": 0.61
    },
    {
      "name": "B6 (Pyridoxine)",
      "amount": 0.46
    },
    {
      "name": "B12 (Cyanocobalamin)",
      "amount": 0.34
    },
    {
      "name": "Vitamin C",
      "amount": 0.0
    },
    {
      "name": "Saturated",
      "amount": 2.65
    },
    {
      "name": "Monounsaturated",
      "amount": 3.15
    },
    {
      "name": "Polyunsaturated",
      "amount": 2.28
    },
    {
      "name": "Omega-3",
      "amount": 0.18
    },
    {
      "name": "Omega-6",
      "amount": 1.84
    },
    {
      "name": "Cholesterol",
      "amount": 74.0
    },
    {
      "name": "ALA",
      "amount": 1.821
    },
    {
      "name": "ARG",
      "amount": 2.016
    },
    {
      "name": "ASP",
      "amount": 2.763
    },
    {
      "name": "CYS",
      "amount": 0.313
    },
    {
      "name": "GLU",
      "amount": 4.579
    },
    {
      "name": "GLY",
      "amount": 1.692
    },
    {
      "name": "HIS",
      "amount": 0.864
    },
    {
      "name": "ILE",
      "amount": 1.441
    },
    {
      "name": "LEU",
      "amount": 2.231
    },
    {
      "name": "LYS",
      "amount": 2.614
    },
    {
      "name": "MET",
      "amount": 0.807
    },
    {
      "name": "PHE",
      "amount": 1.122
    },
    {
      "name": "PRO",
      "amount": 1.319
    },
    {
      "name": "SER",
      "amount": 1.265
    },
    {
      "name": "THR",
      "amount": 1.252
    },
    {
      "name": "TRP",
      "amount": 0.317
    },
    {
      "name": "TYR",
      "amount": 1.091
    },
    {
      "name": "VAL",
      "amount": 1.494
    }
  ],
  "foodSource": "usda",
  "foodType": "deprecated"
}