{
  "name": "Turkey, young hen, light meat, meat only, cooked, roasted",
  "sourceUID": 5242,
  "legacyUID": 5242,
  "pCF": 4.0,
  "cCF": 4.0,
  "lCF": 9.0,
  "comments": [],
  "measures": [
    {
      "grams": 1.0,
      "amount": 1.0,
      "description": "g"
    },
    {
      "grams": 140.0,
      "amount": 1.0,
      "description": "cup, chopped or diced"
    },
    {
      "grams": 119.0,
      "amount": 1.0,
      "description": "unit (yield from 1 lb ready-to-cook turkey)"
    }
  ],
  "nutrients": [
    {
      "name": "Energy",
      "amount": 161.0
    },
    {
      "name": "Protein",
      "amount": 29.89
    },
    {
      "name": "Carbs",
      "amount": 0.0
    },
    {
      "name": "Fiber",
      "amount": 0.0
    },
    {
      "name": "Fat",
      "amount": 3.74
    },
    {
      "name": "Water",
      "amount": 65.74
    },
    {
      "name": "Ash",
      "amount": 1.1
    },
    {
      "name": "Calcium",
      "amount": 21.0
    },
    {
      "name": "Copper",
      "amount": 0.039
    },
    {
      "name": "Iron",
      "amount": 1.31
    },
    {
      "name": "Magnesium",
      "amount": 28.0
    },
    {
      "name": "Manganese",
      "amount": 0.02
    },
    {
      "name": "Phosphorus",
      "amount": 218.0
    },
    {
      "name": "Potassium",
      "amount": 304.0
    },
    {
      "name": "Selenium",
      "amount": 32.1
    },
    {
      "name": "Sodium",
      "amount": 60.0
    },
    {
      "name": "Zinc",
      "amount": 1.96
    },
    {
      "name": "Vitamin A",
      "amount": 0.0
    },
    {
      "name": "Retinol",
      "amount": 0.0
    },
    {
      "name": "Folate",
      "amount": 6.0
    },
    {
      "name": "B1 (Thiamine)",
      "amount": 0.057
    },
    {
      "name": "B2 (Riboflavin)",
      "amount": 0.127
    },
    {
      "name": "B3 (Niacin)",
      "amount": 7.114
    },
    {
      "name": "B5 (Pantothenic Acid)",
      "amount": 0.656
    },
    {
      "name": "B6 (Pyridoxine)",
      "amount": 0.52
    },
    {
      "name": "B12 (Cyanocobalamin)",
      "amount": 0.36
    },
    {
      "name": "Vitamin C",
      "amount": 0.0
    },
    {
      "name": "Saturated",
      "amount": 1.19
    },
    {
      "name": "Monounsaturated",
      "amount": 0.66
    },
    {
      "name": "Polyunsaturated",
      "amount": 1.0
    },
    {
      "name": "Omega-3",
      "amount": 0.09000000000000001
    },
    {
      "name": "Omega-6",
      "amount": 0.66
    },
    {
      "name": "Cholesterol",
      "amount": 68.0
    },
    {
      "name": "ALA",
      "amount": 1.851
    },
    {
      "name": "ARG",
      "amount": 2.085
    },
    {
      "name": "ASP",
      "amount": 2.903
    },
    {
      "name": "CYS",
      "amount": 0.311
    },
    {
      "name": "GLU",
      "amount": 4.879
    },
    {
      "name": "GLY",
      "amount": 1.483
    },
    {
      "name": "HIS",
      "amount": 0.933
    },
    {
      "name": "ILE",
      "amount": 1.554
    },
    {
      "name": "LEU",
      "amount": 2.382
    },
    {
      "name": "LYS",
      "amount": 2.817
    },
    {
      "name": "MET",
      "amount": 0.866
    },
    {
      "name": "PHE",
      "amount": 1.186
    },
    {
      "name": "PRO",
      "amount": 1.244
    },
    {
      "name": "SER",
      "amount": 1.33
    },
    {
      "name": "THR",
      "amount": 1.33
    },
    {
      "name": "TRP",
      "amount": 0.34
    },
    {
      "name": "TYR",
      "amount": 1.181
    },
    {
      "name": "VAL",
      "amount": 1.588
    }
  ],
  "foodSource": "usda",
  "foodType": "deprecated"
}