{
  "name": "Turkey, young hen, breast, meat and skin, raw",
  "sourceUID": 5247,
  "legacyUID": 5247,
  "pCF": 4.0,
  "cCF": 4.0,
  "lCF": 9.0,
  "comments": [],
  "measures": [
    {
      "grams": 1.0,
      "amount": 1.0,
      "description": "g"
    },
    {
      "grams": 139.0,
      "amount": 1.0,
      "description": "unit (yield from 1 lb ready-to-cook turkey)"
    },
    {
      "grams": 874.0,
      "amount": 0.5,
      "description": "breast, bone removed"
    }
  ],
  "nutrients": [
    {
      "name": "Energy",
      "amount": 167.0
    },
    {
      "name": "Protein",
      "amount": 21.62
    },
    {
      "name": "Carbs",
      "amount": 0.0
    },
    {
      "name": "Fiber",
      "amount": 0.0
    },
    {
      "name": "Fat",
      "amount": 8.3
    },
    {
      "name": "Water",
      "amount": 69.0
    },
    {
      "name": "Ash",
      "amount": 0.89
    },
    {
      "name": "Calcium",
      "amount": 13.0
    },
    {
      "name": "Copper",
      "amount": 0.082
    },
    {
      "name": "Iron",
      "amount": 1.41
    },
    {
      "name": "Magnesium",
      "amount": 24.0
    },
    {
      "name": "Manganese",
      "amount": 0.021
    },
    {
      "name": "Phosphorus",
      "amount": 179.0
    },
    {
      "name": "Potassium",
      "amount": 266.0
    },
    {
      "name": "Selenium",
      "amount": 21.8
    },
    {
      "name": "Sodium",
      "amount": 55.0
    },
    {
      "name": "Zinc",
      "amount": 1.54
    },
    {
      "name": "Vitamin A",
      "amount": 5.0
    },
    {
      "name": "Retinol",
      "amount": 2.0
    },
    {
      "name": "Folate",
      "amount": 7.0
    },
    {
      "name": "B1 (Thiamine)",
      "amount": 0.053
    },
    {
      "name": "B2 (Riboflavin)",
      "amount": 0.123
    },
    {
      "name": "B3 (Niacin)",
      "amount": 4.904
    },
    {
      "name": "B5 (Pantothenic Acid)",
      "amount": 0.612
    },
    {
      "name": "B6 (Pyridoxine)",
      "amount": 0.48
    },
    {
      "name": "B12 (Cyanocobalamin)",
      "amount": 0.41
    },
    {
      "name": "Vitamin C",
      "amount": 0.0
    },
    {
      "name": "Saturated",
      "amount": 2.25
    },
    {
      "name": "Monounsaturated",
      "amount": 3.19
    },
    {
      "name": "Polyunsaturated",
      "amount": 1.95
    },
    {
      "name": "Omega-3",
      "amount": 0.13
    },
    {
      "name": "Omega-6",
      "amount": 1.68
    },
    {
      "name": "Cholesterol",
      "amount": 62.0
    },
    {
      "name": "ALA",
      "amount": 1.378
    },
    {
      "name": "ARG",
      "amount": 1.523
    },
    {
      "name": "ASP",
      "amount": 2.084
    },
    {
      "name": "CYS",
      "amount": 0.237
    },
    {
      "name": "GLU",
      "amount": 3.451
    },
    {
      "name": "GLY",
      "amount": 1.294
    },
    {
      "name": "HIS",
      "amount": 0.651
    },
    {
      "name": "ILE",
      "amount": 1.084
    },
    {
      "name": "LEU",
      "amount": 1.681
    },
    {
      "name": "LYS",
      "amount": 1.968
    },
    {
      "name": "MET",
      "amount": 0.608
    },
    {
      "name": "PHE",
      "amount": 0.846
    },
    {
      "name": "PRO",
      "amount": 1.004
    },
    {
      "name": "SER",
      "amount": 0.954
    },
    {
      "name": "THR",
      "amount": 0.944
    },
    {
      "name": "TRP",
      "amount": 0.239
    },
    {
      "name": "TYR",
      "amount": 0.82
    },
    {
      "name": "VAL",
      "amount": 1.126
    }
  ],
  "foodSource": "usda",
  "foodType": "deprecated"
}