{
  "name": "Turkey, young hen, dark meat, meat only, raw",
  "sourceUID": 5243,
  "legacyUID": 5243,
  "pCF": 4.0,
  "cCF": 4.0,
  "lCF": 9.0,
  "comments": [],
  "measures": [
    {
      "grams": 1.0,
      "amount": 1.0,
      "description": "g"
    },
    {
      "grams": 130.0,
      "amount": 1.0,
      "description": "unit (yield from 1 lb ready-to-cook turkey)"
    },
    {
      "grams": 812.0,
      "amount": 0.5,
      "description": "turkey, bone and skin removed"
    }
  ],
  "nutrients": [
    {
      "name": "Energy",
      "amount": 130.0
    },
    {
      "name": "Protein",
      "amount": 20.07
    },
    {
      "name": "Carbs",
      "amount": 0.0
    },
    {
      "name": "Fiber",
      "amount": 0.0
    },
    {
      "name": "Fat",
      "amount": 4.88
    },
    {
      "name": "Water",
      "amount": 74.03
    },
    {
      "name": "Ash",
      "amount": 0.95
    },
    {
      "name": "Calcium",
      "amount": 18.0
    },
    {
      "name": "Copper",
      "amount": 0.152
    },
    {
      "name": "Iron",
      "amount": 1.9
    },
    {
      "name": "Magnesium",
      "amount": 23.0
    },
    {
      "name": "Manganese",
      "amount": 0.024
    },
    {
      "name": "Phosphorus",
      "amount": 185.0
    },
    {
      "name": "Potassium",
      "amount": 287.0
    },
    {
      "name": "Selenium",
      "amount": 28.6
    },
    {
      "name": "Sodium",
      "amount": 74.0
    },
    {
      "name": "Zinc",
      "amount": 3.1
    },
    {
      "name": "Vitamin A",
      "amount": 0.0
    },
    {
      "name": "Retinol",
      "amount": 0.0
    },
    {
      "name": "Folate",
      "amount": 11.0
    },
    {
      "name": "B1 (Thiamine)",
      "amount": 0.076
    },
    {
      "name": "B2 (Riboflavin)",
      "amount": 0.219
    },
    {
      "name": "B3 (Niacin)",
      "amount": 2.817
    },
    {
      "name": "B5 (Pantothenic Acid)",
      "amount": 1.156
    },
    {
      "name": "B6 (Pyridoxine)",
      "amount": 0.36
    },
    {
      "name": "B12 (Cyanocobalamin)",
      "amount": 0.4
    },
    {
      "name": "Vitamin C",
      "amount": 0.0
    },
    {
      "name": "Saturated",
      "amount": 1.64
    },
    {
      "name": "Monounsaturated",
      "amount": 1.11
    },
    {
      "name": "Polyunsaturated",
      "amount": 1.46
    },
    {
      "name": "Omega-3",
      "amount": 0.11000000000000001
    },
    {
      "name": "Omega-6",
      "amount": 1.18
    },
    {
      "name": "Cholesterol",
      "amount": 62.0
    },
    {
      "name": "ALA",
      "amount": 1.243
    },
    {
      "name": "ARG",
      "amount": 1.4
    },
    {
      "name": "ASP",
      "amount": 1.949
    },
    {
      "name": "CYS",
      "amount": 0.209
    },
    {
      "name": "GLU",
      "amount": 3.275
    },
    {
      "name": "GLY",
      "amount": 0.995
    },
    {
      "name": "HIS",
      "amount": 0.626
    },
    {
      "name": "ILE",
      "amount": 1.044
    },
    {
      "name": "LEU",
      "amount": 1.599
    },
    {
      "name": "LYS",
      "amount": 1.891
    },
    {
      "name": "MET",
      "amount": 0.581
    },
    {
      "name": "PHE",
      "amount": 0.796
    },
    {
      "name": "PRO",
      "amount": 0.835
    },
    {
      "name": "SER",
      "amount": 0.893
    },
    {
      "name": "THR",
      "amount": 0.893
    },
    {
      "name": "TRP",
      "amount": 0.228
    },
    {
      "name": "TYR",
      "amount": 0.793
    },
    {
      "name": "VAL",
      "amount": 1.066
    }
  ],
  "foodSource": "usda",
  "foodType": "deprecated"
}