{
  "name": "Turkey, young hen, dark meat, meat and skin, cooked, roasted",
  "sourceUID": 5240,
  "legacyUID": 5240,
  "pCF": 4.0,
  "cCF": 4.0,
  "lCF": 9.0,
  "comments": [],
  "measures": [
    {
      "grams": 1.0,
      "amount": 1.0,
      "description": "g"
    },
    {
      "grams": 106.0,
      "amount": 1.0,
      "description": "unit (yield from 1 lb ready-to-cook turkey)"
    },
    {
      "grams": 665.0,
      "amount": 0.5,
      "description": "turkey, bone and skin removed"
    }
  ],
  "nutrients": [
    {
      "name": "Energy",
      "amount": 232.0
    },
    {
      "name": "Protein",
      "amount": 27.37
    },
    {
      "name": "Carbs",
      "amount": 0.0
    },
    {
      "name": "Fiber",
      "amount": 0.0
    },
    {
      "name": "Fat",
      "amount": 12.78
    },
    {
      "name": "Water",
      "amount": 59.61
    },
    {
      "name": "Ash",
      "amount": 0.98
    },
    {
      "name": "Calcium",
      "amount": 31.0
    },
    {
      "name": "Copper",
      "amount": 0.139
    },
    {
      "name": "Iron",
      "amount": 2.28
    },
    {
      "name": "Magnesium",
      "amount": 23.0
    },
    {
      "name": "Manganese",
      "amount": 0.023
    },
    {
      "name": "Phosphorus",
      "amount": 196.0
    },
    {
      "name": "Potassium",
      "amount": 276.0
    },
    {
      "name": "Selenium",
      "amount": 37.2
    },
    {
      "name": "Sodium",
      "amount": 72.0
    },
    {
      "name": "Zinc",
      "amount": 4.1
    },
    {
      "name": "Vitamin A",
      "amount": 0.0
    },
    {
      "name": "Retinol",
      "amount": 0.0
    },
    {
      "name": "Folate",
      "amount": 8.0
    },
    {
      "name": "B1 (Thiamine)",
      "amount": 0.055
    },
    {
      "name": "B2 (Riboflavin)",
      "amount": 0.223
    },
    {
      "name": "B3 (Niacin)",
      "amount": 3.659
    },
    {
      "name": "B5 (Pantothenic Acid)",
      "amount": 1.117
    },
    {
      "name": "B6 (Pyridoxine)",
      "amount": 0.31
    },
    {
      "name": "B12 (Cyanocobalamin)",
      "amount": 0.34
    },
    {
      "name": "Vitamin C",
      "amount": 0.0
    },
    {
      "name": "Saturated",
      "amount": 3.86
    },
    {
      "name": "Monounsaturated",
      "amount": 4.06
    },
    {
      "name": "Polyunsaturated",
      "amount": 3.42
    },
    {
      "name": "Omega-3",
      "amount": 0.24
    },
    {
      "name": "Omega-6",
      "amount": 2.89
    },
    {
      "name": "Cholesterol",
      "amount": 84.0
    },
    {
      "name": "ALA",
      "amount": 1.741
    },
    {
      "name": "ARG",
      "amount": 1.927
    },
    {
      "name": "ASP",
      "amount": 2.639
    },
    {
      "name": "CYS",
      "amount": 0.3
    },
    {
      "name": "GLU",
      "amount": 4.372
    },
    {
      "name": "GLY",
      "amount": 1.624
    },
    {
      "name": "HIS",
      "amount": 0.825
    },
    {
      "name": "ILE",
      "amount": 1.375
    },
    {
      "name": "LEU",
      "amount": 2.13
    },
    {
      "name": "LYS",
      "amount": 2.495
    },
    {
      "name": "MET",
      "amount": 0.771
    },
    {
      "name": "PHE",
      "amount": 1.072
    },
    {
      "name": "PRO",
      "amount": 1.264
    },
    {
      "name": "SER",
      "amount": 1.208
    },
    {
      "name": "THR",
      "amount": 1.196
    },
    {
      "name": "TRP",
      "amount": 0.303
    },
    {
      "name": "TYR",
      "amount": 1.041
    },
    {
      "name": "VAL",
      "amount": 1.427
    }
  ],
  "foodSource": "usda",
  "foodType": "deprecated"
}