{
  "name": "Turkey, young hen, back, meat and skin, raw",
  "sourceUID": 5245,
  "legacyUID": 5245,
  "pCF": 4.0,
  "cCF": 4.0,
  "lCF": 9.0,
  "comments": [],
  "measures": [
    {
      "grams": 1.0,
      "amount": 1.0,
      "description": "g"
    },
    {
      "grams": 298.0,
      "amount": 0.5,
      "description": "back, bone removed"
    },
    {
      "grams": 47.0,
      "amount": 1.0,
      "description": "unit (yield from 1 lb ready-to-cook turkey)"
    }
  ],
  "nutrients": [
    {
      "name": "Energy",
      "amount": 218.0
    },
    {
      "name": "Protein",
      "amount": 17.51
    },
    {
      "name": "Carbs",
      "amount": 0.0
    },
    {
      "name": "Fiber",
      "amount": 0.0
    },
    {
      "name": "Fat",
      "amount": 15.93
    },
    {
      "name": "Water",
      "amount": 65.61
    },
    {
      "name": "Ash",
      "amount": 0.78
    },
    {
      "name": "Calcium",
      "amount": 18.0
    },
    {
      "name": "Copper",
      "amount": 0.13
    },
    {
      "name": "Iron",
      "amount": 1.78
    },
    {
      "name": "Magnesium",
      "amount": 18.0
    },
    {
      "name": "Manganese",
      "amount": 0.021
    },
    {
      "name": "Phosphorus",
      "amount": 153.0
    },
    {
      "name": "Potassium",
      "amount": 231.0
    },
    {
      "name": "Selenium",
      "amount": 24.0
    },
    {
      "name": "Sodium",
      "amount": 61.0
    },
    {
      "name": "Zinc",
      "amount": 2.53
    },
    {
      "name": "Vitamin A",
      "amount": 8.0
    },
    {
      "name": "Retinol",
      "amount": 2.0
    },
    {
      "name": "Folate",
      "amount": 9.0
    },
    {
      "name": "B1 (Thiamine)",
      "amount": 0.058
    },
    {
      "name": "B2 (Riboflavin)",
      "amount": 0.177
    },
    {
      "name": "B3 (Niacin)",
      "amount": 2.369
    },
    {
      "name": "B5 (Pantothenic Acid)",
      "amount": 0.871
    },
    {
      "name": "B6 (Pyridoxine)",
      "amount": 0.27
    },
    {
      "name": "B12 (Cyanocobalamin)",
      "amount": 0.35
    },
    {
      "name": "Vitamin C",
      "amount": 0.0
    },
    {
      "name": "Saturated",
      "amount": 4.41
    },
    {
      "name": "Monounsaturated",
      "amount": 6.12
    },
    {
      "name": "Polyunsaturated",
      "amount": 3.89
    },
    {
      "name": "Omega-3",
      "amount": 0.27
    },
    {
      "name": "Omega-6",
      "amount": 3.42
    },
    {
      "name": "Cholesterol",
      "amount": 68.0
    },
    {
      "name": "ALA",
      "amount": 1.155
    },
    {
      "name": "ARG",
      "amount": 1.249
    },
    {
      "name": "ASP",
      "amount": 1.673
    },
    {
      "name": "CYS",
      "amount": 0.205
    },
    {
      "name": "GLU",
      "amount": 2.716
    },
    {
      "name": "GLY",
      "amount": 1.269
    },
    {
      "name": "HIS",
      "amount": 0.502
    },
    {
      "name": "ILE",
      "amount": 0.838
    },
    {
      "name": "LEU",
      "amount": 1.319
    },
    {
      "name": "LYS",
      "amount": 1.524
    },
    {
      "name": "MET",
      "amount": 0.474
    },
    {
      "name": "PHE",
      "amount": 0.673
    },
    {
      "name": "PRO",
      "amount": 0.917
    },
    {
      "name": "SER",
      "amount": 0.765
    },
    {
      "name": "THR",
      "amount": 0.747
    },
    {
      "name": "TRP",
      "amount": 0.187
    },
    {
      "name": "TYR",
      "amount": 0.631
    },
    {
      "name": "VAL",
      "amount": 0.89
    }
  ],
  "foodSource": "usda",
  "foodType": "deprecated"
}