{
  "name": "Turkey, young hen, dark meat, meat only, cooked, roasted",
  "sourceUID": 5244,
  "legacyUID": 5244,
  "pCF": 4.0,
  "cCF": 4.0,
  "lCF": 9.0,
  "comments": [],
  "measures": [
    {
      "grams": 1.0,
      "amount": 1.0,
      "description": "g"
    },
    {
      "grams": 140.0,
      "amount": 1.0,
      "description": "cup, chopped or diced"
    },
    {
      "grams": 93.0,
      "amount": 1.0,
      "description": "unit (yield from 1 lb ready-to-cook turkey)"
    }
  ],
  "nutrients": [
    {
      "name": "Energy",
      "amount": 192.0
    },
    {
      "name": "Protein",
      "amount": 28.42
    },
    {
      "name": "Carbs",
      "amount": 0.0
    },
    {
      "name": "Fiber",
      "amount": 0.0
    },
    {
      "name": "Fat",
      "amount": 7.79
    },
    {
      "name": "Water",
      "amount": 62.74
    },
    {
      "name": "Ash",
      "amount": 1.02
    },
    {
      "name": "Calcium",
      "amount": 30.0
    },
    {
      "name": "Copper",
      "amount": 0.148
    },
    {
      "name": "Iron",
      "amount": 2.33
    },
    {
      "name": "Magnesium",
      "amount": 25.0
    },
    {
      "name": "Manganese",
      "amount": 0.024
    },
    {
      "name": "Phosphorus",
      "amount": 204.0
    },
    {
      "name": "Potassium",
      "amount": 292.0
    },
    {
      "name": "Selenium",
      "amount": 40.9
    },
    {
      "name": "Sodium",
      "amount": 75.0
    },
    {
      "name": "Zinc",
      "amount": 4.39
    },
    {
      "name": "Vitamin A",
      "amount": 0.0
    },
    {
      "name": "Retinol",
      "amount": 0.0
    },
    {
      "name": "Folate",
      "amount": 9.0
    },
    {
      "name": "B1 (Thiamine)",
      "amount": 0.059
    },
    {
      "name": "B2 (Riboflavin)",
      "amount": 0.235
    },
    {
      "name": "B3 (Niacin)",
      "amount": 3.76
    },
    {
      "name": "B5 (Pantothenic Acid)",
      "amount": 1.236
    },
    {
      "name": "B6 (Pyridoxine)",
      "amount": 0.34
    },
    {
      "name": "B12 (Cyanocobalamin)",
      "amount": 0.36
    },
    {
      "name": "Vitamin C",
      "amount": 0.0
    },
    {
      "name": "Saturated",
      "amount": 2.61
    },
    {
      "name": "Monounsaturated",
      "amount": 1.77
    },
    {
      "name": "Polyunsaturated",
      "amount": 2.33
    },
    {
      "name": "Omega-3",
      "amount": 0.17
    },
    {
      "name": "Omega-6",
      "amount": 1.89
    },
    {
      "name": "Cholesterol",
      "amount": 80.0
    },
    {
      "name": "ALA",
      "amount": 1.76
    },
    {
      "name": "ARG",
      "amount": 1.983
    },
    {
      "name": "ASP",
      "amount": 2.761
    },
    {
      "name": "CYS",
      "amount": 0.296
    },
    {
      "name": "GLU",
      "amount": 4.639
    },
    {
      "name": "GLY",
      "amount": 1.41
    },
    {
      "name": "HIS",
      "amount": 0.887
    },
    {
      "name": "ILE",
      "amount": 1.478
    },
    {
      "name": "LEU",
      "amount": 2.265
    },
    {
      "name": "LYS",
      "amount": 2.679
    },
    {
      "name": "MET",
      "amount": 0.823
    },
    {
      "name": "PHE",
      "amount": 1.128
    },
    {
      "name": "PRO",
      "amount": 1.182
    },
    {
      "name": "SER",
      "amount": 1.264
    },
    {
      "name": "THR",
      "amount": 1.264
    },
    {
      "name": "TRP",
      "amount": 0.323
    },
    {
      "name": "TYR",
      "amount": 1.123
    },
    {
      "name": "VAL",
      "amount": 1.51
    }
  ],
  "foodSource": "usda",
  "foodType": "deprecated"
}