{
  "name": "Turkey, young hen, light meat, meat only, raw",
  "sourceUID": 5241,
  "legacyUID": 5241,
  "pCF": 4.0,
  "cCF": 4.0,
  "lCF": 9.0,
  "comments": [],
  "measures": [
    {
      "grams": 1.0,
      "amount": 1.0,
      "description": "g"
    },
    {
      "grams": 147.0,
      "amount": 1.0,
      "description": "unit (yield from 1 lb ready-to-cook turkey)"
    },
    {
      "grams": 919.0,
      "amount": 0.5,
      "description": "turkey, bone and skin removed"
    }
  ],
  "nutrients": [
    {
      "name": "Energy",
      "amount": 116.0
    },
    {
      "name": "Protein",
      "amount": 23.64
    },
    {
      "name": "Carbs",
      "amount": 0.0
    },
    {
      "name": "Fiber",
      "amount": 0.0
    },
    {
      "name": "Fat",
      "amount": 1.66
    },
    {
      "name": "Water",
      "amount": 73.57
    },
    {
      "name": "Ash",
      "amount": 1.0
    },
    {
      "name": "Calcium",
      "amount": 12.0
    },
    {
      "name": "Copper",
      "amount": 0.082
    },
    {
      "name": "Iron",
      "amount": 1.38
    },
    {
      "name": "Magnesium",
      "amount": 27.0
    },
    {
      "name": "Manganese",
      "amount": 0.022
    },
    {
      "name": "Phosphorus",
      "amount": 199.0
    },
    {
      "name": "Potassium",
      "amount": 299.0
    },
    {
      "name": "Selenium",
      "amount": 24.4
    },
    {
      "name": "Sodium",
      "amount": 60.0
    },
    {
      "name": "Zinc",
      "amount": 1.59
    },
    {
      "name": "Vitamin A",
      "amount": 0.0
    },
    {
      "name": "Retinol",
      "amount": 0.0
    },
    {
      "name": "Folate",
      "amount": 8.0
    },
    {
      "name": "B1 (Thiamine)",
      "amount": 0.06
    },
    {
      "name": "B2 (Riboflavin)",
      "amount": 0.131
    },
    {
      "name": "B3 (Niacin)",
      "amount": 5.631
    },
    {
      "name": "B5 (Pantothenic Acid)",
      "amount": 0.69
    },
    {
      "name": "B6 (Pyridoxine)",
      "amount": 0.56
    },
    {
      "name": "B12 (Cyanocobalamin)",
      "amount": 0.45
    },
    {
      "name": "Vitamin C",
      "amount": 0.0
    },
    {
      "name": "Saturated",
      "amount": 0.53
    },
    {
      "name": "Monounsaturated",
      "amount": 0.29
    },
    {
      "name": "Polyunsaturated",
      "amount": 0.44
    },
    {
      "name": "Omega-3",
      "amount": 0.05
    },
    {
      "name": "Omega-6",
      "amount": 0.29
    },
    {
      "name": "Cholesterol",
      "amount": 58.0
    },
    {
      "name": "ALA",
      "amount": 1.464
    },
    {
      "name": "ARG",
      "amount": 1.649
    },
    {
      "name": "ASP",
      "amount": 2.296
    },
    {
      "name": "CYS",
      "amount": 0.246
    },
    {
      "name": "GLU",
      "amount": 3.859
    },
    {
      "name": "GLY",
      "amount": 1.173
    },
    {
      "name": "HIS",
      "amount": 0.738
    },
    {
      "name": "ILE",
      "amount": 1.229
    },
    {
      "name": "LEU",
      "amount": 1.884
    },
    {
      "name": "LYS",
      "amount": 2.228
    },
    {
      "name": "MET",
      "amount": 0.685
    },
    {
      "name": "PHE",
      "amount": 0.938
    },
    {
      "name": "PRO",
      "amount": 0.984
    },
    {
      "name": "SER",
      "amount": 1.052
    },
    {
      "name": "THR",
      "amount": 1.052
    },
    {
      "name": "TRP",
      "amount": 0.269
    },
    {
      "name": "TYR",
      "amount": 0.934
    },
    {
      "name": "VAL",
      "amount": 1.256
    }
  ],
  "foodSource": "usda",
  "foodType": "deprecated"
}