{
  "name": "Turkey, young hen, leg, meat and skin, raw",
  "sourceUID": 5249,
  "legacyUID": 5249,
  "pCF": 4.0,
  "cCF": 4.0,
  "lCF": 9.0,
  "comments": [],
  "measures": [
    {
      "grams": 1.0,
      "amount": 1.0,
      "description": "g"
    },
    {
      "grams": 105.0,
      "amount": 1.0,
      "description": "unit (yield from 1 lb ready-to-cook turkey)"
    },
    {
      "grams": 656.0,
      "amount": 1.0,
      "description": "leg, bone removed"
    }
  ],
  "nutrients": [
    {
      "name": "Energy",
      "amount": 151.0
    },
    {
      "name": "Protein",
      "amount": 19.46
    },
    {
      "name": "Carbs",
      "amount": 0.0
    },
    {
      "name": "Fiber",
      "amount": 0.0
    },
    {
      "name": "Fat",
      "amount": 7.5
    },
    {
      "name": "Water",
      "amount": 72.04
    },
    {
      "name": "Ash",
      "amount": 0.91
    },
    {
      "name": "Calcium",
      "amount": 18.0
    },
    {
      "name": "Copper",
      "amount": 0.147
    },
    {
      "name": "Iron",
      "amount": 1.87
    },
    {
      "name": "Magnesium",
      "amount": 22.0
    },
    {
      "name": "Manganese",
      "amount": 0.023
    },
    {
      "name": "Phosphorus",
      "amount": 178.0
    },
    {
      "name": "Potassium",
      "amount": 273.0
    },
    {
      "name": "Selenium",
      "amount": 27.3
    },
    {
      "name": "Sodium",
      "amount": 70.0
    },
    {
      "name": "Zinc",
      "amount": 2.96
    },
    {
      "name": "Vitamin A",
      "amount": 2.0
    },
    {
      "name": "Retinol",
      "amount": 1.0
    },
    {
      "name": "Folate",
      "amount": 10.0
    },
    {
      "name": "B1 (Thiamine)",
      "amount": 0.072
    },
    {
      "name": "B2 (Riboflavin)",
      "amount": 0.209
    },
    {
      "name": "B3 (Niacin)",
      "amount": 2.711
    },
    {
      "name": "B5 (Pantothenic Acid)",
      "amount": 1.089
    },
    {
      "name": "B6 (Pyridoxine)",
      "amount": 0.34
    },
    {
      "name": "B12 (Cyanocobalamin)",
      "amount": 0.39
    },
    {
      "name": "Vitamin C",
      "amount": 0.0
    },
    {
      "name": "Saturated",
      "amount": 2.29
    },
    {
      "name": "Monounsaturated",
      "amount": 2.29
    },
    {
      "name": "Polyunsaturated",
      "amount": 2.04
    },
    {
      "name": "Omega-3",
      "amount": 0.15
    },
    {
      "name": "Omega-6",
      "amount": 1.71
    },
    {
      "name": "Cholesterol",
      "amount": 63.0
    },
    {
      "name": "ALA",
      "amount": 1.222
    },
    {
      "name": "ARG",
      "amount": 1.364
    },
    {
      "name": "ASP",
      "amount": 1.884
    },
    {
      "name": "CYS",
      "amount": 0.208
    },
    {
      "name": "GLU",
      "amount": 3.143
    },
    {
      "name": "GLY",
      "amount": 1.06
    },
    {
      "name": "HIS",
      "amount": 0.597
    },
    {
      "name": "ILE",
      "amount": 0.995
    },
    {
      "name": "LEU",
      "amount": 1.533
    },
    {
      "name": "LYS",
      "amount": 1.804
    },
    {
      "name": "MET",
      "amount": 0.556
    },
    {
      "name": "PHE",
      "amount": 0.767
    },
    {
      "name": "PRO",
      "amount": 0.854
    },
    {
      "name": "SER",
      "amount": 0.863
    },
    {
      "name": "THR",
      "amount": 0.858
    },
    {
      "name": "TRP",
      "amount": 0.218
    },
    {
      "name": "TYR",
      "amount": 0.755
    },
    {
      "name": "VAL",
      "amount": 1.024
    }
  ],
  "foodSource": "usda",
  "foodType": "deprecated"
}