{
  "name": "Turkey, young hen, back, meat and skin, cooked, roasted",
  "sourceUID": 5246,
  "legacyUID": 5246,
  "pCF": 4.0,
  "cCF": 4.0,
  "lCF": 9.0,
  "comments": [],
  "measures": [
    {
      "grams": 1.0,
      "amount": 1.0,
      "description": "g"
    },
    {
      "grams": 217.0,
      "amount": 0.5,
      "description": "back, bone removed"
    },
    {
      "grams": 35.0,
      "amount": 1.0,
      "description": "unit (yield from 1 lb ready-to-cook turkey)"
    }
  ],
  "nutrients": [
    {
      "name": "Energy",
      "amount": 254.0
    },
    {
      "name": "Protein",
      "amount": 26.41
    },
    {
      "name": "Carbs",
      "amount": 0.0
    },
    {
      "name": "Fiber",
      "amount": 0.0
    },
    {
      "name": "Fat",
      "amount": 15.64
    },
    {
      "name": "Water",
      "amount": 56.91
    },
    {
      "name": "Ash",
      "amount": 0.94
    },
    {
      "name": "Calcium",
      "amount": 31.0
    },
    {
      "name": "Copper",
      "amount": 0.133
    },
    {
      "name": "Iron",
      "amount": 2.22
    },
    {
      "name": "Magnesium",
      "amount": 23.0
    },
    {
      "name": "Manganese",
      "amount": 0.023
    },
    {
      "name": "Phosphorus",
      "amount": 189.0
    },
    {
      "name": "Potassium",
      "amount": 263.0
    },
    {
      "name": "Selenium",
      "amount": 34.3
    },
    {
      "name": "Sodium",
      "amount": 69.0
    },
    {
      "name": "Zinc",
      "amount": 3.89
    },
    {
      "name": "Vitamin A",
      "amount": 0.0
    },
    {
      "name": "Retinol",
      "amount": 0.0
    },
    {
      "name": "Folate",
      "amount": 8.0
    },
    {
      "name": "B1 (Thiamine)",
      "amount": 0.051
    },
    {
      "name": "B2 (Riboflavin)",
      "amount": 0.213
    },
    {
      "name": "B3 (Niacin)",
      "amount": 3.554
    },
    {
      "name": "B5 (Pantothenic Acid)",
      "amount": 1.035
    },
    {
      "name": "B6 (Pyridoxine)",
      "amount": 0.29
    },
    {
      "name": "B12 (Cyanocobalamin)",
      "amount": 0.33
    },
    {
      "name": "Vitamin C",
      "amount": 0.0
    },
    {
      "name": "Saturated",
      "amount": 4.54
    },
    {
      "name": "Monounsaturated",
      "amount": 5.45
    },
    {
      "name": "Polyunsaturated",
      "amount": 4.01
    },
    {
      "name": "Omega-3",
      "amount": 0.28
    },
    {
      "name": "Omega-6",
      "amount": 3.46
    },
    {
      "name": "Cholesterol",
      "amount": 85.0
    },
    {
      "name": "ALA",
      "amount": 1.714
    },
    {
      "name": "ARG",
      "amount": 1.873
    },
    {
      "name": "ASP",
      "amount": 2.534
    },
    {
      "name": "CYS",
      "amount": 0.301
    },
    {
      "name": "GLU",
      "amount": 4.152
    },
    {
      "name": "GLY",
      "amount": 1.758
    },
    {
      "name": "HIS",
      "amount": 0.775
    },
    {
      "name": "ILE",
      "amount": 1.292
    },
    {
      "name": "LEU",
      "amount": 2.019
    },
    {
      "name": "LYS",
      "amount": 2.348
    },
    {
      "name": "MET",
      "amount": 0.728
    },
    {
      "name": "PHE",
      "amount": 1.024
    },
    {
      "name": "PRO",
      "amount": 1.309
    },
    {
      "name": "SER",
      "amount": 1.159
    },
    {
      "name": "THR",
      "amount": 1.139
    },
    {
      "name": "TRP",
      "amount": 0.286
    },
    {
      "name": "TYR",
      "amount": 0.975
    },
    {
      "name": "VAL",
      "amount": 1.358
    }
  ],
  "foodSource": "usda",
  "foodType": "deprecated"
}