{
  "name": "Turkey, young hen, breast, meat and skin, cooked, roasted",
  "sourceUID": 5248,
  "legacyUID": 5248,
  "pCF": 4.0,
  "cCF": 4.0,
  "lCF": 9.0,
  "comments": [],
  "measures": [
    {
      "grams": 1.0,
      "amount": 1.0,
      "description": "g"
    },
    {
      "grams": 109.0,
      "amount": 1.0,
      "description": "unit (yield from 1 lb ready-to-cook turkey)"
    },
    {
      "grams": 686.0,
      "amount": 0.5,
      "description": "breast, bone removed"
    }
  ],
  "nutrients": [
    {
      "name": "Energy",
      "amount": 194.0
    },
    {
      "name": "Protein",
      "amount": 28.8
    },
    {
      "name": "Carbs",
      "amount": 0.0
    },
    {
      "name": "Fiber",
      "amount": 0.0
    },
    {
      "name": "Fat",
      "amount": 7.86
    },
    {
      "name": "Water",
      "amount": 62.69
    },
    {
      "name": "Ash",
      "amount": 1.06
    },
    {
      "name": "Calcium",
      "amount": 22.0
    },
    {
      "name": "Copper",
      "amount": 0.043
    },
    {
      "name": "Iron",
      "amount": 1.36
    },
    {
      "name": "Magnesium",
      "amount": 26.0
    },
    {
      "name": "Manganese",
      "amount": 0.021
    },
    {
      "name": "Phosphorus",
      "amount": 210.0
    },
    {
      "name": "Potassium",
      "amount": 289.0
    },
    {
      "name": "Selenium",
      "amount": 27.9
    },
    {
      "name": "Sodium",
      "amount": 58.0
    },
    {
      "name": "Zinc",
      "amount": 1.97
    },
    {
      "name": "Vitamin A",
      "amount": 0.0
    },
    {
      "name": "Retinol",
      "amount": 0.0
    },
    {
      "name": "Folate",
      "amount": 6.0
    },
    {
      "name": "B1 (Thiamine)",
      "amount": 0.053
    },
    {
      "name": "B2 (Riboflavin)",
      "amount": 0.128
    },
    {
      "name": "B3 (Niacin)",
      "amount": 6.678
    },
    {
      "name": "B5 (Pantothenic Acid)",
      "amount": 0.62
    },
    {
      "name": "B6 (Pyridoxine)",
      "amount": 0.47
    },
    {
      "name": "B12 (Cyanocobalamin)",
      "amount": 0.35
    },
    {
      "name": "Vitamin C",
      "amount": 0.0
    },
    {
      "name": "Saturated",
      "amount": 2.25
    },
    {
      "name": "Monounsaturated",
      "amount": 2.5
    },
    {
      "name": "Polyunsaturated",
      "amount": 1.93
    },
    {
      "name": "Omega-3",
      "amount": 0.15000000000000002
    },
    {
      "name": "Omega-6",
      "amount": 1.52
    },
    {
      "name": "Cholesterol",
      "amount": 72.0
    },
    {
      "name": "ALA",
      "amount": 1.82
    },
    {
      "name": "ARG",
      "amount": 2.023
    },
    {
      "name": "ASP",
      "amount": 2.782
    },
    {
      "name": "CYS",
      "amount": 0.312
    },
    {
      "name": "GLU",
      "amount": 4.625
    },
    {
      "name": "GLY",
      "amount": 1.64
    },
    {
      "name": "HIS",
      "amount": 0.876
    },
    {
      "name": "ILE",
      "amount": 1.459
    },
    {
      "name": "LEU",
      "amount": 2.254
    },
    {
      "name": "LYS",
      "amount": 2.647
    },
    {
      "name": "MET",
      "amount": 0.817
    },
    {
      "name": "PHE",
      "amount": 1.131
    },
    {
      "name": "PRO",
      "amount": 1.298
    },
    {
      "name": "SER",
      "amount": 1.274
    },
    {
      "name": "THR",
      "amount": 1.264
    },
    {
      "name": "TRP",
      "amount": 0.321
    },
    {
      "name": "TYR",
      "amount": 1.105
    },
    {
      "name": "VAL",
      "amount": 1.508
    }
  ],
  "foodSource": "usda",
  "foodType": "deprecated"
}