{
  "name": "Turkey, young tom, meat only, cooked, roasted",
  "sourceUID": 5258,
  "legacyUID": 5258,
  "pCF": 4.0,
  "cCF": 4.0,
  "lCF": 9.0,
  "comments": [],
  "measures": [
    {
      "grams": 1.0,
      "amount": 1.0,
      "description": "g"
    },
    {
      "grams": 140.0,
      "amount": 1.0,
      "description": "cup, chopped or diced"
    },
    {
      "grams": 206.0,
      "amount": 1.0,
      "description": "unit (yield from 1 lb ready-to-cook turkey)"
    }
  ],
  "nutrients": [
    {
      "name": "Energy",
      "amount": 168.0
    },
    {
      "name": "Protein",
      "amount": 29.36
    },
    {
      "name": "Carbs",
      "amount": 0.0
    },
    {
      "name": "Fiber",
      "amount": 0.0
    },
    {
      "name": "Fat",
      "amount": 4.68
    },
    {
      "name": "Water",
      "amount": 65.05
    },
    {
      "name": "Ash",
      "amount": 1.03
    },
    {
      "name": "Calcium",
      "amount": 25.0
    },
    {
      "name": "Copper",
      "amount": 0.095
    },
    {
      "name": "Iron",
      "amount": 1.78
    },
    {
      "name": "Magnesium",
      "amount": 26.0
    },
    {
      "name": "Manganese",
      "amount": 0.02
    },
    {
      "name": "Phosphorus",
      "amount": 214.0
    },
    {
      "name": "Potassium",
      "amount": 301.0
    },
    {
      "name": "Selenium",
      "amount": 36.8
    },
    {
      "name": "Sodium",
      "amount": 74.0
    },
    {
      "name": "Zinc",
      "amount": 3.17
    },
    {
      "name": "Vitamin A",
      "amount": 0.0
    },
    {
      "name": "Retinol",
      "amount": 0.0
    },
    {
      "name": "Folate",
      "amount": 8.0
    },
    {
      "name": "B1 (Thiamine)",
      "amount": 0.068
    },
    {
      "name": "B2 (Riboflavin)",
      "amount": 0.188
    },
    {
      "name": "B3 (Niacin)",
      "amount": 5.265
    },
    {
      "name": "B5 (Pantothenic Acid)",
      "amount": 0.968
    },
    {
      "name": "B6 (Pyridoxine)",
      "amount": 0.47
    },
    {
      "name": "B12 (Cyanocobalamin)",
      "amount": 0.38
    },
    {
      "name": "Vitamin C",
      "amount": 0.0
    },
    {
      "name": "Saturated",
      "amount": 1.54
    },
    {
      "name": "Monounsaturated",
      "amount": 0.98
    },
    {
      "name": "Polyunsaturated",
      "amount": 1.35
    },
    {
      "name": "Omega-3",
      "amount": 0.1
    },
    {
      "name": "Omega-6",
      "amount": 1.03
    },
    {
      "name": "Cholesterol",
      "amount": 77.0
    },
    {
      "name": "ALA",
      "amount": 1.818
    },
    {
      "name": "ARG",
      "amount": 2.048
    },
    {
      "name": "ASP",
      "amount": 2.851
    },
    {
      "name": "CYS",
      "amount": 0.305
    },
    {
      "name": "GLU",
      "amount": 4.791
    },
    {
      "name": "GLY",
      "amount": 1.456
    },
    {
      "name": "HIS",
      "amount": 0.916
    },
    {
      "name": "ILE",
      "amount": 1.527
    },
    {
      "name": "LEU",
      "amount": 2.339
    },
    {
      "name": "LYS",
      "amount": 2.767
    },
    {
      "name": "MET",
      "amount": 0.85
    },
    {
      "name": "PHE",
      "amount": 1.165
    },
    {
      "name": "PRO",
      "amount": 1.221
    },
    {
      "name": "SER",
      "amount": 1.306
    },
    {
      "name": "THR",
      "amount": 1.306
    },
    {
      "name": "TRP",
      "amount": 0.333
    },
    {
      "name": "TYR",
      "amount": 1.16
    },
    {
      "name": "VAL",
      "amount": 1.559
    }
  ],
  "foodSource": "usda",
  "foodType": "deprecated"
}