{
  "name": "Turkey, young tom, skin only, raw",
  "sourceUID": 5259,
  "legacyUID": 5259,
  "pCF": 4.0,
  "cCF": 4.0,
  "lCF": 9.0,
  "comments": [],
  "measures": [
    {
      "grams": 1.0,
      "amount": 1.0,
      "description": "g"
    },
    {
      "grams": 51.0,
      "amount": 1.0,
      "description": "unit (yield from 1 lb ready-to-cook turkey)"
    },
    {
      "grams": 592.0,
      "amount": 0.5,
      "description": "turkey, skin only"
    }
  ],
  "nutrients": [
    {
      "name": "Energy",
      "amount": 368.0
    },
    {
      "name": "Protein",
      "amount": 13.24
    },
    {
      "name": "Carbs",
      "amount": 0.0
    },
    {
      "name": "Fiber",
      "amount": 0.0
    },
    {
      "name": "Fat",
      "amount": 34.56
    },
    {
      "name": "Water",
      "amount": 51.25
    },
    {
      "name": "Ash",
      "amount": 0.39
    },
    {
      "name": "Calcium",
      "amount": 18.0
    },
    {
      "name": "Copper",
      "amount": 0.068
    },
    {
      "name": "Iron",
      "amount": 1.2
    },
    {
      "name": "Magnesium",
      "amount": 8.0
    },
    {
      "name": "Manganese",
      "amount": 0.009
    },
    {
      "name": "Phosphorus",
      "amount": 82.0
    },
    {
      "name": "Potassium",
      "amount": 96.0
    },
    {
      "name": "Selenium",
      "amount": 13.0
    },
    {
      "name": "Sodium",
      "amount": 40.0
    },
    {
      "name": "Zinc",
      "amount": 1.26
    },
    {
      "name": "Vitamin A",
      "amount": 49.0
    },
    {
      "name": "Retinol",
      "amount": 15.0
    },
    {
      "name": "Folate",
      "amount": 4.0
    },
    {
      "name": "B1 (Thiamine)",
      "amount": 0.019
    },
    {
      "name": "B2 (Riboflavin)",
      "amount": 0.079
    },
    {
      "name": "B3 (Niacin)",
      "amount": 1.568
    },
    {
      "name": "B5 (Pantothenic Acid)",
      "amount": 0.263
    },
    {
      "name": "B6 (Pyridoxine)",
      "amount": 0.07
    },
    {
      "name": "B12 (Cyanocobalamin)",
      "amount": 0.25
    },
    {
      "name": "Vitamin C",
      "amount": 0.0
    },
    {
      "name": "Saturated",
      "amount": 9.02
    },
    {
      "name": "Monounsaturated",
      "amount": 14.73
    },
    {
      "name": "Polyunsaturated",
      "amount": 7.92
    },
    {
      "name": "Omega-3",
      "amount": 0.53
    },
    {
      "name": "Omega-6",
      "amount": 7.16
    },
    {
      "name": "Cholesterol",
      "amount": 95.0
    },
    {
      "name": "ALA",
      "amount": 1.074
    },
    {
      "name": "ARG",
      "amount": 1.021
    },
    {
      "name": "ASP",
      "amount": 1.184
    },
    {
      "name": "CYS",
      "amount": 0.22
    },
    {
      "name": "GLU",
      "amount": 1.646
    },
    {
      "name": "GLY",
      "amount": 2.112
    },
    {
      "name": "HIS",
      "amount": 0.254
    },
    {
      "name": "ILE",
      "amount": 0.426
    },
    {
      "name": "LEU",
      "amount": 0.777
    },
    {
      "name": "LYS",
      "amount": 0.79
    },
    {
      "name": "MET",
      "amount": 0.265
    },
    {
      "name": "PHE",
      "amount": 0.447
    },
    {
      "name": "PRO",
      "amount": 1.235
    },
    {
      "name": "SER",
      "amount": 0.538
    },
    {
      "name": "THR",
      "amount": 0.472
    },
    {
      "name": "TRP",
      "amount": 0.106
    },
    {
      "name": "TYR",
      "amount": 0.301
    },
    {
      "name": "VAL",
      "amount": 0.557
    }
  ],
  "foodSource": "usda",
  "foodType": "deprecated"
}