{
  "name": "Turkey, young tom, meat only, raw",
  "sourceUID": 5257,
  "legacyUID": 5257,
  "pCF": 4.0,
  "cCF": 4.0,
  "lCF": 9.0,
  "comments": [],
  "measures": [
    {
      "grams": 1.0,
      "amount": 1.0,
      "description": "g"
    },
    {
      "grams": 286.0,
      "amount": 1.0,
      "description": "unit (yield from 1 lb ready-to-cook turkey)"
    },
    {
      "grams": 3302.0,
      "amount": 0.5,
      "description": "turkey, bone and skin removed"
    }
  ],
  "nutrients": [
    {
      "name": "Energy",
      "amount": 117.0
    },
    {
      "name": "Protein",
      "amount": 21.72
    },
    {
      "name": "Carbs",
      "amount": 0.0
    },
    {
      "name": "Fiber",
      "amount": 0.0
    },
    {
      "name": "Fat",
      "amount": 2.7
    },
    {
      "name": "Water",
      "amount": 74.38
    },
    {
      "name": "Ash",
      "amount": 0.97
    },
    {
      "name": "Calcium",
      "amount": 14.0
    },
    {
      "name": "Copper",
      "amount": 0.1
    },
    {
      "name": "Iron",
      "amount": 1.3
    },
    {
      "name": "Magnesium",
      "amount": 24.0
    },
    {
      "name": "Manganese",
      "amount": 0.019
    },
    {
      "name": "Phosphorus",
      "amount": 198.0
    },
    {
      "name": "Potassium",
      "amount": 302.0
    },
    {
      "name": "Selenium",
      "amount": 26.5
    },
    {
      "name": "Sodium",
      "amount": 73.0
    },
    {
      "name": "Zinc",
      "amount": 2.46
    },
    {
      "name": "Vitamin A",
      "amount": 0.0
    },
    {
      "name": "Retinol",
      "amount": 0.0
    },
    {
      "name": "Folate",
      "amount": 9.0
    },
    {
      "name": "B1 (Thiamine)",
      "amount": 0.079
    },
    {
      "name": "B2 (Riboflavin)",
      "amount": 0.165
    },
    {
      "name": "B3 (Niacin)",
      "amount": 4.768
    },
    {
      "name": "B5 (Pantothenic Acid)",
      "amount": 0.902
    },
    {
      "name": "B6 (Pyridoxine)",
      "amount": 0.47
    },
    {
      "name": "B12 (Cyanocobalamin)",
      "amount": 0.43
    },
    {
      "name": "Vitamin C",
      "amount": 0.0
    },
    {
      "name": "Saturated",
      "amount": 0.89
    },
    {
      "name": "Monounsaturated",
      "amount": 0.57
    },
    {
      "name": "Polyunsaturated",
      "amount": 0.78
    },
    {
      "name": "Omega-3",
      "amount": 0.06
    },
    {
      "name": "Omega-6",
      "amount": 0.6
    },
    {
      "name": "Cholesterol",
      "amount": 68.0
    },
    {
      "name": "ALA",
      "amount": 1.345
    },
    {
      "name": "ARG",
      "amount": 1.515
    },
    {
      "name": "ASP",
      "amount": 2.109
    },
    {
      "name": "CYS",
      "amount": 0.226
    },
    {
      "name": "GLU",
      "amount": 3.544
    },
    {
      "name": "GLY",
      "amount": 1.077
    },
    {
      "name": "HIS",
      "amount": 0.678
    },
    {
      "name": "ILE",
      "amount": 1.129
    },
    {
      "name": "LEU",
      "amount": 1.731
    },
    {
      "name": "LYS",
      "amount": 2.047
    },
    {
      "name": "MET",
      "amount": 0.629
    },
    {
      "name": "PHE",
      "amount": 0.862
    },
    {
      "name": "PRO",
      "amount": 0.903
    },
    {
      "name": "SER",
      "amount": 0.966
    },
    {
      "name": "THR",
      "amount": 0.966
    },
    {
      "name": "TRP",
      "amount": 0.247
    },
    {
      "name": "TYR",
      "amount": 0.858
    },
    {
      "name": "VAL",
      "amount": 1.154
    }
  ],
  "foodSource": "usda",
  "foodType": "deprecated"
}