{
  "name": "Turkey, young tom, meat and skin, cooked, roasted",
  "sourceUID": 5256,
  "legacyUID": 5256,
  "pCF": 4.0,
  "cCF": 4.0,
  "lCF": 9.0,
  "comments": [],
  "measures": [
    {
      "grams": 1.0,
      "amount": 1.0,
      "description": "g"
    },
    {
      "grams": 239.0,
      "amount": 1.0,
      "description": "unit (yield from 1 lb ready-to-cook turkey)"
    },
    {
      "grams": 2750.0,
      "amount": 0.5,
      "description": "turkey, bone removed"
    }
  ],
  "nutrients": [
    {
      "name": "Energy",
      "amount": 202.0
    },
    {
      "name": "Protein",
      "amount": 28.09
    },
    {
      "name": "Carbs",
      "amount": 0.0
    },
    {
      "name": "Fiber",
      "amount": 0.0
    },
    {
      "name": "Fat",
      "amount": 9.06
    },
    {
      "name": "Water",
      "amount": 61.92
    },
    {
      "name": "Ash",
      "amount": 0.99
    },
    {
      "name": "Calcium",
      "amount": 27.0
    },
    {
      "name": "Copper",
      "amount": 0.094
    },
    {
      "name": "Fluoride",
      "amount": 20.9
    },
    {
      "name": "Iron",
      "amount": 1.78
    },
    {
      "name": "Magnesium",
      "amount": 25.0
    },
    {
      "name": "Manganese",
      "amount": 0.02
    },
    {
      "name": "Phosphorus",
      "amount": 203.0
    },
    {
      "name": "Potassium",
      "amount": 282.0
    },
    {
      "name": "Selenium",
      "amount": 34.5
    },
    {
      "name": "Sodium",
      "amount": 72.0
    },
    {
      "name": "Zinc",
      "amount": 3.02
    },
    {
      "name": "Vitamin A",
      "amount": 0.0
    },
    {
      "name": "Folate",
      "amount": 7.0
    },
    {
      "name": "B1 (Thiamine)",
      "amount": 0.062
    },
    {
      "name": "B2 (Riboflavin)",
      "amount": 0.183
    },
    {
      "name": "B3 (Niacin)",
      "amount": 4.9
    },
    {
      "name": "B5 (Pantothenic Acid)",
      "amount": 0.879
    },
    {
      "name": "B6 (Pyridoxine)",
      "amount": 0.42
    },
    {
      "name": "B12 (Cyanocobalamin)",
      "amount": 0.36
    },
    {
      "name": "Vitamin C",
      "amount": 0.0
    },
    {
      "name": "Saturated",
      "amount": 2.64
    },
    {
      "name": "Monounsaturated",
      "amount": 2.98
    },
    {
      "name": "Polyunsaturated",
      "amount": 2.31
    },
    {
      "name": "Omega-3",
      "amount": 0.18
    },
    {
      "name": "Omega-6",
      "amount": 1.92
    },
    {
      "name": "Cholesterol",
      "amount": 82.0
    },
    {
      "name": "ALA",
      "amount": 1.792
    },
    {
      "name": "ARG",
      "amount": 1.98
    },
    {
      "name": "ASP",
      "amount": 2.707
    },
    {
      "name": "CYS",
      "amount": 0.309
    },
    {
      "name": "GLU",
      "amount": 4.478
    },
    {
      "name": "GLY",
      "amount": 1.694
    },
    {
      "name": "HIS",
      "amount": 0.844
    },
    {
      "name": "ILE",
      "amount": 1.407
    },
    {
      "name": "LEU",
      "amount": 2.181
    },
    {
      "name": "LYS",
      "amount": 2.553
    },
    {
      "name": "MET",
      "amount": 0.789
    },
    {
      "name": "PHE",
      "amount": 1.099
    },
    {
      "name": "PRO",
      "amount": 1.31
    },
    {
      "name": "SER",
      "amount": 1.239
    },
    {
      "name": "THR",
      "amount": 1.226
    },
    {
      "name": "TRP",
      "amount": 0.31
    },
    {
      "name": "TYR",
      "amount": 1.064
    },
    {
      "name": "VAL",
      "amount": 1.462
    }
  ],
  "foodSource": "usda",
  "foodType": "deprecated"
}