{
  "name": "Turkey, young hen, wing, meat and skin, cooked, roasted",
  "sourceUID": 5252,
  "legacyUID": 5252,
  "pCF": 4.0,
  "cCF": 4.0,
  "lCF": 9.0,
  "comments": [],
  "measures": [
    {
      "grams": 1.0,
      "amount": 1.0,
      "description": "g"
    },
    {
      "grams": 28.0,
      "amount": 1.0,
      "description": "unit (yield from 1 lb ready-to-cook turkey)"
    },
    {
      "grams": 174.0,
      "amount": 1.0,
      "description": "wing, bone removed"
    }
  ],
  "nutrients": [
    {
      "name": "Energy",
      "amount": 238.0
    },
    {
      "name": "Protein",
      "amount": 27.3
    },
    {
      "name": "Carbs",
      "amount": 0.0
    },
    {
      "name": "Fiber",
      "amount": 0.0
    },
    {
      "name": "Fat",
      "amount": 13.46
    },
    {
      "name": "Water",
      "amount": 58.53
    },
    {
      "name": "Ash",
      "amount": 0.99
    },
    {
      "name": "Calcium",
      "amount": 24.0
    },
    {
      "name": "Copper",
      "amount": 0.049
    },
    {
      "name": "Iron",
      "amount": 1.43
    },
    {
      "name": "Magnesium",
      "amount": 25.0
    },
    {
      "name": "Manganese",
      "amount": 0.021
    },
    {
      "name": "Phosphorus",
      "amount": 198.0
    },
    {
      "name": "Potassium",
      "amount": 268.0
    },
    {
      "name": "Selenium",
      "amount": 27.6
    },
    {
      "name": "Sodium",
      "amount": 56.0
    },
    {
      "name": "Zinc",
      "amount": 1.99
    },
    {
      "name": "Vitamin A",
      "amount": 0.0
    },
    {
      "name": "Retinol",
      "amount": 0.0
    },
    {
      "name": "Folate",
      "amount": 5.0
    },
    {
      "name": "B1 (Thiamine)",
      "amount": 0.048
    },
    {
      "name": "B2 (Riboflavin)",
      "amount": 0.128
    },
    {
      "name": "B3 (Niacin)",
      "amount": 6.084
    },
    {
      "name": "B5 (Pantothenic Acid)",
      "amount": 0.57
    },
    {
      "name": "B6 (Pyridoxine)",
      "amount": 0.41
    },
    {
      "name": "B12 (Cyanocobalamin)",
      "amount": 0.33
    },
    {
      "name": "Vitamin C",
      "amount": 0.0
    },
    {
      "name": "Saturated",
      "amount": 3.68
    },
    {
      "name": "Monounsaturated",
      "amount": 5.02
    },
    {
      "name": "Polyunsaturated",
      "amount": 3.19
    },
    {
      "name": "Omega-3",
      "amount": 0.24
    },
    {
      "name": "Omega-6",
      "amount": 2.7
    },
    {
      "name": "Cholesterol",
      "amount": 77.0
    },
    {
      "name": "ALA",
      "amount": 1.778
    },
    {
      "name": "ARG",
      "amount": 1.938
    },
    {
      "name": "ASP",
      "amount": 2.616
    },
    {
      "name": "CYS",
      "amount": 0.312
    },
    {
      "name": "GLU",
      "amount": 4.279
    },
    {
      "name": "GLY",
      "amount": 1.854
    },
    {
      "name": "HIS",
      "amount": 0.797
    },
    {
      "name": "ILE",
      "amount": 1.329
    },
    {
      "name": "LEU",
      "amount": 2.08
    },
    {
      "name": "LYS",
      "amount": 2.416
    },
    {
      "name": "MET",
      "amount": 0.75
    },
    {
      "name": "PHE",
      "amount": 1.056
    },
    {
      "name": "PRO",
      "amount": 1.371
    },
    {
      "name": "SER",
      "amount": 1.197
    },
    {
      "name": "THR",
      "amount": 1.175
    },
    {
      "name": "TRP",
      "amount": 0.295
    },
    {
      "name": "TYR",
      "amount": 1.002
    },
    {
      "name": "VAL",
      "amount": 1.4
    }
  ],
  "foodSource": "usda",
  "foodType": "deprecated"
}