{
  "name": "Turkey, young tom, meat and skin and giblets and neck, cooked, roasted",
  "sourceUID": 5254,
  "legacyUID": 5254,
  "pCF": 4.0,
  "cCF": 4.0,
  "lCF": 9.0,
  "comments": [],
  "measures": [
    {
      "grams": 1.0,
      "amount": 1.0,
      "description": "g"
    },
    {
      "grams": 258.0,
      "amount": 1.0,
      "description": "unit (yield from 1 lb ready-to-cook turkey)"
    },
    {
      "grams": 5957.0,
      "amount": 1.0,
      "description": "turkey"
    }
  ],
  "nutrients": [
    {
      "name": "Energy",
      "amount": 199.0
    },
    {
      "name": "Protein",
      "amount": 27.97
    },
    {
      "name": "Carbs",
      "amount": 0.1
    },
    {
      "name": "Fiber",
      "amount": 0.0
    },
    {
      "name": "Fat",
      "amount": 8.81
    },
    {
      "name": "Water",
      "amount": 62.18
    },
    {
      "name": "Ash",
      "amount": 0.97
    },
    {
      "name": "Calcium",
      "amount": 26.0
    },
    {
      "name": "Copper",
      "amount": 0.105
    },
    {
      "name": "Iron",
      "amount": 2.0
    },
    {
      "name": "Magnesium",
      "amount": 24.0
    },
    {
      "name": "Manganese",
      "amount": 0.026
    },
    {
      "name": "Phosphorus",
      "amount": 201.0
    },
    {
      "name": "Potassium",
      "amount": 276.0
    },
    {
      "name": "Selenium",
      "amount": 32.9
    },
    {
      "name": "Sodium",
      "amount": 72.0
    },
    {
      "name": "Zinc",
      "amount": 3.24
    },
    {
      "name": "Vitamin A",
      "amount": 285.0
    },
    {
      "name": "Retinol",
      "amount": 86.0
    },
    {
      "name": "Folate",
      "amount": 20.0
    },
    {
      "name": "B1 (Thiamine)",
      "amount": 0.061
    },
    {
      "name": "B2 (Riboflavin)",
      "amount": 0.211
    },
    {
      "name": "B3 (Niacin)",
      "amount": 4.759
    },
    {
      "name": "B5 (Pantothenic Acid)",
      "amount": 0.972
    },
    {
      "name": "B6 (Pyridoxine)",
      "amount": 0.41
    },
    {
      "name": "B12 (Cyanocobalamin)",
      "amount": 1.27
    },
    {
      "name": "Vitamin C",
      "amount": 0.1
    },
    {
      "name": "Saturated",
      "amount": 2.58
    },
    {
      "name": "Monounsaturated",
      "amount": 2.86
    },
    {
      "name": "Polyunsaturated",
      "amount": 2.26
    },
    {
      "name": "Omega-3",
      "amount": 0.16
    },
    {
      "name": "Omega-6",
      "amount": 1.87
    },
    {
      "name": "Cholesterol",
      "amount": 96.0
    },
    {
      "name": "ALA",
      "amount": 1.77
    },
    {
      "name": "ARG",
      "amount": 1.967
    },
    {
      "name": "ASP",
      "amount": 2.694
    },
    {
      "name": "CYS",
      "amount": 0.309
    },
    {
      "name": "GLU",
      "amount": 4.454
    },
    {
      "name": "GLY",
      "amount": 1.67
    },
    {
      "name": "HIS",
      "amount": 0.836
    },
    {
      "name": "ILE",
      "amount": 1.404
    },
    {
      "name": "LEU",
      "amount": 2.177
    },
    {
      "name": "LYS",
      "amount": 2.53
    },
    {
      "name": "MET",
      "amount": 0.784
    },
    {
      "name": "PHE",
      "amount": 1.101
    },
    {
      "name": "PRO",
      "amount": 1.303
    },
    {
      "name": "SER",
      "amount": 1.233
    },
    {
      "name": "THR",
      "amount": 1.223
    },
    {
      "name": "TRP",
      "amount": 0.31
    },
    {
      "name": "TYR",
      "amount": 1.057
    },
    {
      "name": "VAL",
      "amount": 1.459
    }
  ],
  "foodSource": "usda",
  "foodType": "deprecated"
}