{
  "name": "Turkey, young tom, meat and skin, raw",
  "sourceUID": 5255,
  "legacyUID": 5255,
  "pCF": 4.0,
  "cCF": 4.0,
  "lCF": 9.0,
  "comments": [],
  "measures": [
    {
      "grams": 1.0,
      "amount": 1.0,
      "description": "g"
    },
    {
      "grams": 338.0,
      "amount": 1.0,
      "description": "unit (yield from 1 lb ready-to-cook turkey)"
    },
    {
      "grams": 3895.0,
      "amount": 0.5,
      "description": "turkey, bone removed"
    }
  ],
  "nutrients": [
    {
      "name": "Energy",
      "amount": 154.0
    },
    {
      "name": "Protein",
      "amount": 20.45
    },
    {
      "name": "Carbs",
      "amount": 0.0
    },
    {
      "name": "Fiber",
      "amount": 0.0
    },
    {
      "name": "Fat",
      "amount": 7.43
    },
    {
      "name": "Water",
      "amount": 70.96
    },
    {
      "name": "Ash",
      "amount": 0.88
    },
    {
      "name": "Calcium",
      "amount": 15.0
    },
    {
      "name": "Copper",
      "amount": 0.095
    },
    {
      "name": "Iron",
      "amount": 1.28
    },
    {
      "name": "Magnesium",
      "amount": 22.0
    },
    {
      "name": "Manganese",
      "amount": 0.017
    },
    {
      "name": "Phosphorus",
      "amount": 180.0
    },
    {
      "name": "Potassium",
      "amount": 271.0
    },
    {
      "name": "Selenium",
      "amount": 24.5
    },
    {
      "name": "Sodium",
      "amount": 68.0
    },
    {
      "name": "Zinc",
      "amount": 2.28
    },
    {
      "name": "Vitamin A",
      "amount": 7.0
    },
    {
      "name": "Retinol",
      "amount": 2.0
    },
    {
      "name": "Folate",
      "amount": 8.0
    },
    {
      "name": "B1 (Thiamine)",
      "amount": 0.07
    },
    {
      "name": "B2 (Riboflavin)",
      "amount": 0.152
    },
    {
      "name": "B3 (Niacin)",
      "amount": 4.295
    },
    {
      "name": "B5 (Pantothenic Acid)",
      "amount": 0.805
    },
    {
      "name": "B6 (Pyridoxine)",
      "amount": 0.41
    },
    {
      "name": "B12 (Cyanocobalamin)",
      "amount": 0.4
    },
    {
      "name": "Vitamin C",
      "amount": 0.0
    },
    {
      "name": "Saturated",
      "amount": 2.1
    },
    {
      "name": "Monounsaturated",
      "amount": 2.68
    },
    {
      "name": "Polyunsaturated",
      "amount": 1.84
    },
    {
      "name": "Omega-3",
      "amount": 0.13
    },
    {
      "name": "Omega-6",
      "amount": 1.57
    },
    {
      "name": "Cholesterol",
      "amount": 72.0
    },
    {
      "name": "ALA",
      "amount": 1.305
    },
    {
      "name": "ARG",
      "amount": 1.442
    },
    {
      "name": "ASP",
      "amount": 1.971
    },
    {
      "name": "CYS",
      "amount": 0.225
    },
    {
      "name": "GLU",
      "amount": 3.26
    },
    {
      "name": "GLY",
      "amount": 1.236
    },
    {
      "name": "HIS",
      "amount": 0.614
    },
    {
      "name": "ILE",
      "amount": 1.024
    },
    {
      "name": "LEU",
      "amount": 1.588
    },
    {
      "name": "LYS",
      "amount": 1.858
    },
    {
      "name": "MET",
      "amount": 0.574
    },
    {
      "name": "PHE",
      "amount": 0.8
    },
    {
      "name": "PRO",
      "amount": 0.955
    },
    {
      "name": "SER",
      "amount": 0.902
    },
    {
      "name": "THR",
      "amount": 0.892
    },
    {
      "name": "TRP",
      "amount": 0.226
    },
    {
      "name": "TYR",
      "amount": 0.775
    },
    {
      "name": "VAL",
      "amount": 1.064
    }
  ],
  "foodSource": "usda",
  "foodType": "deprecated"
}