{
  "name": "Turkey, young hen, leg, meat and skin, cooked, roasted",
  "sourceUID": 5250,
  "legacyUID": 5250,
  "pCF": 4.0,
  "cCF": 4.0,
  "lCF": 9.0,
  "comments": [],
  "measures": [
    {
      "grams": 1.0,
      "amount": 1.0,
      "description": "g"
    },
    {
      "grams": 71.0,
      "amount": 1.0,
      "description": "unit (yield from 1 lb ready-to-cook turkey)"
    },
    {
      "grams": 448.0,
      "amount": 1.0,
      "description": "leg, bone removed"
    }
  ],
  "nutrients": [
    {
      "name": "Energy",
      "amount": 213.0
    },
    {
      "name": "Protein",
      "amount": 27.73
    },
    {
      "name": "Carbs",
      "amount": 0.0
    },
    {
      "name": "Fiber",
      "amount": 0.0
    },
    {
      "name": "Fat",
      "amount": 10.5
    },
    {
      "name": "Water",
      "amount": 60.73
    },
    {
      "name": "Ash",
      "amount": 0.99
    },
    {
      "name": "Calcium",
      "amount": 30.0
    },
    {
      "name": "Copper",
      "amount": 0.143
    },
    {
      "name": "Iron",
      "amount": 2.29
    },
    {
      "name": "Magnesium",
      "amount": 24.0
    },
    {
      "name": "Manganese",
      "amount": 0.024
    },
    {
      "name": "Phosphorus",
      "amount": 198.0
    },
    {
      "name": "Potassium",
      "amount": 282.0
    },
    {
      "name": "Selenium",
      "amount": 38.6
    },
    {
      "name": "Sodium",
      "amount": 73.0
    },
    {
      "name": "Zinc",
      "amount": 4.22
    },
    {
      "name": "Vitamin A",
      "amount": 0.0
    },
    {
      "name": "Retinol",
      "amount": 0.0
    },
    {
      "name": "Folate",
      "amount": 9.0
    },
    {
      "name": "B1 (Thiamine)",
      "amount": 0.056
    },
    {
      "name": "B2 (Riboflavin)",
      "amount": 0.227
    },
    {
      "name": "B3 (Niacin)",
      "amount": 3.689
    },
    {
      "name": "B5 (Pantothenic Acid)",
      "amount": 1.166
    },
    {
      "name": "B6 (Pyridoxine)",
      "amount": 0.32
    },
    {
      "name": "B12 (Cyanocobalamin)",
      "amount": 0.35
    },
    {
      "name": "Vitamin C",
      "amount": 0.0
    },
    {
      "name": "Saturated",
      "amount": 3.28
    },
    {
      "name": "Monounsaturated",
      "amount": 3.04
    },
    {
      "name": "Polyunsaturated",
      "amount": 2.91
    },
    {
      "name": "Omega-3",
      "amount": 0.22
    },
    {
      "name": "Omega-6",
      "amount": 2.43
    },
    {
      "name": "Cholesterol",
      "amount": 82.0
    },
    {
      "name": "ALA",
      "amount": 1.744
    },
    {
      "name": "ARG",
      "amount": 1.945
    },
    {
      "name": "ASP",
      "amount": 2.683
    },
    {
      "name": "CYS",
      "amount": 0.298
    },
    {
      "name": "GLU",
      "amount": 4.471
    },
    {
      "name": "GLY",
      "amount": 1.53
    },
    {
      "name": "HIS",
      "amount": 0.848
    },
    {
      "name": "ILE",
      "amount": 1.414
    },
    {
      "name": "LEU",
      "amount": 2.18
    },
    {
      "name": "LYS",
      "amount": 2.565
    },
    {
      "name": "MET",
      "amount": 0.79
    },
    {
      "name": "PHE",
      "amount": 1.092
    },
    {
      "name": "PRO",
      "amount": 1.226
    },
    {
      "name": "SER",
      "amount": 1.228
    },
    {
      "name": "THR",
      "amount": 1.221
    },
    {
      "name": "TRP",
      "amount": 0.31
    },
    {
      "name": "TYR",
      "amount": 1.072
    },
    {
      "name": "VAL",
      "amount": 1.457
    }
  ],
  "foodSource": "usda",
  "foodType": "deprecated"
}