{
  "name": "Turkey, young hen, wing, meat and skin, raw",
  "sourceUID": 5251,
  "legacyUID": 5251,
  "pCF": 4.0,
  "cCF": 4.0,
  "lCF": 9.0,
  "comments": [],
  "measures": [
    {
      "grams": 1.0,
      "amount": 1.0,
      "description": "g"
    },
    {
      "grams": 36.0,
      "amount": 1.0,
      "description": "unit (yield from 1 lb ready-to-cook turkey)"
    },
    {
      "grams": 224.0,
      "amount": 1.0,
      "description": "wing, bone removed"
    }
  ],
  "nutrients": [
    {
      "name": "Energy",
      "amount": 210.0
    },
    {
      "name": "Protein",
      "amount": 19.93
    },
    {
      "name": "Carbs",
      "amount": 0.0
    },
    {
      "name": "Fiber",
      "amount": 0.0
    },
    {
      "name": "Fat",
      "amount": 13.87
    },
    {
      "name": "Water",
      "amount": 65.18
    },
    {
      "name": "Ash",
      "amount": 0.81
    },
    {
      "name": "Calcium",
      "amount": 14.0
    },
    {
      "name": "Copper",
      "amount": 0.081
    },
    {
      "name": "Iron",
      "amount": 1.43
    },
    {
      "name": "Magnesium",
      "amount": 21.0
    },
    {
      "name": "Manganese",
      "amount": 0.02
    },
    {
      "name": "Phosphorus",
      "amount": 162.0
    },
    {
      "name": "Potassium",
      "amount": 238.0
    },
    {
      "name": "Selenium",
      "amount": 21.5
    },
    {
      "name": "Sodium",
      "amount": 51.0
    },
    {
      "name": "Zinc",
      "amount": 1.49
    },
    {
      "name": "Vitamin A",
      "amount": 8.0
    },
    {
      "name": "Retinol",
      "amount": 2.0
    },
    {
      "name": "Folate",
      "amount": 7.0
    },
    {
      "name": "B1 (Thiamine)",
      "amount": 0.047
    },
    {
      "name": "B2 (Riboflavin)",
      "amount": 0.116
    },
    {
      "name": "B3 (Niacin)",
      "amount": 4.295
    },
    {
      "name": "B5 (Pantothenic Acid)",
      "amount": 0.547
    },
    {
      "name": "B6 (Pyridoxine)",
      "amount": 0.4
    },
    {
      "name": "B12 (Cyanocobalamin)",
      "amount": 0.38
    },
    {
      "name": "Vitamin C",
      "amount": 0.0
    },
    {
      "name": "Saturated",
      "amount": 3.68
    },
    {
      "name": "Monounsaturated",
      "amount": 5.62
    },
    {
      "name": "Polyunsaturated",
      "amount": 3.22
    },
    {
      "name": "Omega-3",
      "amount": 0.22
    },
    {
      "name": "Omega-6",
      "amount": 2.84
    },
    {
      "name": "Cholesterol",
      "amount": 65.0
    },
    {
      "name": "ALA",
      "amount": 1.305
    },
    {
      "name": "ARG",
      "amount": 1.417
    },
    {
      "name": "ASP",
      "amount": 1.907
    },
    {
      "name": "CYS",
      "amount": 0.23
    },
    {
      "name": "GLU",
      "amount": 3.109
    },
    {
      "name": "GLY",
      "amount": 1.395
    },
    {
      "name": "HIS",
      "amount": 0.578
    },
    {
      "name": "ILE",
      "amount": 0.963
    },
    {
      "name": "LEU",
      "amount": 1.511
    },
    {
      "name": "LYS",
      "amount": 1.75
    },
    {
      "name": "MET",
      "amount": 0.544
    },
    {
      "name": "PHE",
      "amount": 0.769
    },
    {
      "name": "PRO",
      "amount": 1.02
    },
    {
      "name": "SER",
      "amount": 0.872
    },
    {
      "name": "THR",
      "amount": 0.854
    },
    {
      "name": "TRP",
      "amount": 0.214
    },
    {
      "name": "TYR",
      "amount": 0.725
    },
    {
      "name": "VAL",
      "amount": 1.018
    }
  ],
  "foodSource": "usda",
  "foodType": "deprecated"
}