{
  "name": "Turkey, young tom, meat and skin and giblets and neck, raw",
  "sourceUID": 5253,
  "legacyUID": 5253,
  "pCF": 4.0,
  "cCF": 4.0,
  "lCF": 9.0,
  "comments": [],
  "measures": [
    {
      "grams": 1.0,
      "amount": 1.0,
      "description": "g"
    },
    {
      "grams": 8399.0,
      "amount": 1.0,
      "description": "turkey"
    }
  ],
  "nutrients": [
    {
      "name": "Energy",
      "amount": 152.0
    },
    {
      "name": "Protein",
      "amount": 20.39
    },
    {
      "name": "Carbs",
      "amount": 0.08
    },
    {
      "name": "Fiber",
      "amount": 0.0
    },
    {
      "name": "Fat",
      "amount": 7.21
    },
    {
      "name": "Water",
      "amount": 71.14
    },
    {
      "name": "Ash",
      "amount": 0.89
    },
    {
      "name": "Calcium",
      "amount": 15.0
    },
    {
      "name": "Copper",
      "amount": 0.106
    },
    {
      "name": "Iron",
      "amount": 1.5
    },
    {
      "name": "Magnesium",
      "amount": 22.0
    },
    {
      "name": "Manganese",
      "amount": 0.022
    },
    {
      "name": "Phosphorus",
      "amount": 182.0
    },
    {
      "name": "Potassium",
      "amount": 274.0
    },
    {
      "name": "Selenium",
      "amount": 23.3
    },
    {
      "name": "Sodium",
      "amount": 70.0
    },
    {
      "name": "Zinc",
      "amount": 2.39
    },
    {
      "name": "Vitamin A",
      "amount": 289.0
    },
    {
      "name": "Retinol",
      "amount": 87.0
    },
    {
      "name": "Folate",
      "amount": 22.0
    },
    {
      "name": "B1 (Thiamine)",
      "amount": 0.071
    },
    {
      "name": "B2 (Riboflavin)",
      "amount": 0.193
    },
    {
      "name": "B3 (Niacin)",
      "amount": 4.334
    },
    {
      "name": "B5 (Pantothenic Acid)",
      "amount": 0.943
    },
    {
      "name": "B6 (Pyridoxine)",
      "amount": 0.41
    },
    {
      "name": "B12 (Cyanocobalamin)",
      "amount": 1.55
    },
    {
      "name": "Vitamin C",
      "amount": 0.2
    },
    {
      "name": "Saturated",
      "amount": 2.05
    },
    {
      "name": "Monounsaturated",
      "amount": 2.55
    },
    {
      "name": "Polyunsaturated",
      "amount": 1.79
    },
    {
      "name": "Omega-3",
      "amount": 0.12
    },
    {
      "name": "Omega-6",
      "amount": 1.52
    },
    {
      "name": "Cholesterol",
      "amount": 81.0
    },
    {
      "name": "ALA",
      "amount": 1.29
    },
    {
      "name": "ARG",
      "amount": 1.434
    },
    {
      "name": "ASP",
      "amount": 1.964
    },
    {
      "name": "CYS",
      "amount": 0.226
    },
    {
      "name": "GLU",
      "amount": 3.244
    },
    {
      "name": "GLY",
      "amount": 1.221
    },
    {
      "name": "HIS",
      "amount": 0.608
    },
    {
      "name": "ILE",
      "amount": 1.023
    },
    {
      "name": "LEU",
      "amount": 1.588
    },
    {
      "name": "LYS",
      "amount": 1.842
    },
    {
      "name": "MET",
      "amount": 0.57
    },
    {
      "name": "PHE",
      "amount": 0.803
    },
    {
      "name": "PRO",
      "amount": 0.952
    },
    {
      "name": "SER",
      "amount": 0.899
    },
    {
      "name": "THR",
      "amount": 0.891
    },
    {
      "name": "TRP",
      "amount": 0.226
    },
    {
      "name": "TYR",
      "amount": 0.77
    },
    {
      "name": "VAL",
      "amount": 1.064
    }
  ],
  "foodSource": "usda",
  "foodType": "deprecated"
}