{
  "name": "Turkey, young tom, skin only, cooked, roasted",
  "sourceUID": 5260,
  "legacyUID": 5260,
  "pCF": 4.0,
  "cCF": 4.0,
  "lCF": 9.0,
  "comments": [],
  "measures": [
    {
      "grams": 1.0,
      "amount": 1.0,
      "description": "g"
    },
    {
      "grams": 32.0,
      "amount": 1.0,
      "description": "unit (yield from 1 lb ready-to-cook turkey)"
    },
    {
      "grams": 374.0,
      "amount": 0.5,
      "description": "turkey, skin only"
    }
  ],
  "nutrients": [
    {
      "name": "Energy",
      "amount": 422.0
    },
    {
      "name": "Protein",
      "amount": 20.14
    },
    {
      "name": "Carbs",
      "amount": 0.0
    },
    {
      "name": "Fiber",
      "amount": 0.0
    },
    {
      "name": "Fat",
      "amount": 37.25
    },
    {
      "name": "Water",
      "amount": 41.54
    },
    {
      "name": "Ash",
      "amount": 0.67
    },
    {
      "name": "Calcium",
      "amount": 37.0
    },
    {
      "name": "Copper",
      "amount": 0.087
    },
    {
      "name": "Iron",
      "amount": 1.76
    },
    {
      "name": "Magnesium",
      "amount": 17.0
    },
    {
      "name": "Manganese",
      "amount": 0.021
    },
    {
      "name": "Phosphorus",
      "amount": 140.0
    },
    {
      "name": "Potassium",
      "amount": 161.0
    },
    {
      "name": "Selenium",
      "amount": 152.9
    },
    {
      "name": "Sodium",
      "amount": 60.0
    },
    {
      "name": "Zinc",
      "amount": 2.08
    },
    {
      "name": "Vitamin A",
      "amount": 0.0
    },
    {
      "name": "Retinol",
      "amount": 0.0
    },
    {
      "name": "Folate",
      "amount": 4.0
    },
    {
      "name": "B1 (Thiamine)",
      "amount": 0.022
    },
    {
      "name": "B2 (Riboflavin)",
      "amount": 0.155
    },
    {
      "name": "B3 (Niacin)",
      "amount": 2.534
    },
    {
      "name": "B5 (Pantothenic Acid)",
      "amount": 0.316
    },
    {
      "name": "B6 (Pyridoxine)",
      "amount": 0.08
    },
    {
      "name": "B12 (Cyanocobalamin)",
      "amount": 0.25
    },
    {
      "name": "Vitamin C",
      "amount": 0.0
    },
    {
      "name": "Saturated",
      "amount": 9.72
    },
    {
      "name": "Monounsaturated",
      "amount": 15.87
    },
    {
      "name": "Polyunsaturated",
      "amount": 8.53
    },
    {
      "name": "Omega-3",
      "amount": 0.57
    },
    {
      "name": "Omega-6",
      "amount": 7.71
    },
    {
      "name": "Cholesterol",
      "amount": 117.0
    },
    {
      "name": "ALA",
      "amount": 1.634
    },
    {
      "name": "ARG",
      "amount": 1.553
    },
    {
      "name": "ASP",
      "amount": 1.801
    },
    {
      "name": "CYS",
      "amount": 0.335
    },
    {
      "name": "GLU",
      "amount": 2.503
    },
    {
      "name": "GLY",
      "amount": 3.212
    },
    {
      "name": "HIS",
      "amount": 0.387
    },
    {
      "name": "ILE",
      "amount": 0.648
    },
    {
      "name": "LEU",
      "amount": 1.182
    },
    {
      "name": "LYS",
      "amount": 1.202
    },
    {
      "name": "MET",
      "amount": 0.403
    },
    {
      "name": "PHE",
      "amount": 0.68
    },
    {
      "name": "PRO",
      "amount": 1.878
    },
    {
      "name": "SER",
      "amount": 0.818
    },
    {
      "name": "THR",
      "amount": 0.719
    },
    {
      "name": "TRP",
      "amount": 0.161
    },
    {
      "name": "TYR",
      "amount": 0.458
    },
    {
      "name": "VAL",
      "amount": 0.847
    }
  ],
  "foodSource": "usda",
  "foodType": "deprecated"
}