{
  "name": "Turkey, young tom, dark meat, meat only, cooked, roasted",
  "sourceUID": 5268,
  "legacyUID": 5268,
  "pCF": 4.0,
  "cCF": 4.0,
  "lCF": 9.0,
  "comments": [],
  "measures": [
    {
      "grams": 1.0,
      "amount": 1.0,
      "description": "g"
    },
    {
      "grams": 140.0,
      "amount": 1.0,
      "description": "cup, chopped or diced"
    },
    {
      "grams": 90.0,
      "amount": 1.0,
      "description": "unit (yield from 1 lb ready-to-cook turkey)"
    }
  ],
  "nutrients": [
    {
      "name": "Energy",
      "amount": 185.0
    },
    {
      "name": "Protein",
      "amount": 28.68
    },
    {
      "name": "Carbs",
      "amount": 0.0
    },
    {
      "name": "Fiber",
      "amount": 0.0
    },
    {
      "name": "Fat",
      "amount": 6.98
    },
    {
      "name": "Water",
      "amount": 63.07
    },
    {
      "name": "Ash",
      "amount": 1.01
    },
    {
      "name": "Calcium",
      "amount": 35.0
    },
    {
      "name": "Copper",
      "amount": 0.164
    },
    {
      "name": "Iron",
      "amount": 2.33
    },
    {
      "name": "Magnesium",
      "amount": 23.0
    },
    {
      "name": "Manganese",
      "amount": 0.022
    },
    {
      "name": "Phosphorus",
      "amount": 205.0
    },
    {
      "name": "Potassium",
      "amount": 293.0
    },
    {
      "name": "Selenium",
      "amount": 40.9
    },
    {
      "name": "Sodium",
      "amount": 82.0
    },
    {
      "name": "Zinc",
      "amount": 4.56
    },
    {
      "name": "Vitamin A",
      "amount": 0.0
    },
    {
      "name": "Retinol",
      "amount": 0.0
    },
    {
      "name": "Folate",
      "amount": 10.0
    },
    {
      "name": "B1 (Thiamine)",
      "amount": 0.068
    },
    {
      "name": "B2 (Riboflavin)",
      "amount": 0.261
    },
    {
      "name": "B3 (Niacin)",
      "amount": 3.563
    },
    {
      "name": "B5 (Pantothenic Acid)",
      "amount": 1.325
    },
    {
      "name": "B6 (Pyridoxine)",
      "amount": 0.37
    },
    {
      "name": "B12 (Cyanocobalamin)",
      "amount": 0.38
    },
    {
      "name": "Vitamin C",
      "amount": 0.0
    },
    {
      "name": "Saturated",
      "amount": 2.34
    },
    {
      "name": "Monounsaturated",
      "amount": 1.58
    },
    {
      "name": "Polyunsaturated",
      "amount": 2.09
    },
    {
      "name": "Omega-3",
      "amount": 0.15
    },
    {
      "name": "Omega-6",
      "amount": 1.69
    },
    {
      "name": "Cholesterol",
      "amount": 88.0
    },
    {
      "name": "ALA",
      "amount": 1.776
    },
    {
      "name": "ARG",
      "amount": 2.001
    },
    {
      "name": "ASP",
      "amount": 2.786
    },
    {
      "name": "CYS",
      "amount": 0.298
    },
    {
      "name": "GLU",
      "amount": 4.681
    },
    {
      "name": "GLY",
      "amount": 1.423
    },
    {
      "name": "HIS",
      "amount": 0.895
    },
    {
      "name": "ILE",
      "amount": 1.491
    },
    {
      "name": "LEU",
      "amount": 2.285
    },
    {
      "name": "LYS",
      "amount": 2.703
    },
    {
      "name": "MET",
      "amount": 0.831
    },
    {
      "name": "PHE",
      "amount": 1.138
    },
    {
      "name": "PRO",
      "amount": 1.193
    },
    {
      "name": "SER",
      "amount": 1.276
    },
    {
      "name": "THR",
      "amount": 1.276
    },
    {
      "name": "TRP",
      "amount": 0.326
    },
    {
      "name": "TYR",
      "amount": 1.133
    },
    {
      "name": "VAL",
      "amount": 1.524
    }
  ],
  "foodSource": "usda",
  "foodType": "deprecated"
}