{
  "name": "Turkey, young tom, dark meat, meat only, raw",
  "sourceUID": 5267,
  "legacyUID": 5267,
  "pCF": 4.0,
  "cCF": 4.0,
  "lCF": 9.0,
  "comments": [],
  "measures": [
    {
      "grams": 1.0,
      "amount": 1.0,
      "description": "g"
    },
    {
      "grams": 133.0,
      "amount": 1.0,
      "description": "unit (yield from 1 lb ready-to-cook turkey)"
    },
    {
      "grams": 1532.0,
      "amount": 0.5,
      "description": "turkey, bone and skin removed"
    }
  ],
  "nutrients": [
    {
      "name": "Energy",
      "amount": 123.0
    },
    {
      "name": "Protein",
      "amount": 20.04
    },
    {
      "name": "Carbs",
      "amount": 0.0
    },
    {
      "name": "Fiber",
      "amount": 0.0
    },
    {
      "name": "Fat",
      "amount": 4.11
    },
    {
      "name": "Water",
      "amount": 74.7
    },
    {
      "name": "Ash",
      "amount": 0.93
    },
    {
      "name": "Calcium",
      "amount": 17.0
    },
    {
      "name": "Copper",
      "amount": 0.141
    },
    {
      "name": "Iron",
      "amount": 1.62
    },
    {
      "name": "Magnesium",
      "amount": 21.0
    },
    {
      "name": "Manganese",
      "amount": 0.021
    },
    {
      "name": "Phosphorus",
      "amount": 185.0
    },
    {
      "name": "Potassium",
      "amount": 290.0
    },
    {
      "name": "Selenium",
      "amount": 28.6
    },
    {
      "name": "Sodium",
      "amount": 80.0
    },
    {
      "name": "Zinc",
      "amount": 3.38
    },
    {
      "name": "Vitamin A",
      "amount": 0.0
    },
    {
      "name": "Retinol",
      "amount": 0.0
    },
    {
      "name": "Folate",
      "amount": 11.0
    },
    {
      "name": "B1 (Thiamine)",
      "amount": 0.089
    },
    {
      "name": "B2 (Riboflavin)",
      "amount": 0.224
    },
    {
      "name": "B3 (Niacin)",
      "amount": 3.313
    },
    {
      "name": "B5 (Pantothenic Acid)",
      "amount": 1.153
    },
    {
      "name": "B6 (Pyridoxine)",
      "amount": 0.36
    },
    {
      "name": "B12 (Cyanocobalamin)",
      "amount": 0.4
    },
    {
      "name": "Vitamin C",
      "amount": 0.0
    },
    {
      "name": "Saturated",
      "amount": 1.38
    },
    {
      "name": "Monounsaturated",
      "amount": 0.93
    },
    {
      "name": "Polyunsaturated",
      "amount": 1.23
    },
    {
      "name": "Omega-3",
      "amount": 0.09
    },
    {
      "name": "Omega-6",
      "amount": 1.0
    },
    {
      "name": "Cholesterol",
      "amount": 75.0
    },
    {
      "name": "ALA",
      "amount": 1.241
    },
    {
      "name": "ARG",
      "amount": 1.398
    },
    {
      "name": "ASP",
      "amount": 1.947
    },
    {
      "name": "CYS",
      "amount": 0.208
    },
    {
      "name": "GLU",
      "amount": 3.271
    },
    {
      "name": "GLY",
      "amount": 0.994
    },
    {
      "name": "HIS",
      "amount": 0.625
    },
    {
      "name": "ILE",
      "amount": 1.042
    },
    {
      "name": "LEU",
      "amount": 1.597
    },
    {
      "name": "LYS",
      "amount": 1.889
    },
    {
      "name": "MET",
      "amount": 0.58
    },
    {
      "name": "PHE",
      "amount": 0.795
    },
    {
      "name": "PRO",
      "amount": 0.834
    },
    {
      "name": "SER",
      "amount": 0.892
    },
    {
      "name": "THR",
      "amount": 0.892
    },
    {
      "name": "TRP",
      "amount": 0.228
    },
    {
      "name": "TYR",
      "amount": 0.792
    },
    {
      "name": "VAL",
      "amount": 1.065
    }
  ],
  "foodSource": "usda",
  "foodType": "deprecated"
}