{
  "name": "Turkey, young tom, back, meat and skin, raw",
  "sourceUID": 5269,
  "legacyUID": 5269,
  "pCF": 4.0,
  "cCF": 4.0,
  "lCF": 9.0,
  "comments": [],
  "measures": [
    {
      "grams": 1.0,
      "amount": 1.0,
      "description": "g"
    },
    {
      "grams": 524.0,
      "amount": 0.5,
      "description": "back, bone removed"
    },
    {
      "grams": 45.0,
      "amount": 1.0,
      "description": "unit (yield from 1 lb ready-to-cook turkey)"
    }
  ],
  "nutrients": [
    {
      "name": "Energy",
      "amount": 179.0
    },
    {
      "name": "Protein",
      "amount": 18.47
    },
    {
      "name": "Carbs",
      "amount": 0.0
    },
    {
      "name": "Fiber",
      "amount": 0.0
    },
    {
      "name": "Fat",
      "amount": 11.14
    },
    {
      "name": "Water",
      "amount": 69.29
    },
    {
      "name": "Ash",
      "amount": 0.8
    },
    {
      "name": "Calcium",
      "amount": 17.0
    },
    {
      "name": "Copper",
      "amount": 0.124
    },
    {
      "name": "Iron",
      "amount": 1.53
    },
    {
      "name": "Magnesium",
      "amount": 18.0
    },
    {
      "name": "Manganese",
      "amount": 0.018
    },
    {
      "name": "Phosphorus",
      "amount": 161.0
    },
    {
      "name": "Potassium",
      "amount": 245.0
    },
    {
      "name": "Selenium",
      "amount": 25.5
    },
    {
      "name": "Sodium",
      "amount": 71.0
    },
    {
      "name": "Zinc",
      "amount": 2.89
    },
    {
      "name": "Vitamin A",
      "amount": 11.0
    },
    {
      "name": "Retinol",
      "amount": 3.0
    },
    {
      "name": "Folate",
      "amount": 9.0
    },
    {
      "name": "B1 (Thiamine)",
      "amount": 0.073
    },
    {
      "name": "B2 (Riboflavin)",
      "amount": 0.191
    },
    {
      "name": "B3 (Niacin)",
      "amount": 2.91
    },
    {
      "name": "B5 (Pantothenic Acid)",
      "amount": 0.948
    },
    {
      "name": "B6 (Pyridoxine)",
      "amount": 0.3
    },
    {
      "name": "B12 (Cyanocobalamin)",
      "amount": 0.37
    },
    {
      "name": "Vitamin C",
      "amount": 0.0
    },
    {
      "name": "Saturated",
      "amount": 3.14
    },
    {
      "name": "Monounsaturated",
      "amount": 4.12
    },
    {
      "name": "Polyunsaturated",
      "amount": 2.78
    },
    {
      "name": "Omega-3",
      "amount": 0.2
    },
    {
      "name": "Omega-6",
      "amount": 2.42
    },
    {
      "name": "Cholesterol",
      "amount": 79.0
    },
    {
      "name": "ALA",
      "amount": 1.202
    },
    {
      "name": "ARG",
      "amount": 1.311
    },
    {
      "name": "ASP",
      "amount": 1.771
    },
    {
      "name": "CYS",
      "amount": 0.211
    },
    {
      "name": "GLU",
      "amount": 2.896
    },
    {
      "name": "GLY",
      "amount": 1.252
    },
    {
      "name": "HIS",
      "amount": 0.539
    },
    {
      "name": "ILE",
      "amount": 0.9
    },
    {
      "name": "LEU",
      "amount": 1.408
    },
    {
      "name": "LYS",
      "amount": 1.635
    },
    {
      "name": "MET",
      "amount": 0.507
    },
    {
      "name": "PHE",
      "amount": 0.715
    },
    {
      "name": "PRO",
      "amount": 0.927
    },
    {
      "name": "SER",
      "amount": 0.81
    },
    {
      "name": "THR",
      "amount": 0.795
    },
    {
      "name": "TRP",
      "amount": 0.2
    },
    {
      "name": "TYR",
      "amount": 0.679
    },
    {
      "name": "VAL",
      "amount": 0.948
    }
  ],
  "foodSource": "usda",
  "foodType": "deprecated"
}