{
  "name": "Turkey, young tom, light meat, meat and skin, raw",
  "sourceUID": 5261,
  "legacyUID": 5261,
  "pCF": 4.0,
  "cCF": 4.0,
  "lCF": 9.0,
  "comments": [],
  "measures": [
    {
      "grams": 1.0,
      "amount": 1.0,
      "description": "g"
    },
    {
      "grams": 185.0,
      "amount": 1.0,
      "description": "unit (yield from 1 lb ready-to-cook turkey)"
    },
    {
      "grams": 2137.0,
      "amount": 0.5,
      "description": "turkey, bone removed"
    }
  ],
  "nutrients": [
    {
      "name": "Energy",
      "amount": 156.0
    },
    {
      "name": "Protein",
      "amount": 21.63
    },
    {
      "name": "Carbs",
      "amount": 0.0
    },
    {
      "name": "Fiber",
      "amount": 0.0
    },
    {
      "name": "Fat",
      "amount": 7.04
    },
    {
      "name": "Water",
      "amount": 70.2
    },
    {
      "name": "Ash",
      "amount": 0.9
    },
    {
      "name": "Calcium",
      "amount": 13.0
    },
    {
      "name": "Copper",
      "amount": 0.065
    },
    {
      "name": "Iron",
      "amount": 1.04
    },
    {
      "name": "Magnesium",
      "amount": 24.0
    },
    {
      "name": "Manganese",
      "amount": 0.016
    },
    {
      "name": "Phosphorus",
      "amount": 188.0
    },
    {
      "name": "Potassium",
      "amount": 277.0
    },
    {
      "name": "Selenium",
      "amount": 22.4
    },
    {
      "name": "Sodium",
      "amount": 63.0
    },
    {
      "name": "Zinc",
      "amount": 1.6
    },
    {
      "name": "Vitamin A",
      "amount": 8.0
    },
    {
      "name": "Retinol",
      "amount": 2.0
    },
    {
      "name": "Folate",
      "amount": 7.0
    },
    {
      "name": "B1 (Thiamine)",
      "amount": 0.061
    },
    {
      "name": "B2 (Riboflavin)",
      "amount": 0.108
    },
    {
      "name": "B3 (Niacin)",
      "amount": 5.302
    },
    {
      "name": "B5 (Pantothenic Acid)",
      "amount": 0.612
    },
    {
      "name": "B6 (Pyridoxine)",
      "amount": 0.47
    },
    {
      "name": "B12 (Cyanocobalamin)",
      "amount": 0.42
    },
    {
      "name": "Vitamin C",
      "amount": 0.0
    },
    {
      "name": "Saturated",
      "amount": 1.91
    },
    {
      "name": "Monounsaturated",
      "amount": 2.68
    },
    {
      "name": "Polyunsaturated",
      "amount": 1.66
    },
    {
      "name": "Omega-3",
      "amount": 0.11
    },
    {
      "name": "Omega-6",
      "amount": 1.42
    },
    {
      "name": "Cholesterol",
      "amount": 67.0
    },
    {
      "name": "ALA",
      "amount": 1.383
    },
    {
      "name": "ARG",
      "amount": 1.526
    },
    {
      "name": "ASP",
      "amount": 2.083
    },
    {
      "name": "CYS",
      "amount": 0.239
    },
    {
      "name": "GLU",
      "amount": 3.442
    },
    {
      "name": "GLY",
      "amount": 1.322
    },
    {
      "name": "HIS",
      "amount": 0.648
    },
    {
      "name": "ILE",
      "amount": 1.08
    },
    {
      "name": "LEU",
      "amount": 1.676
    },
    {
      "name": "LYS",
      "amount": 1.96
    },
    {
      "name": "MET",
      "amount": 0.606
    },
    {
      "name": "PHE",
      "amount": 0.845
    },
    {
      "name": "PRO",
      "amount": 1.017
    },
    {
      "name": "SER",
      "amount": 0.953
    },
    {
      "name": "THR",
      "amount": 0.942
    },
    {
      "name": "TRP",
      "amount": 0.238
    },
    {
      "name": "TYR",
      "amount": 0.817
    },
    {
      "name": "VAL",
      "amount": 1.124
    }
  ],
  "foodSource": "usda",
  "foodType": "deprecated"
}