{
  "name": "Turkey, young tom, dark meat, meat and skin, cooked, roasted",
  "sourceUID": 5264,
  "legacyUID": 5264,
  "pCF": 4.0,
  "cCF": 4.0,
  "lCF": 9.0,
  "comments": [],
  "measures": [
    {
      "grams": 1.0,
      "amount": 1.0,
      "description": "g"
    },
    {
      "grams": 103.0,
      "amount": 1.0,
      "description": "unit (yield from 1 lb ready-to-cook turkey)"
    },
    {
      "grams": 1184.0,
      "amount": 0.5,
      "description": "turkey, bone removed"
    }
  ],
  "nutrients": [
    {
      "name": "Energy",
      "amount": 216.0
    },
    {
      "name": "Protein",
      "amount": 27.58
    },
    {
      "name": "Carbs",
      "amount": 0.0
    },
    {
      "name": "Fiber",
      "amount": 0.0
    },
    {
      "name": "Fat",
      "amount": 10.85
    },
    {
      "name": "Water",
      "amount": 60.33
    },
    {
      "name": "Ash",
      "amount": 0.97
    },
    {
      "name": "Calcium",
      "amount": 35.0
    },
    {
      "name": "Copper",
      "amount": 0.154
    },
    {
      "name": "Iron",
      "amount": 2.26
    },
    {
      "name": "Magnesium",
      "amount": 23.0
    },
    {
      "name": "Manganese",
      "amount": 0.022
    },
    {
      "name": "Phosphorus",
      "amount": 197.0
    },
    {
      "name": "Potassium",
      "amount": 276.0
    },
    {
      "name": "Selenium",
      "amount": 39.7
    },
    {
      "name": "Sodium",
      "amount": 80.0
    },
    {
      "name": "Zinc",
      "amount": 4.25
    },
    {
      "name": "Vitamin A",
      "amount": 0.0
    },
    {
      "name": "Retinol",
      "amount": 0.0
    },
    {
      "name": "Folate",
      "amount": 9.0
    },
    {
      "name": "B1 (Thiamine)",
      "amount": 0.062
    },
    {
      "name": "B2 (Riboflavin)",
      "amount": 0.247
    },
    {
      "name": "B3 (Niacin)",
      "amount": 3.429
    },
    {
      "name": "B5 (Pantothenic Acid)",
      "amount": 1.196
    },
    {
      "name": "B6 (Pyridoxine)",
      "amount": 0.33
    },
    {
      "name": "B12 (Cyanocobalamin)",
      "amount": 0.37
    },
    {
      "name": "Vitamin C",
      "amount": 0.0
    },
    {
      "name": "Saturated",
      "amount": 3.28
    },
    {
      "name": "Monounsaturated",
      "amount": 3.41
    },
    {
      "name": "Polyunsaturated",
      "amount": 2.91
    },
    {
      "name": "Omega-3",
      "amount": 0.21000000000000002
    },
    {
      "name": "Omega-6",
      "amount": 2.46
    },
    {
      "name": "Cholesterol",
      "amount": 91.0
    },
    {
      "name": "ALA",
      "amount": 1.757
    },
    {
      "name": "ARG",
      "amount": 1.943
    },
    {
      "name": "ASP",
      "amount": 2.659
    },
    {
      "name": "CYS",
      "amount": 0.303
    },
    {
      "name": "GLU",
      "amount": 4.401
    },
    {
      "name": "GLY",
      "amount": 1.651
    },
    {
      "name": "HIS",
      "amount": 0.83
    },
    {
      "name": "ILE",
      "amount": 1.383
    },
    {
      "name": "LEU",
      "amount": 2.144
    },
    {
      "name": "LYS",
      "amount": 2.51
    },
    {
      "name": "MET",
      "amount": 0.776
    },
    {
      "name": "PHE",
      "amount": 1.079
    },
    {
      "name": "PRO",
      "amount": 1.28
    },
    {
      "name": "SER",
      "amount": 1.217
    },
    {
      "name": "THR",
      "amount": 1.204
    },
    {
      "name": "TRP",
      "amount": 0.305
    },
    {
      "name": "TYR",
      "amount": 1.047
    },
    {
      "name": "VAL",
      "amount": 1.437
    }
  ],
  "foodSource": "usda",
  "foodType": "deprecated"
}