{
  "name": "Turkey, young tom, dark meat, meat and skin, raw",
  "sourceUID": 5263,
  "legacyUID": 5263,
  "pCF": 4.0,
  "cCF": 4.0,
  "lCF": 9.0,
  "comments": [],
  "measures": [
    {
      "grams": 1.0,
      "amount": 1.0,
      "description": "g"
    },
    {
      "grams": 152.0,
      "amount": 1.0,
      "description": "unit (yield from 1 lb ready-to-cook turkey)"
    },
    {
      "grams": 1758.0,
      "amount": 0.5,
      "description": "turkey, bone removed"
    }
  ],
  "nutrients": [
    {
      "name": "Energy",
      "amount": 152.0
    },
    {
      "name": "Protein",
      "amount": 19.05
    },
    {
      "name": "Carbs",
      "amount": 0.0
    },
    {
      "name": "Fiber",
      "amount": 0.0
    },
    {
      "name": "Fat",
      "amount": 7.89
    },
    {
      "name": "Water",
      "amount": 71.88
    },
    {
      "name": "Ash",
      "amount": 0.86
    },
    {
      "name": "Calcium",
      "amount": 17.0
    },
    {
      "name": "Copper",
      "amount": 0.131
    },
    {
      "name": "Iron",
      "amount": 1.57
    },
    {
      "name": "Magnesium",
      "amount": 20.0
    },
    {
      "name": "Manganese",
      "amount": 0.019
    },
    {
      "name": "Phosphorus",
      "amount": 172.0
    },
    {
      "name": "Potassium",
      "amount": 265.0
    },
    {
      "name": "Selenium",
      "amount": 26.6
    },
    {
      "name": "Sodium",
      "amount": 75.0
    },
    {
      "name": "Zinc",
      "amount": 3.11
    },
    {
      "name": "Vitamin A",
      "amount": 6.0
    },
    {
      "name": "Retinol",
      "amount": 2.0
    },
    {
      "name": "Folate",
      "amount": 10.0
    },
    {
      "name": "B1 (Thiamine)",
      "amount": 0.08
    },
    {
      "name": "B2 (Riboflavin)",
      "amount": 0.205
    },
    {
      "name": "B3 (Niacin)",
      "amount": 3.087
    },
    {
      "name": "B5 (Pantothenic Acid)",
      "amount": 1.039
    },
    {
      "name": "B6 (Pyridoxine)",
      "amount": 0.33
    },
    {
      "name": "B12 (Cyanocobalamin)",
      "amount": 0.38
    },
    {
      "name": "Vitamin C",
      "amount": 0.0
    },
    {
      "name": "Saturated",
      "amount": 2.32
    },
    {
      "name": "Monounsaturated",
      "amount": 2.66
    },
    {
      "name": "Polyunsaturated",
      "amount": 2.06
    },
    {
      "name": "Omega-3",
      "amount": 0.15000000000000002
    },
    {
      "name": "Omega-6",
      "amount": 1.76
    },
    {
      "name": "Cholesterol",
      "amount": 77.0
    },
    {
      "name": "ALA",
      "amount": 1.212
    },
    {
      "name": "ARG",
      "amount": 1.341
    },
    {
      "name": "ASP",
      "amount": 1.837
    },
    {
      "name": "CYS",
      "amount": 0.209
    },
    {
      "name": "GLU",
      "amount": 3.042
    },
    {
      "name": "GLY",
      "amount": 1.13
    },
    {
      "name": "HIS",
      "amount": 0.574
    },
    {
      "name": "ILE",
      "amount": 0.957
    },
    {
      "name": "LEU",
      "amount": 1.482
    },
    {
      "name": "LYS",
      "amount": 1.736
    },
    {
      "name": "MET",
      "amount": 0.536
    },
    {
      "name": "PHE",
      "amount": 0.746
    },
    {
      "name": "PRO",
      "amount": 0.88
    },
    {
      "name": "SER",
      "amount": 0.841
    },
    {
      "name": "THR",
      "amount": 0.832
    },
    {
      "name": "TRP",
      "amount": 0.211
    },
    {
      "name": "TYR",
      "amount": 0.724
    },
    {
      "name": "VAL",
      "amount": 0.993
    }
  ],
  "foodSource": "usda",
  "foodType": "deprecated"
}