{
  "name": "Turkey, young tom, light meat, meat only, cooked, roasted",
  "sourceUID": 5266,
  "legacyUID": 5266,
  "pCF": 4.0,
  "cCF": 4.0,
  "lCF": 9.0,
  "comments": [],
  "measures": [
    {
      "grams": 1.0,
      "amount": 1.0,
      "description": "g"
    },
    {
      "grams": 140.0,
      "amount": 1.0,
      "description": "cup, chopped or diced"
    },
    {
      "grams": 117.0,
      "amount": 1.0,
      "description": "unit (yield from 1 lb ready-to-cook turkey)"
    }
  ],
  "nutrients": [
    {
      "name": "Energy",
      "amount": 154.0
    },
    {
      "name": "Protein",
      "amount": 29.88
    },
    {
      "name": "Carbs",
      "amount": 0.0
    },
    {
      "name": "Fiber",
      "amount": 0.0
    },
    {
      "name": "Fat",
      "amount": 2.92
    },
    {
      "name": "Water",
      "amount": 66.56
    },
    {
      "name": "Ash",
      "amount": 1.05
    },
    {
      "name": "Calcium",
      "amount": 18.0
    },
    {
      "name": "Copper",
      "amount": 0.042
    },
    {
      "name": "Iron",
      "amount": 1.36
    },
    {
      "name": "Magnesium",
      "amount": 28.0
    },
    {
      "name": "Manganese",
      "amount": 0.019
    },
    {
      "name": "Phosphorus",
      "amount": 220.0
    },
    {
      "name": "Potassium",
      "amount": 308.0
    },
    {
      "name": "Selenium",
      "amount": 32.1
    },
    {
      "name": "Sodium",
      "amount": 68.0
    },
    {
      "name": "Zinc",
      "amount": 2.1
    },
    {
      "name": "Vitamin A",
      "amount": 0.0
    },
    {
      "name": "Retinol",
      "amount": 0.0
    },
    {
      "name": "Folate",
      "amount": 6.0
    },
    {
      "name": "B1 (Thiamine)",
      "amount": 0.067
    },
    {
      "name": "B2 (Riboflavin)",
      "amount": 0.131
    },
    {
      "name": "B3 (Niacin)",
      "amount": 6.575
    },
    {
      "name": "B5 (Pantothenic Acid)",
      "amount": 0.693
    },
    {
      "name": "B6 (Pyridoxine)",
      "amount": 0.55
    },
    {
      "name": "B12 (Cyanocobalamin)",
      "amount": 0.38
    },
    {
      "name": "Vitamin C",
      "amount": 0.0
    },
    {
      "name": "Saturated",
      "amount": 0.93
    },
    {
      "name": "Monounsaturated",
      "amount": 0.51
    },
    {
      "name": "Polyunsaturated",
      "amount": 0.78
    },
    {
      "name": "Omega-3",
      "amount": 0.06999999999999999
    },
    {
      "name": "Omega-6",
      "amount": 0.51
    },
    {
      "name": "Cholesterol",
      "amount": 69.0
    },
    {
      "name": "ALA",
      "amount": 1.85
    },
    {
      "name": "ARG",
      "amount": 2.085
    },
    {
      "name": "ASP",
      "amount": 2.902
    },
    {
      "name": "CYS",
      "amount": 0.311
    },
    {
      "name": "GLU",
      "amount": 4.877
    },
    {
      "name": "GLY",
      "amount": 1.482
    },
    {
      "name": "HIS",
      "amount": 0.932
    },
    {
      "name": "ILE",
      "amount": 1.554
    },
    {
      "name": "LEU",
      "amount": 2.381
    },
    {
      "name": "LYS",
      "amount": 2.816
    },
    {
      "name": "MET",
      "amount": 0.865
    },
    {
      "name": "PHE",
      "amount": 1.186
    },
    {
      "name": "PRO",
      "amount": 1.243
    },
    {
      "name": "SER",
      "amount": 1.329
    },
    {
      "name": "THR",
      "amount": 1.329
    },
    {
      "name": "TRP",
      "amount": 0.339
    },
    {
      "name": "TYR",
      "amount": 1.181
    },
    {
      "name": "VAL",
      "amount": 1.587
    }
  ],
  "foodSource": "usda",
  "foodType": "deprecated"
}