{
  "name": "Turkey, young tom, light meat, meat and skin, cooked, roasted",
  "sourceUID": 5262,
  "legacyUID": 5262,
  "pCF": 4.0,
  "cCF": 4.0,
  "lCF": 9.0,
  "comments": [],
  "measures": [
    {
      "grams": 1.0,
      "amount": 1.0,
      "description": "g"
    },
    {
      "grams": 136.0,
      "amount": 1.0,
      "description": "unit (yield from 1 lb ready-to-cook turkey)"
    },
    {
      "grams": 1566.0,
      "amount": 0.5,
      "description": "turkey, bone removed"
    }
  ],
  "nutrients": [
    {
      "name": "Energy",
      "amount": 191.0
    },
    {
      "name": "Protein",
      "amount": 28.48
    },
    {
      "name": "Carbs",
      "amount": 0.0
    },
    {
      "name": "Fiber",
      "amount": 0.0
    },
    {
      "name": "Fat",
      "amount": 7.7
    },
    {
      "name": "Water",
      "amount": 63.13
    },
    {
      "name": "Ash",
      "amount": 1.0
    },
    {
      "name": "Calcium",
      "amount": 21.0
    },
    {
      "name": "Copper",
      "amount": 0.048
    },
    {
      "name": "Iron",
      "amount": 1.41
    },
    {
      "name": "Magnesium",
      "amount": 27.0
    },
    {
      "name": "Manganese",
      "amount": 0.019
    },
    {
      "name": "Phosphorus",
      "amount": 209.0
    },
    {
      "name": "Potassium",
      "amount": 287.0
    },
    {
      "name": "Selenium",
      "amount": 30.7
    },
    {
      "name": "Sodium",
      "amount": 67.0
    },
    {
      "name": "Zinc",
      "amount": 2.1
    },
    {
      "name": "Vitamin A",
      "amount": 0.0
    },
    {
      "name": "Retinol",
      "amount": 0.0
    },
    {
      "name": "Folate",
      "amount": 6.0
    },
    {
      "name": "B1 (Thiamine)",
      "amount": 0.061
    },
    {
      "name": "B2 (Riboflavin)",
      "amount": 0.134
    },
    {
      "name": "B3 (Niacin)",
      "amount": 6.024
    },
    {
      "name": "B5 (Pantothenic Acid)",
      "amount": 0.639
    },
    {
      "name": "B6 (Pyridoxine)",
      "amount": 0.48
    },
    {
      "name": "B12 (Cyanocobalamin)",
      "amount": 0.36
    },
    {
      "name": "Vitamin C",
      "amount": 0.0
    },
    {
      "name": "Saturated",
      "amount": 2.15
    },
    {
      "name": "Monounsaturated",
      "amount": 2.66
    },
    {
      "name": "Polyunsaturated",
      "amount": 1.86
    },
    {
      "name": "Omega-3",
      "amount": 0.14
    },
    {
      "name": "Omega-6",
      "amount": 1.52
    },
    {
      "name": "Cholesterol",
      "amount": 75.0
    },
    {
      "name": "ALA",
      "amount": 1.819
    },
    {
      "name": "ARG",
      "amount": 2.008
    },
    {
      "name": "ASP",
      "amount": 2.744
    },
    {
      "name": "CYS",
      "amount": 0.314
    },
    {
      "name": "GLU",
      "amount": 4.537
    },
    {
      "name": "GLY",
      "amount": 1.727
    },
    {
      "name": "HIS",
      "amount": 0.854
    },
    {
      "name": "ILE",
      "amount": 1.424
    },
    {
      "name": "LEU",
      "amount": 2.209
    },
    {
      "name": "LYS",
      "amount": 2.585
    },
    {
      "name": "MET",
      "amount": 0.799
    },
    {
      "name": "PHE",
      "amount": 1.113
    },
    {
      "name": "PRO",
      "amount": 1.333
    },
    {
      "name": "SER",
      "amount": 1.256
    },
    {
      "name": "THR",
      "amount": 1.242
    },
    {
      "name": "TRP",
      "amount": 0.314
    },
    {
      "name": "TYR",
      "amount": 1.077
    },
    {
      "name": "VAL",
      "amount": 1.481
    }
  ],
  "foodSource": "usda",
  "foodType": "deprecated"
}