{
  "name": "Turkey, young tom, light meat, meat only, raw",
  "sourceUID": 5265,
  "legacyUID": 5265,
  "pCF": 4.0,
  "cCF": 4.0,
  "lCF": 9.0,
  "comments": [],
  "measures": [
    {
      "grams": 1.0,
      "amount": 1.0,
      "description": "g"
    },
    {
      "grams": 154.0,
      "amount": 1.0,
      "description": "unit (yield from 1 lb ready-to-cook turkey)"
    },
    {
      "grams": 1771.0,
      "amount": 0.5,
      "description": "turkey, bone and skin removed"
    }
  ],
  "nutrients": [
    {
      "name": "Energy",
      "amount": 114.0
    },
    {
      "name": "Protein",
      "amount": 23.43
    },
    {
      "name": "Carbs",
      "amount": 0.0
    },
    {
      "name": "Fiber",
      "amount": 0.0
    },
    {
      "name": "Fat",
      "amount": 1.57
    },
    {
      "name": "Water",
      "amount": 73.96
    },
    {
      "name": "Ash",
      "amount": 1.0
    },
    {
      "name": "Calcium",
      "amount": 12.0
    },
    {
      "name": "Copper",
      "amount": 0.064
    },
    {
      "name": "Iron",
      "amount": 1.01
    },
    {
      "name": "Magnesium",
      "amount": 27.0
    },
    {
      "name": "Manganese",
      "amount": 0.017
    },
    {
      "name": "Phosphorus",
      "amount": 209.0
    },
    {
      "name": "Potassium",
      "amount": 314.0
    },
    {
      "name": "Selenium",
      "amount": 24.4
    },
    {
      "name": "Sodium",
      "amount": 67.0
    },
    {
      "name": "Zinc",
      "amount": 1.67
    },
    {
      "name": "Vitamin A",
      "amount": 0.0
    },
    {
      "name": "Retinol",
      "amount": 0.0
    },
    {
      "name": "Folate",
      "amount": 8.0
    },
    {
      "name": "B1 (Thiamine)",
      "amount": 0.07
    },
    {
      "name": "B2 (Riboflavin)",
      "amount": 0.114
    },
    {
      "name": "B3 (Niacin)",
      "amount": 6.036
    },
    {
      "name": "B5 (Pantothenic Acid)",
      "amount": 0.684
    },
    {
      "name": "B6 (Pyridoxine)",
      "amount": 0.55
    },
    {
      "name": "B12 (Cyanocobalamin)",
      "amount": 0.45
    },
    {
      "name": "Vitamin C",
      "amount": 0.0
    },
    {
      "name": "Saturated",
      "amount": 0.5
    },
    {
      "name": "Monounsaturated",
      "amount": 0.28
    },
    {
      "name": "Polyunsaturated",
      "amount": 0.42
    },
    {
      "name": "Omega-3",
      "amount": 0.04
    },
    {
      "name": "Omega-6",
      "amount": 0.28
    },
    {
      "name": "Cholesterol",
      "amount": 62.0
    },
    {
      "name": "ALA",
      "amount": 1.45
    },
    {
      "name": "ARG",
      "amount": 1.634
    },
    {
      "name": "ASP",
      "amount": 2.275
    },
    {
      "name": "CYS",
      "amount": 0.244
    },
    {
      "name": "GLU",
      "amount": 3.823
    },
    {
      "name": "GLY",
      "amount": 1.162
    },
    {
      "name": "HIS",
      "amount": 0.731
    },
    {
      "name": "ILE",
      "amount": 1.218
    },
    {
      "name": "LEU",
      "amount": 1.867
    },
    {
      "name": "LYS",
      "amount": 2.208
    },
    {
      "name": "MET",
      "amount": 0.678
    },
    {
      "name": "PHE",
      "amount": 0.93
    },
    {
      "name": "PRO",
      "amount": 0.974
    },
    {
      "name": "SER",
      "amount": 1.042
    },
    {
      "name": "THR",
      "amount": 1.042
    },
    {
      "name": "TRP",
      "amount": 0.266
    },
    {
      "name": "TYR",
      "amount": 0.926
    },
    {
      "name": "VAL",
      "amount": 1.244
    }
  ],
  "foodSource": "usda",
  "foodType": "deprecated"
}