{
  "name": "Turkey, young tom, wing, meat and skin, raw",
  "sourceUID": 5275,
  "legacyUID": 5275,
  "pCF": 4.0,
  "cCF": 4.0,
  "lCF": 9.0,
  "comments": [],
  "measures": [
    {
      "grams": 1.0,
      "amount": 1.0,
      "description": "g"
    },
    {
      "grams": 30.0,
      "amount": 1.0,
      "description": "unit (yield from 1 lb ready-to-cook turkey)"
    },
    {
      "grams": 348.0,
      "amount": 1.0,
      "description": "wing, bone removed"
    }
  ],
  "nutrients": [
    {
      "name": "Energy",
      "amount": 188.0
    },
    {
      "name": "Protein",
      "amount": 20.45
    },
    {
      "name": "Carbs",
      "amount": 0.0
    },
    {
      "name": "Fiber",
      "amount": 0.0
    },
    {
      "name": "Fat",
      "amount": 11.22
    },
    {
      "name": "Water",
      "amount": 67.32
    },
    {
      "name": "Ash",
      "amount": 0.82
    },
    {
      "name": "Calcium",
      "amount": 13.0
    },
    {
      "name": "Copper",
      "amount": 0.065
    },
    {
      "name": "Iron",
      "amount": 1.07
    },
    {
      "name": "Magnesium",
      "amount": 21.0
    },
    {
      "name": "Manganese",
      "amount": 0.015
    },
    {
      "name": "Phosphorus",
      "amount": 172.0
    },
    {
      "name": "Potassium",
      "amount": 250.0
    },
    {
      "name": "Selenium",
      "amount": 22.0
    },
    {
      "name": "Sodium",
      "amount": 60.0
    },
    {
      "name": "Zinc",
      "amount": 1.55
    },
    {
      "name": "Vitamin A",
      "amount": 14.0
    },
    {
      "name": "Retinol",
      "amount": 4.0
    },
    {
      "name": "Folate",
      "amount": 7.0
    },
    {
      "name": "B1 (Thiamine)",
      "amount": 0.055
    },
    {
      "name": "B2 (Riboflavin)",
      "amount": 0.104
    },
    {
      "name": "B3 (Niacin)",
      "amount": 4.73
    },
    {
      "name": "B5 (Pantothenic Acid)",
      "amount": 0.561
    },
    {
      "name": "B6 (Pyridoxine)",
      "amount": 0.41
    },
    {
      "name": "B12 (Cyanocobalamin)",
      "amount": 0.39
    },
    {
      "name": "Vitamin C",
      "amount": 0.0
    },
    {
      "name": "Saturated",
      "amount": 2.99
    },
    {
      "name": "Monounsaturated",
      "amount": 4.5
    },
    {
      "name": "Polyunsaturated",
      "amount": 2.61
    },
    {
      "name": "Omega-3",
      "amount": 0.18
    },
    {
      "name": "Omega-6",
      "amount": 2.29
    },
    {
      "name": "Cholesterol",
      "amount": 72.0
    },
    {
      "name": "ALA",
      "amount": 1.34
    },
    {
      "name": "ARG",
      "amount": 1.455
    },
    {
      "name": "ASP",
      "amount": 1.956
    },
    {
      "name": "CYS",
      "amount": 0.237
    },
    {
      "name": "GLU",
      "amount": 3.187
    },
    {
      "name": "GLY",
      "amount": 1.44
    },
    {
      "name": "HIS",
      "amount": 0.592
    },
    {
      "name": "ILE",
      "amount": 0.986
    },
    {
      "name": "LEU",
      "amount": 1.548
    },
    {
      "name": "LYS",
      "amount": 1.794
    },
    {
      "name": "MET",
      "amount": 0.557
    },
    {
      "name": "PHE",
      "amount": 0.789
    },
    {
      "name": "PRO",
      "amount": 1.05
    },
    {
      "name": "SER",
      "amount": 0.895
    },
    {
      "name": "THR",
      "amount": 0.875
    },
    {
      "name": "TRP",
      "amount": 0.219
    },
    {
      "name": "TYR",
      "amount": 0.743
    },
    {
      "name": "VAL",
      "amount": 1.043
    }
  ],
  "foodSource": "usda",
  "foodType": "deprecated"
}