{
  "name": "Turkey, young tom, back, meat and skin, cooked, roasted",
  "sourceUID": 5270,
  "legacyUID": 5270,
  "pCF": 4.0,
  "cCF": 4.0,
  "lCF": 9.0,
  "comments": [],
  "measures": [
    {
      "grams": 1.0,
      "amount": 1.0,
      "description": "g"
    },
    {
      "grams": 380.0,
      "amount": 0.5,
      "description": "back, bone removed"
    },
    {
      "grams": 33.0,
      "amount": 1.0,
      "description": "unit (yield from 1 lb ready-to-cook turkey)"
    }
  ],
  "nutrients": [
    {
      "name": "Energy",
      "amount": 238.0
    },
    {
      "name": "Protein",
      "amount": 26.8
    },
    {
      "name": "Carbs",
      "amount": 0.0
    },
    {
      "name": "Fiber",
      "amount": 0.0
    },
    {
      "name": "Fat",
      "amount": 13.65
    },
    {
      "name": "Water",
      "amount": 58.33
    },
    {
      "name": "Ash",
      "amount": 0.94
    },
    {
      "name": "Calcium",
      "amount": 35.0
    },
    {
      "name": "Copper",
      "amount": 0.147
    },
    {
      "name": "Iron",
      "amount": 2.21
    },
    {
      "name": "Magnesium",
      "amount": 22.0
    },
    {
      "name": "Manganese",
      "amount": 0.022
    },
    {
      "name": "Phosphorus",
      "amount": 191.0
    },
    {
      "name": "Potassium",
      "amount": 264.0
    },
    {
      "name": "Selenium",
      "amount": 38.0
    },
    {
      "name": "Sodium",
      "amount": 77.0
    },
    {
      "name": "Zinc",
      "amount": 4.01
    },
    {
      "name": "Vitamin A",
      "amount": 0.0
    },
    {
      "name": "Retinol",
      "amount": 0.0
    },
    {
      "name": "Folate",
      "amount": 8.0
    },
    {
      "name": "B1 (Thiamine)",
      "amount": 0.058
    },
    {
      "name": "B2 (Riboflavin)",
      "amount": 0.238
    },
    {
      "name": "B3 (Niacin)",
      "amount": 3.336
    },
    {
      "name": "B5 (Pantothenic Acid)",
      "amount": 1.103
    },
    {
      "name": "B6 (Pyridoxine)",
      "amount": 0.31
    },
    {
      "name": "B12 (Cyanocobalamin)",
      "amount": 0.35
    },
    {
      "name": "Vitamin C",
      "amount": 0.0
    },
    {
      "name": "Saturated",
      "amount": 3.97
    },
    {
      "name": "Monounsaturated",
      "amount": 4.73
    },
    {
      "name": "Polyunsaturated",
      "amount": 3.51
    },
    {
      "name": "Omega-3",
      "amount": 0.25
    },
    {
      "name": "Omega-6",
      "amount": 3.02
    },
    {
      "name": "Cholesterol",
      "amount": 94.0
    },
    {
      "name": "ALA",
      "amount": 1.745
    },
    {
      "name": "ARG",
      "amount": 1.902
    },
    {
      "name": "ASP",
      "amount": 2.569
    },
    {
      "name": "CYS",
      "amount": 0.306
    },
    {
      "name": "GLU",
      "amount": 4.201
    },
    {
      "name": "GLY",
      "amount": 1.817
    },
    {
      "name": "HIS",
      "amount": 0.783
    },
    {
      "name": "ILE",
      "amount": 1.305
    },
    {
      "name": "LEU",
      "amount": 2.042
    },
    {
      "name": "LYS",
      "amount": 2.372
    },
    {
      "name": "MET",
      "amount": 0.737
    },
    {
      "name": "PHE",
      "amount": 1.037
    },
    {
      "name": "PRO",
      "amount": 1.344
    },
    {
      "name": "SER",
      "amount": 1.175
    },
    {
      "name": "THR",
      "amount": 1.153
    },
    {
      "name": "TRP",
      "amount": 0.29
    },
    {
      "name": "TYR",
      "amount": 0.984
    },
    {
      "name": "VAL",
      "amount": 1.375
    }
  ],
  "foodSource": "usda",
  "foodType": "deprecated"
}