{
  "name": "Turkey, young tom, breast, meat and skin, raw",
  "sourceUID": 5271,
  "legacyUID": 5271,
  "pCF": 4.0,
  "cCF": 4.0,
  "lCF": 9.0,
  "comments": [],
  "measures": [
    {
      "grams": 1.0,
      "amount": 1.0,
      "description": "g"
    },
    {
      "grams": 155.0,
      "amount": 1.0,
      "description": "unit (yield from 1 lb ready-to-cook turkey)"
    },
    {
      "grams": 1789.0,
      "amount": 0.5,
      "description": "breast, bone removed"
    }
  ],
  "nutrients": [
    {
      "name": "Energy",
      "amount": 151.0
    },
    {
      "name": "Protein",
      "amount": 21.96
    },
    {
      "name": "Carbs",
      "amount": 0.0
    },
    {
      "name": "Fiber",
      "amount": 0.0
    },
    {
      "name": "Fat",
      "amount": 6.34
    },
    {
      "name": "Water",
      "amount": 70.68
    },
    {
      "name": "Ash",
      "amount": 0.91
    },
    {
      "name": "Calcium",
      "amount": 13.0
    },
    {
      "name": "Copper",
      "amount": 0.065
    },
    {
      "name": "Iron",
      "amount": 1.04
    },
    {
      "name": "Magnesium",
      "amount": 24.0
    },
    {
      "name": "Manganese",
      "amount": 0.016
    },
    {
      "name": "Phosphorus",
      "amount": 191.0
    },
    {
      "name": "Potassium",
      "amount": 282.0
    },
    {
      "name": "Selenium",
      "amount": 22.0
    },
    {
      "name": "Sodium",
      "amount": 63.0
    },
    {
      "name": "Zinc",
      "amount": 1.61
    },
    {
      "name": "Vitamin A",
      "amount": 7.0
    },
    {
      "name": "Retinol",
      "amount": 2.0
    },
    {
      "name": "Folate",
      "amount": 7.0
    },
    {
      "name": "B1 (Thiamine)",
      "amount": 0.063
    },
    {
      "name": "B2 (Riboflavin)",
      "amount": 0.109
    },
    {
      "name": "B3 (Niacin)",
      "amount": 5.391
    },
    {
      "name": "B5 (Pantothenic Acid)",
      "amount": 0.623
    },
    {
      "name": "B6 (Pyridoxine)",
      "amount": 0.48
    },
    {
      "name": "B12 (Cyanocobalamin)",
      "amount": 0.42
    },
    {
      "name": "Vitamin C",
      "amount": 0.0
    },
    {
      "name": "Saturated",
      "amount": 1.73
    },
    {
      "name": "Monounsaturated",
      "amount": 2.36
    },
    {
      "name": "Polyunsaturated",
      "amount": 1.5
    },
    {
      "name": "Omega-3",
      "amount": 0.1
    },
    {
      "name": "Omega-6",
      "amount": 1.27
    },
    {
      "name": "Cholesterol",
      "amount": 67.0
    },
    {
      "name": "ALA",
      "amount": 1.396
    },
    {
      "name": "ARG",
      "amount": 1.545
    },
    {
      "name": "ASP",
      "amount": 2.117
    },
    {
      "name": "CYS",
      "amount": 0.241
    },
    {
      "name": "GLU",
      "amount": 3.509
    },
    {
      "name": "GLY",
      "amount": 1.299
    },
    {
      "name": "HIS",
      "amount": 0.662
    },
    {
      "name": "ILE",
      "amount": 1.104
    },
    {
      "name": "LEU",
      "amount": 1.71
    },
    {
      "name": "LYS",
      "amount": 2.003
    },
    {
      "name": "MET",
      "amount": 0.618
    },
    {
      "name": "PHE",
      "amount": 0.86
    },
    {
      "name": "PRO",
      "amount": 1.012
    },
    {
      "name": "SER",
      "amount": 0.969
    },
    {
      "name": "THR",
      "amount": 0.96
    },
    {
      "name": "TRP",
      "amount": 0.243
    },
    {
      "name": "TYR",
      "amount": 0.836
    },
    {
      "name": "VAL",
      "amount": 1.145
    }
  ],
  "foodSource": "usda",
  "foodType": "deprecated"
}