{
  "name": "Turkey, young tom, leg, meat and skin, cooked, roasted",
  "sourceUID": 5274,
  "legacyUID": 5274,
  "pCF": 4.0,
  "cCF": 4.0,
  "lCF": 9.0,
  "comments": [],
  "measures": [
    {
      "grams": 1.0,
      "amount": 1.0,
      "description": "g"
    },
    {
      "grams": 805.0,
      "amount": 1.0,
      "description": "leg, bone removed (yield after cooking)"
    },
    {
      "grams": 70.0,
      "amount": 1.0,
      "description": "unit (yield from 1 lb ready-to-cook turkey)"
    }
  ],
  "nutrients": [
    {
      "name": "Energy",
      "amount": 206.0
    },
    {
      "name": "Protein",
      "amount": 27.93
    },
    {
      "name": "Carbs",
      "amount": 0.0
    },
    {
      "name": "Fiber",
      "amount": 0.0
    },
    {
      "name": "Fat",
      "amount": 9.63
    },
    {
      "name": "Water",
      "amount": 61.18
    },
    {
      "name": "Ash",
      "amount": 0.98
    },
    {
      "name": "Calcium",
      "amount": 35.0
    },
    {
      "name": "Copper",
      "amount": 0.157
    },
    {
      "name": "Iron",
      "amount": 2.28
    },
    {
      "name": "Magnesium",
      "amount": 23.0
    },
    {
      "name": "Manganese",
      "amount": 0.022
    },
    {
      "name": "Phosphorus",
      "amount": 200.0
    },
    {
      "name": "Potassium",
      "amount": 281.0
    },
    {
      "name": "Selenium",
      "amount": 41.1
    },
    {
      "name": "Sodium",
      "amount": 80.0
    },
    {
      "name": "Zinc",
      "amount": 4.34
    },
    {
      "name": "Vitamin A",
      "amount": 0.0
    },
    {
      "name": "Retinol",
      "amount": 0.0
    },
    {
      "name": "Folate",
      "amount": 9.0
    },
    {
      "name": "B1 (Thiamine)",
      "amount": 0.064
    },
    {
      "name": "B2 (Riboflavin)",
      "amount": 0.252
    },
    {
      "name": "B3 (Niacin)",
      "amount": 3.473
    },
    {
      "name": "B5 (Pantothenic Acid)",
      "amount": 1.237
    },
    {
      "name": "B6 (Pyridoxine)",
      "amount": 0.34
    },
    {
      "name": "B12 (Cyanocobalamin)",
      "amount": 0.37
    },
    {
      "name": "Vitamin C",
      "amount": 0.0
    },
    {
      "name": "Saturated",
      "amount": 2.99
    },
    {
      "name": "Monounsaturated",
      "amount": 2.83
    },
    {
      "name": "Polyunsaturated",
      "amount": 2.66
    },
    {
      "name": "Omega-3",
      "amount": 0.19
    },
    {
      "name": "Omega-6",
      "amount": 2.22
    },
    {
      "name": "Cholesterol",
      "amount": 90.0
    },
    {
      "name": "ALA",
      "amount": 1.764
    },
    {
      "name": "ARG",
      "amount": 1.962
    },
    {
      "name": "ASP",
      "amount": 2.7
    },
    {
      "name": "CYS",
      "amount": 0.301
    },
    {
      "name": "GLU",
      "amount": 4.49
    },
    {
      "name": "GLY",
      "amount": 1.58
    },
    {
      "name": "HIS",
      "amount": 0.851
    },
    {
      "name": "ILE",
      "amount": 1.417
    },
    {
      "name": "LEU",
      "amount": 2.188
    },
    {
      "name": "LYS",
      "amount": 2.572
    },
    {
      "name": "MET",
      "amount": 0.794
    },
    {
      "name": "PHE",
      "amount": 1.098
    },
    {
      "name": "PRO",
      "amount": 1.253
    },
    {
      "name": "SER",
      "amount": 1.236
    },
    {
      "name": "THR",
      "amount": 1.227
    },
    {
      "name": "TRP",
      "amount": 0.312
    },
    {
      "name": "TYR",
      "amount": 1.074
    },
    {
      "name": "VAL",
      "amount": 1.465
    }
  ],
  "foodSource": "usda",
  "foodType": "deprecated"
}