{
  "name": "Turkey, young tom, breast, meat and skin, cooked, roasted",
  "sourceUID": 5272,
  "legacyUID": 5272,
  "pCF": 4.0,
  "cCF": 4.0,
  "lCF": 9.0,
  "comments": [],
  "measures": [
    {
      "grams": 1.0,
      "amount": 1.0,
      "description": "g"
    },
    {
      "grams": 115.0,
      "amount": 1.0,
      "description": "unit (yield from 1 lb ready-to-cook turkey)"
    },
    {
      "grams": 1329.0,
      "amount": 0.5,
      "description": "breast, bone removed"
    }
  ],
  "nutrients": [
    {
      "name": "Energy",
      "amount": 189.0
    },
    {
      "name": "Protein",
      "amount": 28.61
    },
    {
      "name": "Carbs",
      "amount": 0.0
    },
    {
      "name": "Fiber",
      "amount": 0.0
    },
    {
      "name": "Fat",
      "amount": 7.39
    },
    {
      "name": "Water",
      "amount": 63.3
    },
    {
      "name": "Ash",
      "amount": 1.0
    },
    {
      "name": "Calcium",
      "amount": 21.0
    },
    {
      "name": "Copper",
      "amount": 0.048
    },
    {
      "name": "Iron",
      "amount": 1.41
    },
    {
      "name": "Magnesium",
      "amount": 27.0
    },
    {
      "name": "Manganese",
      "amount": 0.019
    },
    {
      "name": "Phosphorus",
      "amount": 210.0
    },
    {
      "name": "Potassium",
      "amount": 289.0
    },
    {
      "name": "Selenium",
      "amount": 30.2
    },
    {
      "name": "Sodium",
      "amount": 67.0
    },
    {
      "name": "Zinc",
      "amount": 2.1
    },
    {
      "name": "Vitamin A",
      "amount": 0.0
    },
    {
      "name": "Retinol",
      "amount": 0.0
    },
    {
      "name": "Folate",
      "amount": 6.0
    },
    {
      "name": "B1 (Thiamine)",
      "amount": 0.061
    },
    {
      "name": "B2 (Riboflavin)",
      "amount": 0.134
    },
    {
      "name": "B3 (Niacin)",
      "amount": 6.048
    },
    {
      "name": "B5 (Pantothenic Acid)",
      "amount": 0.644
    },
    {
      "name": "B6 (Pyridoxine)",
      "amount": 0.49
    },
    {
      "name": "B12 (Cyanocobalamin)",
      "amount": 0.36
    },
    {
      "name": "Vitamin C",
      "amount": 0.0
    },
    {
      "name": "Saturated",
      "amount": 2.08
    },
    {
      "name": "Monounsaturated",
      "amount": 2.51
    },
    {
      "name": "Polyunsaturated",
      "amount": 1.79
    },
    {
      "name": "Omega-3",
      "amount": 0.14
    },
    {
      "name": "Omega-6",
      "amount": 1.45
    },
    {
      "name": "Cholesterol",
      "amount": 75.0
    },
    {
      "name": "ALA",
      "amount": 1.822
    },
    {
      "name": "ARG",
      "amount": 2.016
    },
    {
      "name": "ASP",
      "amount": 2.758
    },
    {
      "name": "CYS",
      "amount": 0.314
    },
    {
      "name": "GLU",
      "amount": 4.567
    },
    {
      "name": "GLY",
      "amount": 1.708
    },
    {
      "name": "HIS",
      "amount": 0.861
    },
    {
      "name": "ILE",
      "amount": 1.436
    },
    {
      "name": "LEU",
      "amount": 2.225
    },
    {
      "name": "LYS",
      "amount": 2.606
    },
    {
      "name": "MET",
      "amount": 0.805
    },
    {
      "name": "PHE",
      "amount": 1.12
    },
    {
      "name": "PRO",
      "amount": 1.326
    },
    {
      "name": "SER",
      "amount": 1.262
    },
    {
      "name": "THR",
      "amount": 1.249
    },
    {
      "name": "TRP",
      "amount": 0.316
    },
    {
      "name": "TYR",
      "amount": 1.087
    },
    {
      "name": "VAL",
      "amount": 1.491
    }
  ],
  "foodSource": "usda",
  "foodType": "deprecated"
}