{
  "name": "Turkey, young tom, wing, meat and skin, cooked, roasted",
  "sourceUID": 5276,
  "legacyUID": 5276,
  "pCF": 4.0,
  "cCF": 4.0,
  "lCF": 9.0,
  "comments": [],
  "measures": [
    {
      "grams": 1.0,
      "amount": 1.0,
      "description": "g"
    },
    {
      "grams": 21.0,
      "amount": 1.0,
      "description": "unit (yield from 1 lb ready-to-cook turkey)"
    },
    {
      "grams": 237.0,
      "amount": 1.0,
      "description": "wing, bone removed"
    }
  ],
  "nutrients": [
    {
      "name": "Energy",
      "amount": 221.0
    },
    {
      "name": "Protein",
      "amount": 27.45
    },
    {
      "name": "Carbs",
      "amount": 0.0
    },
    {
      "name": "Fiber",
      "amount": 0.0
    },
    {
      "name": "Fat",
      "amount": 11.5
    },
    {
      "name": "Water",
      "amount": 60.31
    },
    {
      "name": "Ash",
      "amount": 0.96
    },
    {
      "name": "Calcium",
      "amount": 23.0
    },
    {
      "name": "Copper",
      "amount": 0.053
    },
    {
      "name": "Iron",
      "amount": 1.46
    },
    {
      "name": "Magnesium",
      "amount": 25.0
    },
    {
      "name": "Manganese",
      "amount": 0.02
    },
    {
      "name": "Phosphorus",
      "amount": 200.0
    },
    {
      "name": "Potassium",
      "amount": 271.0
    },
    {
      "name": "Selenium",
      "amount": 30.2
    },
    {
      "name": "Sodium",
      "amount": 66.0
    },
    {
      "name": "Zinc",
      "amount": 2.1
    },
    {
      "name": "Vitamin A",
      "amount": 0.0
    },
    {
      "name": "Retinol",
      "amount": 0.0
    },
    {
      "name": "Folate",
      "amount": 6.0
    },
    {
      "name": "B1 (Thiamine)",
      "amount": 0.056
    },
    {
      "name": "B2 (Riboflavin)",
      "amount": 0.137
    },
    {
      "name": "B3 (Niacin)",
      "amount": 5.565
    },
    {
      "name": "B5 (Pantothenic Acid)",
      "amount": 0.599
    },
    {
      "name": "B6 (Pyridoxine)",
      "amount": 0.43
    },
    {
      "name": "B12 (Cyanocobalamin)",
      "amount": 0.35
    },
    {
      "name": "Vitamin C",
      "amount": 0.0
    },
    {
      "name": "Saturated",
      "amount": 3.13
    },
    {
      "name": "Monounsaturated",
      "amount": 4.35
    },
    {
      "name": "Polyunsaturated",
      "amount": 2.72
    },
    {
      "name": "Omega-3",
      "amount": 0.19
    },
    {
      "name": "Omega-6",
      "amount": 2.31
    },
    {
      "name": "Cholesterol",
      "amount": 81.0
    },
    {
      "name": "ALA",
      "amount": 1.796
    },
    {
      "name": "ARG",
      "amount": 1.952
    },
    {
      "name": "ASP",
      "amount": 2.627
    },
    {
      "name": "CYS",
      "amount": 0.317
    },
    {
      "name": "GLU",
      "amount": 4.284
    },
    {
      "name": "GLY",
      "amount": 1.915
    },
    {
      "name": "HIS",
      "amount": 0.796
    },
    {
      "name": "ILE",
      "amount": 1.328
    },
    {
      "name": "LEU",
      "amount": 2.081
    },
    {
      "name": "LYS",
      "amount": 2.413
    },
    {
      "name": "MET",
      "amount": 0.75
    },
    {
      "name": "PHE",
      "amount": 1.06
    },
    {
      "name": "PRO",
      "amount": 1.402
    },
    {
      "name": "SER",
      "amount": 1.201
    },
    {
      "name": "THR",
      "amount": 1.177
    },
    {
      "name": "TRP",
      "amount": 0.295
    },
    {
      "name": "TYR",
      "amount": 1.0
    },
    {
      "name": "VAL",
      "amount": 1.402
    }
  ],
  "foodSource": "usda",
  "foodType": "deprecated"
}