{
  "name": "Turkey, young tom, leg, meat and skin, raw",
  "sourceUID": 5273,
  "legacyUID": 5273,
  "pCF": 4.0,
  "cCF": 4.0,
  "lCF": 9.0,
  "comments": [],
  "measures": [
    {
      "grams": 1.0,
      "amount": 1.0,
      "description": "g"
    },
    {
      "grams": 107.0,
      "amount": 1.0,
      "description": "unit (yield from 1 lb ready-to-cook turkey)"
    },
    {
      "grams": 1234.0,
      "amount": 1.0,
      "description": "leg, bone removed"
    }
  ],
  "nutrients": [
    {
      "name": "Energy",
      "amount": 141.0
    },
    {
      "name": "Protein",
      "amount": 19.54
    },
    {
      "name": "Carbs",
      "amount": 0.0
    },
    {
      "name": "Fiber",
      "amount": 0.0
    },
    {
      "name": "Fat",
      "amount": 6.34
    },
    {
      "name": "Water",
      "amount": 72.98
    },
    {
      "name": "Ash",
      "amount": 0.89
    },
    {
      "name": "Calcium",
      "amount": 17.0
    },
    {
      "name": "Copper",
      "amount": 0.136
    },
    {
      "name": "Iron",
      "amount": 1.59
    },
    {
      "name": "Magnesium",
      "amount": 20.0
    },
    {
      "name": "Manganese",
      "amount": 0.02
    },
    {
      "name": "Phosphorus",
      "amount": 177.0
    },
    {
      "name": "Potassium",
      "amount": 275.0
    },
    {
      "name": "Selenium",
      "amount": 27.6
    },
    {
      "name": "Sodium",
      "amount": 77.0
    },
    {
      "name": "Zinc",
      "amount": 3.22
    },
    {
      "name": "Vitamin A",
      "amount": 4.0
    },
    {
      "name": "Retinol",
      "amount": 1.0
    },
    {
      "name": "Folate",
      "amount": 10.0
    },
    {
      "name": "B1 (Thiamine)",
      "amount": 0.084
    },
    {
      "name": "B2 (Riboflavin)",
      "amount": 0.213
    },
    {
      "name": "B3 (Niacin)",
      "amount": 3.185
    },
    {
      "name": "B5 (Pantothenic Acid)",
      "amount": 1.088
    },
    {
      "name": "B6 (Pyridoxine)",
      "amount": 0.34
    },
    {
      "name": "B12 (Cyanocobalamin)",
      "amount": 0.39
    },
    {
      "name": "Vitamin C",
      "amount": 0.0
    },
    {
      "name": "Saturated",
      "amount": 1.94
    },
    {
      "name": "Monounsaturated",
      "amount": 1.94
    },
    {
      "name": "Polyunsaturated",
      "amount": 1.72
    },
    {
      "name": "Omega-3",
      "amount": 0.12000000000000001
    },
    {
      "name": "Omega-6",
      "amount": 1.45
    },
    {
      "name": "Cholesterol",
      "amount": 76.0
    },
    {
      "name": "ALA",
      "amount": 1.229
    },
    {
      "name": "ARG",
      "amount": 1.37
    },
    {
      "name": "ASP",
      "amount": 1.891
    },
    {
      "name": "CYS",
      "amount": 0.209
    },
    {
      "name": "GLU",
      "amount": 3.152
    },
    {
      "name": "GLY",
      "amount": 1.076
    },
    {
      "name": "HIS",
      "amount": 0.598
    },
    {
      "name": "ILE",
      "amount": 0.997
    },
    {
      "name": "LEU",
      "amount": 1.537
    },
    {
      "name": "LYS",
      "amount": 1.809
    },
    {
      "name": "MET",
      "amount": 0.557
    },
    {
      "name": "PHE",
      "amount": 0.77
    },
    {
      "name": "PRO",
      "amount": 0.863
    },
    {
      "name": "SER",
      "amount": 0.866
    },
    {
      "name": "THR",
      "amount": 0.861
    },
    {
      "name": "TRP",
      "amount": 0.219
    },
    {
      "name": "TYR",
      "amount": 0.756
    },
    {
      "name": "VAL",
      "amount": 1.028
    }
  ],
  "foodSource": "usda",
  "foodType": "deprecated"
}