{
  "name": "Turkey roast, boneless, frozen, seasoned, light and dark meat, roasted",
  "sourceUID": 5296,
  "legacyUID": 5296,
  "pCF": 4.0,
  "cCF": 4.0,
  "lCF": 9.0,
  "comments": [],
  "measures": [
    {
      "grams": 1.0,
      "amount": 1.0,
      "description": "g"
    },
    {
      "grams": 135.0,
      "amount": 1.0,
      "description": "cup, chopped or diced"
    },
    {
      "grams": 782.0,
      "amount": 1.0,
      "description": "box (net weight, 1.72 lb)"
    },
    {
      "grams": 196.0,
      "amount": 0.25,
      "description": "box (net weight, 0.43 lb)"
    }
  ],
  "nutrients": [
    {
      "name": "Energy",
      "amount": 155.0
    },
    {
      "name": "Protein",
      "amount": 21.32
    },
    {
      "name": "Carbs",
      "amount": 3.07
    },
    {
      "name": "Fiber",
      "amount": 0.0
    },
    {
      "name": "Sugars",
      "amount": 0.0
    },
    {
      "name": "Fat",
      "amount": 5.78
    },
    {
      "name": "Alcohol",
      "amount": 0.0
    },
    {
      "name": "Caffeine",
      "amount": 0.0
    },
    {
      "name": "Water",
      "amount": 67.84
    },
    {
      "name": "Ash",
      "amount": 1.99
    },
    {
      "name": "Calcium",
      "amount": 5.0
    },
    {
      "name": "Copper",
      "amount": 0.06
    },
    {
      "name": "Iron",
      "amount": 1.63
    },
    {
      "name": "Magnesium",
      "amount": 22.0
    },
    {
      "name": "Manganese",
      "amount": 0.015
    },
    {
      "name": "Phosphorus",
      "amount": 244.0
    },
    {
      "name": "Potassium",
      "amount": 298.0
    },
    {
      "name": "Selenium",
      "amount": 36.5
    },
    {
      "name": "Sodium",
      "amount": 680.0
    },
    {
      "name": "Zinc",
      "amount": 2.54
    },
    {
      "name": "Vitamin A",
      "amount": 0.0
    },
    {
      "name": "Retinol",
      "amount": 0.0
    },
    {
      "name": "Alpha-carotene",
      "amount": 0.0
    },
    {
      "name": "Beta-carotene",
      "amount": 0.0
    },
    {
      "name": "Beta-cryptoxanthin",
      "amount": 0.0
    },
    {
      "name": "Lycopene",
      "amount": 0.0
    },
    {
      "name": "Lutein+Zeaxanthin",
      "amount": 0.0
    },
    {
      "name": "Folate",
      "amount": 5.0
    },
    {
      "name": "B1 (Thiamine)",
      "amount": 0.047
    },
    {
      "name": "B2 (Riboflavin)",
      "amount": 0.163
    },
    {
      "name": "B3 (Niacin)",
      "amount": 6.271
    },
    {
      "name": "B5 (Pantothenic Acid)",
      "amount": 0.806
    },
    {
      "name": "B6 (Pyridoxine)",
      "amount": 0.27
    },
    {
      "name": "B12 (Cyanocobalamin)",
      "amount": 1.52
    },
    {
      "name": "Vitamin C",
      "amount": 0.0
    },
    {
      "name": "Vitamin D",
      "amount": 8.0
    },
    {
      "name": "Vitamin E",
      "amount": 0.38
    },
    {
      "name": "Vitamin K",
      "amount": 0.0
    },
    {
      "name": "Choline",
      "amount": 64.2
    },
    {
      "name": "Saturated",
      "amount": 1.9
    },
    {
      "name": "Monounsaturated",
      "amount": 1.2
    },
    {
      "name": "Polyunsaturated",
      "amount": 1.66
    },
    {
      "name": "Omega-3",
      "amount": 0.13
    },
    {
      "name": "Omega-6",
      "amount": 1.26
    },
    {
      "name": "Cholesterol",
      "amount": 53.0
    },
    {
      "name": "ALA",
      "amount": 1.32
    },
    {
      "name": "ARG",
      "amount": 1.487
    },
    {
      "name": "ASP",
      "amount": 2.07
    },
    {
      "name": "CYS",
      "amount": 0.222
    },
    {
      "name": "GLU",
      "amount": 3.479
    },
    {
      "name": "GLY",
      "amount": 1.057
    },
    {
      "name": "HIS",
      "amount": 0.665
    },
    {
      "name": "ILE",
      "amount": 1.109
    },
    {
      "name": "LEU",
      "amount": 1.698
    },
    {
      "name": "LYS",
      "amount": 2.009
    },
    {
      "name": "MET",
      "amount": 0.617
    },
    {
      "name": "PHE",
      "amount": 0.846
    },
    {
      "name": "PRO",
      "amount": 0.887
    },
    {
      "name": "SER",
      "amount": 0.948
    },
    {
      "name": "THR",
      "amount": 0.948
    },
    {
      "name": "TRP",
      "amount": 0.242
    },
    {
      "name": "TYR",
      "amount": 0.843
    },
    {
      "name": "VAL",
      "amount": 1.132
    }
  ],
  "foodSource": "usda",
  "foodType": "deprecated"
}