{
  "name": "Turkey patties, breaded, battered, fried",
  "sourceUID": 5292,
  "legacyUID": 5292,
  "pCF": 4.0,
  "cCF": 4.0,
  "lCF": 9.0,
  "comments": [],
  "measures": [
    {
      "grams": 1.0,
      "amount": 1.0,
      "description": "g"
    },
    {
      "grams": 28.0,
      "amount": 1.0,
      "description": "medium slice (approx 3\" x 2\" x 1/4\")"
    },
    {
      "grams": 42.0,
      "amount": 1.0,
      "description": "thick slice (approx 3\" x 2\" x 3/8\")"
    },
    {
      "grams": 64.0,
      "amount": 1.0,
      "description": "patty (2.25 oz)"
    },
    {
      "grams": 94.0,
      "amount": 1.0,
      "description": "patty (3.33 oz)"
    }
  ],
  "nutrients": [
    {
      "name": "Energy",
      "amount": 283.0
    },
    {
      "name": "Protein",
      "amount": 14.0
    },
    {
      "name": "Carbs",
      "amount": 15.7
    },
    {
      "name": "Fiber",
      "amount": 0.5
    },
    {
      "name": "Sugars",
      "amount": 0.32
    },
    {
      "name": "Fat",
      "amount": 18.0
    },
    {
      "name": "Alcohol",
      "amount": 0.0
    },
    {
      "name": "Caffeine",
      "amount": 0.0
    },
    {
      "name": "Water",
      "amount": 49.7
    },
    {
      "name": "Ash",
      "amount": 2.6
    },
    {
      "name": "Calcium",
      "amount": 14.0
    },
    {
      "name": "Copper",
      "amount": 0.093
    },
    {
      "name": "Iron",
      "amount": 2.2
    },
    {
      "name": "Magnesium",
      "amount": 15.0
    },
    {
      "name": "Manganese",
      "amount": 0.077
    },
    {
      "name": "Phosphorus",
      "amount": 270.0
    },
    {
      "name": "Potassium",
      "amount": 275.0
    },
    {
      "name": "Selenium",
      "amount": 22.1
    },
    {
      "name": "Sodium",
      "amount": 800.0
    },
    {
      "name": "Zinc",
      "amount": 1.44
    },
    {
      "name": "Vitamin A",
      "amount": 36.0
    },
    {
      "name": "Retinol",
      "amount": 9.0
    },
    {
      "name": "Alpha-carotene",
      "amount": 1.0
    },
    {
      "name": "Beta-carotene",
      "amount": 2.0
    },
    {
      "name": "Beta-cryptoxanthin",
      "amount": 1.0
    },
    {
      "name": "Lycopene",
      "amount": 0.0
    },
    {
      "name": "Lutein+Zeaxanthin",
      "amount": 0.0
    },
    {
      "name": "Folate",
      "amount": 41.0
    },
    {
      "name": "B1 (Thiamine)",
      "amount": 0.1
    },
    {
      "name": "B2 (Riboflavin)",
      "amount": 0.19
    },
    {
      "name": "B3 (Niacin)",
      "amount": 2.3
    },
    {
      "name": "B5 (Pantothenic Acid)",
      "amount": 0.52
    },
    {
      "name": "B6 (Pyridoxine)",
      "amount": 0.197
    },
    {
      "name": "B12 (Cyanocobalamin)",
      "amount": 0.23
    },
    {
      "name": "Vitamin C",
      "amount": 0.0
    },
    {
      "name": "Vitamin D",
      "amount": 4.0
    },
    {
      "name": "Vitamin E",
      "amount": 0.93
    },
    {
      "name": "Vitamin K",
      "amount": 1.8
    },
    {
      "name": "Choline",
      "amount": 54.8
    },
    {
      "name": "Saturated",
      "amount": 4.69
    },
    {
      "name": "Monounsaturated",
      "amount": 7.47
    },
    {
      "name": "Polyunsaturated",
      "amount": 4.71
    },
    {
      "name": "Omega-3",
      "amount": 0.26
    },
    {
      "name": "Omega-6",
      "amount": 4.31
    },
    {
      "name": "Cholesterol",
      "amount": 75.0
    },
    {
      "name": "ALA",
      "amount": 0.8
    },
    {
      "name": "ARG",
      "amount": 0.913
    },
    {
      "name": "ASP",
      "amount": 1.244
    },
    {
      "name": "CYS",
      "amount": 0.174
    },
    {
      "name": "GLU",
      "amount": 2.754
    },
    {
      "name": "GLY",
      "amount": 0.66
    },
    {
      "name": "HIS",
      "amount": 0.416
    },
    {
      "name": "ILE",
      "amount": 0.716
    },
    {
      "name": "LEU",
      "amount": 1.116
    },
    {
      "name": "LYS",
      "amount": 1.161
    },
    {
      "name": "MET",
      "amount": 0.382
    },
    {
      "name": "PHE",
      "amount": 0.592
    },
    {
      "name": "PRO",
      "amount": 0.772
    },
    {
      "name": "SER",
      "amount": 0.665
    },
    {
      "name": "THR",
      "amount": 0.598
    },
    {
      "name": "TRP",
      "amount": 0.167
    },
    {
      "name": "TYR",
      "amount": 0.541
    },
    {
      "name": "VAL",
      "amount": 0.74
    }
  ],
  "foodSource": "usda",
  "foodType": "deprecated"
}