{
  "name": "Chicken breast tenders, cooked, conventional oven",
  "sourceUID": 5325,
  "legacyUID": 5325,
  "pCF": 4.0,
  "cCF": 4.0,
  "lCF": 9.0,
  "comments": [],
  "measures": [
    {
      "grams": 1.0,
      "amount": 1.0,
      "description": "g"
    }
  ],
  "nutrients": [
    {
      "name": "Energy",
      "amount": 293.0
    },
    {
      "name": "Protein",
      "amount": 15.78
    },
    {
      "name": "Carbs",
      "amount": 17.0
    },
    {
      "name": "Fiber",
      "amount": 1.3
    },
    {
      "name": "Starch",
      "amount": 16.32
    },
    {
      "name": "Sugars",
      "amount": 0.41
    },
    {
      "name": "Fat",
      "amount": 17.69
    },
    {
      "name": "Alcohol",
      "amount": 0.0
    },
    {
      "name": "Caffeine",
      "amount": 0.0
    },
    {
      "name": "Water",
      "amount": 47.76
    },
    {
      "name": "Ash",
      "amount": 1.77
    },
    {
      "name": "Calcium",
      "amount": 18.0
    },
    {
      "name": "Copper",
      "amount": 0.233
    },
    {
      "name": "Iron",
      "amount": 1.14
    },
    {
      "name": "Magnesium",
      "amount": 24.0
    },
    {
      "name": "Manganese",
      "amount": 0.231
    },
    {
      "name": "Phosphorus",
      "amount": 210.0
    },
    {
      "name": "Potassium",
      "amount": 218.0
    },
    {
      "name": "Selenium",
      "amount": 24.6
    },
    {
      "name": "Sodium",
      "amount": 457.0
    },
    {
      "name": "Zinc",
      "amount": 0.77
    },
    {
      "name": "Vitamin A",
      "amount": 0.0
    },
    {
      "name": "Retinol",
      "amount": 0.0
    },
    {
      "name": "Alpha-carotene",
      "amount": 0.0
    },
    {
      "name": "Beta-carotene",
      "amount": 0.0
    },
    {
      "name": "Beta-cryptoxanthin",
      "amount": 0.0
    },
    {
      "name": "Lycopene",
      "amount": 0.0
    },
    {
      "name": "Lutein+Zeaxanthin",
      "amount": 0.0
    },
    {
      "name": "Folate",
      "amount": 8.0
    },
    {
      "name": "B1 (Thiamine)",
      "amount": 0.256
    },
    {
      "name": "B2 (Riboflavin)",
      "amount": 0.084
    },
    {
      "name": "B3 (Niacin)",
      "amount": 5.559
    },
    {
      "name": "B5 (Pantothenic Acid)",
      "amount": 0.915
    },
    {
      "name": "B6 (Pyridoxine)",
      "amount": 0.04
    },
    {
      "name": "B12 (Cyanocobalamin)",
      "amount": 0.34
    },
    {
      "name": "Vitamin C",
      "amount": 0.0
    },
    {
      "name": "Vitamin D",
      "amount": 10.0
    },
    {
      "name": "Vitamin E",
      "amount": 0.4
    },
    {
      "name": "Vitamin K",
      "amount": 4.5
    },
    {
      "name": "Choline",
      "amount": 39.4
    },
    {
      "name": "Saturated",
      "amount": 3.786
    },
    {
      "name": "Monounsaturated",
      "amount": 6.787
    },
    {
      "name": "Polyunsaturated",
      "amount": 3.038
    },
    {
      "name": "Omega-3",
      "amount": 0.076
    },
    {
      "name": "Omega-6",
      "amount": 2.962
    },
    {
      "name": "Cholesterol",
      "amount": 44.0
    },
    {
      "name": "ALA",
      "amount": 0.774
    },
    {
      "name": "ARG",
      "amount": 0.895
    },
    {
      "name": "ASP",
      "amount": 1.261
    },
    {
      "name": "CYS",
      "amount": 0.178
    },
    {
      "name": "GLU",
      "amount": 2.361
    },
    {
      "name": "GLY",
      "amount": 0.688
    },
    {
      "name": "HIS",
      "amount": 0.448
    },
    {
      "name": "HYP",
      "amount": 0.105
    },
    {
      "name": "ILE",
      "amount": 0.644
    },
    {
      "name": "LEU",
      "amount": 1.069
    },
    {
      "name": "LYS",
      "amount": 1.032
    },
    {
      "name": "MET",
      "amount": 0.321
    },
    {
      "name": "PHE",
      "amount": 0.548
    },
    {
      "name": "PRO",
      "amount": 0.725
    },
    {
      "name": "SER",
      "amount": 0.568
    },
    {
      "name": "THR",
      "amount": 0.591
    },
    {
      "name": "TRP",
      "amount": 0.195
    },
    {
      "name": "TYR",
      "amount": 0.341
    },
    {
      "name": "VAL",
      "amount": 0.689
    }
  ],
  "foodSource": "usda",
  "foodType": "deprecated"
}