{
  "name": "Chicken nuggets, frozen, cooked",
  "sourceUID": 5321,
  "legacyUID": 5321,
  "pCF": 4.0,
  "cCF": 4.0,
  "lCF": 9.0,
  "comments": [],
  "measures": [
    {
      "grams": 1.0,
      "amount": 1.0,
      "description": "g"
    },
    {
      "grams": 20.0,
      "amount": 1.0,
      "description": "piece"
    }
  ],
  "nutrients": [
    {
      "name": "Energy",
      "amount": 296.0
    },
    {
      "name": "Protein",
      "amount": 15.27
    },
    {
      "name": "Carbs",
      "amount": 14.09
    },
    {
      "name": "Fiber",
      "amount": 2.1
    },
    {
      "name": "Sugars",
      "amount": 0.0
    },
    {
      "name": "Fat",
      "amount": 19.82
    },
    {
      "name": "Alcohol",
      "amount": 0.0
    },
    {
      "name": "Caffeine",
      "amount": 0.0
    },
    {
      "name": "Water",
      "amount": 48.59
    },
    {
      "name": "Ash",
      "amount": 2.24
    },
    {
      "name": "Calcium",
      "amount": 31.0
    },
    {
      "name": "Copper",
      "amount": 0.139
    },
    {
      "name": "Iron",
      "amount": 1.18
    },
    {
      "name": "Magnesium",
      "amount": 26.0
    },
    {
      "name": "Manganese",
      "amount": 0.301
    },
    {
      "name": "Phosphorus",
      "amount": 198.0
    },
    {
      "name": "Potassium",
      "amount": 265.0
    },
    {
      "name": "Selenium",
      "amount": 17.3
    },
    {
      "name": "Sodium",
      "amount": 557.0
    },
    {
      "name": "Zinc",
      "amount": 1.24
    },
    {
      "name": "Vitamin A",
      "amount": 0.0
    },
    {
      "name": "Retinol",
      "amount": 0.0
    },
    {
      "name": "Alpha-carotene",
      "amount": 0.0
    },
    {
      "name": "Beta-carotene",
      "amount": 0.0
    },
    {
      "name": "Beta-cryptoxanthin",
      "amount": 0.0
    },
    {
      "name": "Lycopene",
      "amount": 0.0
    },
    {
      "name": "Lutein+Zeaxanthin",
      "amount": 0.0
    },
    {
      "name": "Folate",
      "amount": 3.0
    },
    {
      "name": "B1 (Thiamine)",
      "amount": 0.1
    },
    {
      "name": "B2 (Riboflavin)",
      "amount": 0.063
    },
    {
      "name": "B3 (Niacin)",
      "amount": 4.461
    },
    {
      "name": "B5 (Pantothenic Acid)",
      "amount": 1.017
    },
    {
      "name": "B6 (Pyridoxine)",
      "amount": 0.174
    },
    {
      "name": "B12 (Cyanocobalamin)",
      "amount": 0.12
    },
    {
      "name": "Vitamin C",
      "amount": 0.0
    },
    {
      "name": "Vitamin D",
      "amount": 11.0
    },
    {
      "name": "Vitamin E",
      "amount": 1.27
    },
    {
      "name": "Beta Tocopherol",
      "amount": 0.05
    },
    {
      "name": "Delta Tocopherol",
      "amount": 1.29
    },
    {
      "name": "Gamma Tocopherol",
      "amount": 3.74
    },
    {
      "name": "Vitamin K",
      "amount": 11.0
    },
    {
      "name": "Choline",
      "amount": 40.8
    },
    {
      "name": "Saturated",
      "amount": 3.992
    },
    {
      "name": "Monounsaturated",
      "amount": 8.862
    },
    {
      "name": "Polyunsaturated",
      "amount": 4.376
    },
    {
      "name": "Omega-3",
      "amount": 0.231
    },
    {
      "name": "Omega-6",
      "amount": 4.145
    },
    {
      "name": "Cholesterol",
      "amount": 43.0
    },
    {
      "name": "ALA",
      "amount": 0.749
    },
    {
      "name": "ARG",
      "amount": 0.866
    },
    {
      "name": "ASP",
      "amount": 1.221
    },
    {
      "name": "CYS",
      "amount": 0.172
    },
    {
      "name": "GLU",
      "amount": 2.285
    },
    {
      "name": "GLY",
      "amount": 0.665
    },
    {
      "name": "HIS",
      "amount": 0.433
    },
    {
      "name": "HYP",
      "amount": 0.102
    },
    {
      "name": "ILE",
      "amount": 0.623
    },
    {
      "name": "LEU",
      "amount": 1.035
    },
    {
      "name": "LYS",
      "amount": 0.999
    },
    {
      "name": "MET",
      "amount": 0.31
    },
    {
      "name": "PHE",
      "amount": 0.53
    },
    {
      "name": "PRO",
      "amount": 0.702
    },
    {
      "name": "SER",
      "amount": 0.55
    },
    {
      "name": "THR",
      "amount": 0.571
    },
    {
      "name": "TRP",
      "amount": 0.188
    },
    {
      "name": "TYR",
      "amount": 0.33
    },
    {
      "name": "VAL",
      "amount": 0.667
    }
  ],
  "foodSource": "usda",
  "foodType": "deprecated"
}