{
  "name": "Chicken nuggets, frozen, uncooked",
  "sourceUID": 5322,
  "legacyUID": 5322,
  "pCF": 4.0,
  "cCF": 4.0,
  "lCF": 9.0,
  "comments": [],
  "measures": [
    {
      "grams": 1.0,
      "amount": 1.0,
      "description": "g"
    },
    {
      "grams": 20.0,
      "amount": 1.0,
      "description": "piece"
    }
  ],
  "nutrients": [
    {
      "name": "Energy",
      "amount": 276.0
    },
    {
      "name": "Protein",
      "amount": 13.89
    },
    {
      "name": "Carbs",
      "amount": 14.38
    },
    {
      "name": "Fiber",
      "amount": 2.4
    },
    {
      "name": "Sugars",
      "amount": 0.0
    },
    {
      "name": "Fat",
      "amount": 18.06
    },
    {
      "name": "Alcohol",
      "amount": 0.0
    },
    {
      "name": "Caffeine",
      "amount": 0.0
    },
    {
      "name": "Water",
      "amount": 51.55
    },
    {
      "name": "Ash",
      "amount": 2.13
    },
    {
      "name": "Calcium",
      "amount": 22.0
    },
    {
      "name": "Copper",
      "amount": 0.135
    },
    {
      "name": "Iron",
      "amount": 1.06
    },
    {
      "name": "Magnesium",
      "amount": 17.0
    },
    {
      "name": "Manganese",
      "amount": 0.279
    },
    {
      "name": "Phosphorus",
      "amount": 169.0
    },
    {
      "name": "Potassium",
      "amount": 249.0
    },
    {
      "name": "Selenium",
      "amount": 17.0
    },
    {
      "name": "Sodium",
      "amount": 424.0
    },
    {
      "name": "Zinc",
      "amount": 0.81
    },
    {
      "name": "Vitamin A",
      "amount": 53.0
    },
    {
      "name": "Retinol",
      "amount": 16.0
    },
    {
      "name": "Alpha-carotene",
      "amount": 0.0
    },
    {
      "name": "Beta-carotene",
      "amount": 0.0
    },
    {
      "name": "Beta-cryptoxanthin",
      "amount": 0.0
    },
    {
      "name": "Lycopene",
      "amount": 0.0
    },
    {
      "name": "Lutein+Zeaxanthin",
      "amount": 0.0
    },
    {
      "name": "Folate",
      "amount": 5.0
    },
    {
      "name": "B1 (Thiamine)",
      "amount": 0.106
    },
    {
      "name": "B2 (Riboflavin)",
      "amount": 0.055
    },
    {
      "name": "B3 (Niacin)",
      "amount": 6.736
    },
    {
      "name": "B5 (Pantothenic Acid)",
      "amount": 0.832
    },
    {
      "name": "B6 (Pyridoxine)",
      "amount": 0.331
    },
    {
      "name": "B12 (Cyanocobalamin)",
      "amount": 0.23
    },
    {
      "name": "Vitamin C",
      "amount": 0.0
    },
    {
      "name": "Vitamin E",
      "amount": 1.18
    },
    {
      "name": "Beta Tocopherol",
      "amount": 0.05
    },
    {
      "name": "Delta Tocopherol",
      "amount": 1.3
    },
    {
      "name": "Gamma Tocopherol",
      "amount": 3.73
    },
    {
      "name": "Vitamin K",
      "amount": 10.0
    },
    {
      "name": "Choline",
      "amount": 45.5
    },
    {
      "name": "Saturated",
      "amount": 3.575
    },
    {
      "name": "Monounsaturated",
      "amount": 8.266
    },
    {
      "name": "Polyunsaturated",
      "amount": 4.393
    },
    {
      "name": "Omega-3",
      "amount": 0.194
    },
    {
      "name": "Omega-6",
      "amount": 4.199
    },
    {
      "name": "Cholesterol",
      "amount": 36.0
    },
    {
      "name": "ALA",
      "amount": 0.681
    },
    {
      "name": "ARG",
      "amount": 0.758
    },
    {
      "name": "ASP",
      "amount": 1.122
    },
    {
      "name": "CYS",
      "amount": 0.157
    },
    {
      "name": "GLU",
      "amount": 2.114
    },
    {
      "name": "GLY",
      "amount": 0.596
    },
    {
      "name": "HIS",
      "amount": 0.41
    },
    {
      "name": "HYP",
      "amount": 0.073
    },
    {
      "name": "ILE",
      "amount": 0.568
    },
    {
      "name": "LEU",
      "amount": 0.961
    },
    {
      "name": "LYS",
      "amount": 0.931
    },
    {
      "name": "MET",
      "amount": 0.283
    },
    {
      "name": "PHE",
      "amount": 0.495
    },
    {
      "name": "PRO",
      "amount": 0.636
    },
    {
      "name": "SER",
      "amount": 0.507
    },
    {
      "name": "THR",
      "amount": 0.526
    },
    {
      "name": "TRP",
      "amount": 0.173
    },
    {
      "name": "TYR",
      "amount": 0.313
    },
    {
      "name": "VAL",
      "amount": 0.621
    }
  ],
  "foodSource": "usda",
  "foodType": "deprecated"
}