{
  "name": "USDA Commodity Chicken, canned, meat only, drained",
  "sourceUID": 5336,
  "legacyUID": 5336,
  "pCF": 4.0,
  "cCF": 4.0,
  "lCF": 9.0,
  "comments": [],
  "measures": [
    {
      "grams": 1.0,
      "amount": 1.0,
      "description": "g"
    },
    {
      "grams": 135.0,
      "amount": 1.0,
      "description": "cup drained"
    },
    {
      "grams": 142.0,
      "amount": 1.0,
      "description": "can (5 oz)"
    }
  ],
  "nutrients": [
    {
      "name": "Energy",
      "amount": 162.0
    },
    {
      "name": "Protein",
      "amount": 27.52
    },
    {
      "name": "Carbs",
      "amount": 0.0
    },
    {
      "name": "Fiber",
      "amount": 0.0
    },
    {
      "name": "Sugars",
      "amount": 0.0
    },
    {
      "name": "Fat",
      "amount": 5.72
    },
    {
      "name": "Alcohol",
      "amount": 0.0
    },
    {
      "name": "Caffeine",
      "amount": 0.0
    },
    {
      "name": "Water",
      "amount": 67.29
    },
    {
      "name": "Ash",
      "amount": 0.89
    },
    {
      "name": "Calcium",
      "amount": 12.0
    },
    {
      "name": "Copper",
      "amount": 0.061
    },
    {
      "name": "Iron",
      "amount": 1.16
    },
    {
      "name": "Magnesium",
      "amount": 22.0
    },
    {
      "name": "Manganese",
      "amount": 0.019
    },
    {
      "name": "Phosphorus",
      "amount": 156.0
    },
    {
      "name": "Potassium",
      "amount": 189.0
    },
    {
      "name": "Selenium",
      "amount": 24.5
    },
    {
      "name": "Sodium",
      "amount": 271.0
    },
    {
      "name": "Zinc",
      "amount": 1.94
    },
    {
      "name": "Vitamin A",
      "amount": 41.0
    },
    {
      "name": "Retinol",
      "amount": 12.0
    },
    {
      "name": "Alpha-carotene",
      "amount": 0.0
    },
    {
      "name": "Beta-carotene",
      "amount": 0.0
    },
    {
      "name": "Beta-cryptoxanthin",
      "amount": 0.0
    },
    {
      "name": "Lycopene",
      "amount": 0.0
    },
    {
      "name": "Lutein+Zeaxanthin",
      "amount": 0.0
    },
    {
      "name": "Folate",
      "amount": 6.0
    },
    {
      "name": "B1 (Thiamine)",
      "amount": 0.051
    },
    {
      "name": "B2 (Riboflavin)",
      "amount": 0.171
    },
    {
      "name": "B3 (Niacin)",
      "amount": 6.505
    },
    {
      "name": "B5 (Pantothenic Acid)",
      "amount": 0.755
    },
    {
      "name": "B6 (Pyridoxine)",
      "amount": 0.266
    },
    {
      "name": "B12 (Cyanocobalamin)",
      "amount": 0.23
    },
    {
      "name": "Vitamin C",
      "amount": 0.0
    },
    {
      "name": "Vitamin E",
      "amount": 0.27
    },
    {
      "name": "Vitamin K",
      "amount": 2.0
    },
    {
      "name": "Choline",
      "amount": 73.8
    },
    {
      "name": "Saturated",
      "amount": 1.572
    },
    {
      "name": "Monounsaturated",
      "amount": 2.047
    },
    {
      "name": "Polyunsaturated",
      "amount": 1.313
    },
    {
      "name": "Omega-3",
      "amount": 0.114
    },
    {
      "name": "Omega-6",
      "amount": 1.062
    },
    {
      "name": "Cholesterol",
      "amount": 83.0
    },
    {
      "name": "ALA",
      "amount": 1.502
    },
    {
      "name": "ARG",
      "amount": 1.66
    },
    {
      "name": "ASP",
      "amount": 2.454
    },
    {
      "name": "CYS",
      "amount": 0.352
    },
    {
      "name": "GLU",
      "amount": 4.122
    },
    {
      "name": "GLY",
      "amount": 1.352
    },
    {
      "name": "HIS",
      "amount": 0.855
    },
    {
      "name": "ILE",
      "amount": 1.453
    },
    {
      "name": "LEU",
      "amount": 2.066
    },
    {
      "name": "LYS",
      "amount": 2.338
    },
    {
      "name": "MET",
      "amount": 0.762
    },
    {
      "name": "PHE",
      "amount": 1.092
    },
    {
      "name": "PRO",
      "amount": 1.132
    },
    {
      "name": "SER",
      "amount": 0.947
    },
    {
      "name": "THR",
      "amount": 1.162
    },
    {
      "name": "TRP",
      "amount": 0.322
    },
    {
      "name": "TYR",
      "amount": 0.929
    },
    {
      "name": "VAL",
      "amount": 1.365
    }
  ],
  "foodSource": "usda",
  "foodType": "deprecated"
}