{
  "name": "USDA Commodity, Chicken, canned, meat only, with water",
  "sourceUID": 5337,
  "legacyUID": 5337,
  "pCF": 4.0,
  "cCF": 4.0,
  "lCF": 9.0,
  "comments": [],
  "measures": [
    {
      "grams": 1.0,
      "amount": 1.0,
      "description": "g"
    },
    {
      "grams": 135.0,
      "amount": 1.0,
      "description": "cup drained"
    },
    {
      "grams": 142.0,
      "amount": 1.0,
      "description": "can (5 oz)"
    }
  ],
  "nutrients": [
    {
      "name": "Energy",
      "amount": 129.0
    },
    {
      "name": "Protein",
      "amount": 22.02
    },
    {
      "name": "Carbs",
      "amount": 0.0
    },
    {
      "name": "Fiber",
      "amount": 0.0
    },
    {
      "name": "Sugars",
      "amount": 0.0
    },
    {
      "name": "Fat",
      "amount": 4.58
    },
    {
      "name": "Alcohol",
      "amount": 0.0
    },
    {
      "name": "Caffeine",
      "amount": 0.0
    },
    {
      "name": "Water",
      "amount": 73.31
    },
    {
      "name": "Ash",
      "amount": 1.23
    },
    {
      "name": "Calcium",
      "amount": 10.0
    },
    {
      "name": "Copper",
      "amount": 0.051
    },
    {
      "name": "Fluoride",
      "amount": 15.8
    },
    {
      "name": "Iron",
      "amount": 0.93
    },
    {
      "name": "Magnesium",
      "amount": 18.0
    },
    {
      "name": "Manganese",
      "amount": 0.015
    },
    {
      "name": "Phosphorus",
      "amount": 125.0
    },
    {
      "name": "Potassium",
      "amount": 151.0
    },
    {
      "name": "Selenium",
      "amount": 19.6
    },
    {
      "name": "Sodium",
      "amount": 251.0
    },
    {
      "name": "Zinc",
      "amount": 1.55
    },
    {
      "name": "Vitamin A",
      "amount": 33.0
    },
    {
      "name": "Retinol",
      "amount": 10.0
    },
    {
      "name": "Alpha-carotene",
      "amount": 0.0
    },
    {
      "name": "Beta-carotene",
      "amount": 0.0
    },
    {
      "name": "Beta-cryptoxanthin",
      "amount": 0.0
    },
    {
      "name": "Lycopene",
      "amount": 0.0
    },
    {
      "name": "Lutein+Zeaxanthin",
      "amount": 0.0
    },
    {
      "name": "Folate",
      "amount": 5.0
    },
    {
      "name": "B1 (Thiamine)",
      "amount": 0.041
    },
    {
      "name": "B2 (Riboflavin)",
      "amount": 0.137
    },
    {
      "name": "B3 (Niacin)",
      "amount": 5.204
    },
    {
      "name": "B5 (Pantothenic Acid)",
      "amount": 0.604
    },
    {
      "name": "B6 (Pyridoxine)",
      "amount": 0.213
    },
    {
      "name": "B12 (Cyanocobalamin)",
      "amount": 0.18
    },
    {
      "name": "Vitamin C",
      "amount": 0.0
    },
    {
      "name": "Vitamin E",
      "amount": 0.21
    },
    {
      "name": "Vitamin K",
      "amount": 1.6
    },
    {
      "name": "Choline",
      "amount": 59.1
    },
    {
      "name": "Saturated",
      "amount": 1.258
    },
    {
      "name": "Monounsaturated",
      "amount": 1.637
    },
    {
      "name": "Polyunsaturated",
      "amount": 1.05
    },
    {
      "name": "Omega-3",
      "amount": 0.091
    },
    {
      "name": "Omega-6",
      "amount": 0.849
    },
    {
      "name": "Cholesterol",
      "amount": 67.0
    },
    {
      "name": "Phytosterol",
      "amount": 0.0
    },
    {
      "name": "ALA",
      "amount": 1.201
    },
    {
      "name": "ARG",
      "amount": 1.328
    },
    {
      "name": "ASP",
      "amount": 1.963
    },
    {
      "name": "CYS",
      "amount": 0.282
    },
    {
      "name": "GLU",
      "amount": 3.298
    },
    {
      "name": "GLY",
      "amount": 1.082
    },
    {
      "name": "HIS",
      "amount": 0.684
    },
    {
      "name": "ILE",
      "amount": 1.163
    },
    {
      "name": "LEU",
      "amount": 1.653
    },
    {
      "name": "LYS",
      "amount": 1.871
    },
    {
      "name": "MET",
      "amount": 0.61
    },
    {
      "name": "PHE",
      "amount": 0.874
    },
    {
      "name": "PRO",
      "amount": 0.906
    },
    {
      "name": "SER",
      "amount": 0.757
    },
    {
      "name": "THR",
      "amount": 0.93
    },
    {
      "name": "TRP",
      "amount": 0.258
    },
    {
      "name": "TYR",
      "amount": 0.743
    },
    {
      "name": "VAL",
      "amount": 1.092
    }
  ],
  "foodSource": "usda",
  "foodType": "deprecated"
}