{
  "name": "USDA Commodity, chicken fajita strips, frozen",
  "sourceUID": 5353,
  "legacyUID": 5353,
  "pCF": 4.0,
  "cCF": 4.0,
  "lCF": 9.0,
  "comments": [],
  "measures": [
    {
      "grams": 1.0,
      "amount": 1.0,
      "description": "g"
    },
    {
      "grams": 9.4,
      "amount": 1.0,
      "description": "strip"
    }
  ],
  "nutrients": [
    {
      "name": "Energy",
      "amount": 135.0
    },
    {
      "name": "Protein",
      "amount": 18.56
    },
    {
      "name": "Carbs",
      "amount": 2.23
    },
    {
      "name": "Fiber",
      "amount": 0.0
    },
    {
      "name": "Sugars",
      "amount": 0.0
    },
    {
      "name": "Fat",
      "amount": 5.73
    },
    {
      "name": "Alcohol",
      "amount": 0.0
    },
    {
      "name": "Caffeine",
      "amount": 0.0
    },
    {
      "name": "Water",
      "amount": 70.6
    },
    {
      "name": "Ash",
      "amount": 2.88
    },
    {
      "name": "Calcium",
      "amount": 13.0
    },
    {
      "name": "Copper",
      "amount": 0.03
    },
    {
      "name": "Iron",
      "amount": 0.99
    },
    {
      "name": "Magnesium",
      "amount": 22.0
    },
    {
      "name": "Manganese",
      "amount": 0.066
    },
    {
      "name": "Phosphorus",
      "amount": 277.0
    },
    {
      "name": "Potassium",
      "amount": 284.0
    },
    {
      "name": "Selenium",
      "amount": 16.7
    },
    {
      "name": "Sodium",
      "amount": 799.0
    },
    {
      "name": "Zinc",
      "amount": 1.37
    },
    {
      "name": "Vitamin A",
      "amount": 0.0
    },
    {
      "name": "Retinol",
      "amount": 5.0
    },
    {
      "name": "Alpha-carotene",
      "amount": 0.0
    },
    {
      "name": "Beta-carotene",
      "amount": 0.0
    },
    {
      "name": "Beta-cryptoxanthin",
      "amount": 0.0
    },
    {
      "name": "Lycopene",
      "amount": 0.0
    },
    {
      "name": "Lutein+Zeaxanthin",
      "amount": 0.0
    },
    {
      "name": "Folate",
      "amount": 4.0
    },
    {
      "name": "B1 (Thiamine)",
      "amount": 0.1
    },
    {
      "name": "B2 (Riboflavin)",
      "amount": 0.213
    },
    {
      "name": "B3 (Niacin)",
      "amount": 4.779
    },
    {
      "name": "B5 (Pantothenic Acid)",
      "amount": 0.726
    },
    {
      "name": "B6 (Pyridoxine)",
      "amount": 0.387
    },
    {
      "name": "B12 (Cyanocobalamin)",
      "amount": 0.54
    },
    {
      "name": "Vitamin C",
      "amount": 0.0
    },
    {
      "name": "Vitamin E",
      "amount": 0.22
    },
    {
      "name": "Vitamin K",
      "amount": 0.2
    },
    {
      "name": "Choline",
      "amount": 67.8
    },
    {
      "name": "Saturated",
      "amount": 1.596
    },
    {
      "name": "Monounsaturated",
      "amount": 2.333
    },
    {
      "name": "Polyunsaturated",
      "amount": 1.089
    },
    {
      "name": "Omega-3",
      "amount": 0.057
    },
    {
      "name": "Omega-6",
      "amount": 0.917
    },
    {
      "name": "Cholesterol",
      "amount": 88.0
    },
    {
      "name": "ALA",
      "amount": 0.919
    },
    {
      "name": "ARG",
      "amount": 1.186
    },
    {
      "name": "ASP",
      "amount": 1.095
    },
    {
      "name": "CYS",
      "amount": 0.199
    },
    {
      "name": "GLU",
      "amount": 2.098
    },
    {
      "name": "GLY",
      "amount": 0.786
    },
    {
      "name": "HIS",
      "amount": 0.68
    },
    {
      "name": "HYP",
      "amount": 0.093
    },
    {
      "name": "ILE",
      "amount": 0.813
    },
    {
      "name": "LEU",
      "amount": 1.56
    },
    {
      "name": "LYS",
      "amount": 1.857
    },
    {
      "name": "MET",
      "amount": 0.552
    },
    {
      "name": "PHE",
      "amount": 0.763
    },
    {
      "name": "PRO",
      "amount": 0.695
    },
    {
      "name": "SER",
      "amount": 0.615
    },
    {
      "name": "THR",
      "amount": 0.452
    },
    {
      "name": "TRP",
      "amount": 0.2
    },
    {
      "name": "TYR",
      "amount": 0.633
    },
    {
      "name": "VAL",
      "amount": 0.847
    }
  ],
  "foodSource": "usda",
  "foodType": "deprecated"
}