{
  "name": "USDA Commodity, turkey taco meat, frozen, cooked",
  "sourceUID": 5354,
  "legacyUID": 5354,
  "pCF": 4.0,
  "cCF": 4.0,
  "lCF": 9.0,
  "comments": [],
  "measures": [
    {
      "grams": 1.0,
      "amount": 1.0,
      "description": "g"
    },
    {
      "grams": 85.0,
      "amount": 3.0,
      "description": "oz"
    },
    {
      "grams": 183.0,
      "amount": 1.0,
      "description": "cup"
    }
  ],
  "nutrients": [
    {
      "name": "Energy",
      "amount": 148.0
    },
    {
      "name": "Protein",
      "amount": 16.8
    },
    {
      "name": "Carbs",
      "amount": 3.03
    },
    {
      "name": "Fiber",
      "amount": 0.0
    },
    {
      "name": "Sugars",
      "amount": 0.0
    },
    {
      "name": "Fat",
      "amount": 7.58
    },
    {
      "name": "Alcohol",
      "amount": 0.0
    },
    {
      "name": "Caffeine",
      "amount": 0.0
    },
    {
      "name": "Water",
      "amount": 70.0
    },
    {
      "name": "Ash",
      "amount": 2.58
    },
    {
      "name": "Calcium",
      "amount": 69.0
    },
    {
      "name": "Copper",
      "amount": 0.03
    },
    {
      "name": "Iron",
      "amount": 1.8
    },
    {
      "name": "Magnesium",
      "amount": 27.0
    },
    {
      "name": "Manganese",
      "amount": 0.165
    },
    {
      "name": "Phosphorus",
      "amount": 180.0
    },
    {
      "name": "Potassium",
      "amount": 297.0
    },
    {
      "name": "Selenium",
      "amount": 17.9
    },
    {
      "name": "Sodium",
      "amount": 632.0
    },
    {
      "name": "Zinc",
      "amount": 2.52
    },
    {
      "name": "Vitamin A",
      "amount": 0.0
    },
    {
      "name": "Retinol",
      "amount": 0.0
    },
    {
      "name": "Alpha-carotene",
      "amount": 0.0
    },
    {
      "name": "Beta-carotene",
      "amount": 0.0
    },
    {
      "name": "Beta-cryptoxanthin",
      "amount": 0.0
    },
    {
      "name": "Lycopene",
      "amount": 0.0
    },
    {
      "name": "Lutein+Zeaxanthin",
      "amount": 0.0
    },
    {
      "name": "Folate",
      "amount": 25.0
    },
    {
      "name": "B1 (Thiamine)",
      "amount": 0.078
    },
    {
      "name": "B2 (Riboflavin)",
      "amount": 0.334
    },
    {
      "name": "B3 (Niacin)",
      "amount": 2.982
    },
    {
      "name": "B5 (Pantothenic Acid)",
      "amount": 0.595
    },
    {
      "name": "B6 (Pyridoxine)",
      "amount": 0.3
    },
    {
      "name": "B12 (Cyanocobalamin)",
      "amount": 2.17
    },
    {
      "name": "Vitamin C",
      "amount": 0.0
    },
    {
      "name": "Vitamin E",
      "amount": 0.25
    },
    {
      "name": "Vitamin K",
      "amount": 0.0
    },
    {
      "name": "Choline",
      "amount": 53.2
    },
    {
      "name": "Saturated",
      "amount": 1.765
    },
    {
      "name": "Monounsaturated",
      "amount": 2.59
    },
    {
      "name": "Polyunsaturated",
      "amount": 2.11
    },
    {
      "name": "Omega-3",
      "amount": 0.11499999999999999
    },
    {
      "name": "Omega-6",
      "amount": 1.865
    },
    {
      "name": "Cholesterol",
      "amount": 71.0
    }
  ],
  "foodSource": "usda",
  "foodType": "deprecated"
}