{
  "name": "USDA Commodity, turkey ham, dark meat, smoked, frozen",
  "sourceUID": 5600,
  "legacyUID": 5600,
  "pCF": 4.0,
  "cCF": 4.0,
  "lCF": 9.0,
  "comments": [],
  "measures": [
    {
      "grams": 1.0,
      "amount": 1.0,
      "description": "g"
    },
    {
      "grams": 28.35,
      "amount": 1.0,
      "description": "oz"
    },
    {
      "grams": 28.0,
      "amount": 1.0,
      "description": "serving"
    }
  ],
  "nutrients": [
    {
      "name": "Energy",
      "amount": 118.0
    },
    {
      "name": "Protein",
      "amount": 16.3
    },
    {
      "name": "Carbs",
      "amount": 3.1
    },
    {
      "name": "Fiber",
      "amount": 0.0
    },
    {
      "name": "Sugars",
      "amount": 1.2
    },
    {
      "name": "Fat",
      "amount": 4.0
    },
    {
      "name": "Water",
      "amount": 73.5
    },
    {
      "name": "Ash",
      "amount": 3.2
    },
    {
      "name": "Calcium",
      "amount": 7.0
    },
    {
      "name": "Iron",
      "amount": 1.0
    },
    {
      "name": "Magnesium",
      "amount": 16.0
    },
    {
      "name": "Phosphorus",
      "amount": 289.0
    },
    {
      "name": "Potassium",
      "amount": 253.0
    },
    {
      "name": "Selenium",
      "amount": 38.2
    },
    {
      "name": "Sodium",
      "amount": 909.0
    },
    {
      "name": "Zinc",
      "amount": 2.1
    },
    {
      "name": "Vitamin A",
      "amount": 53.0
    },
    {
      "name": "Retinol",
      "amount": 16.0
    },
    {
      "name": "B1 (Thiamine)",
      "amount": 0.23
    },
    {
      "name": "B2 (Riboflavin)",
      "amount": 0.27
    },
    {
      "name": "B3 (Niacin)",
      "amount": 4.12
    },
    {
      "name": "B6 (Pyridoxine)",
      "amount": 0.06
    },
    {
      "name": "B12 (Cyanocobalamin)",
      "amount": 0.8
    },
    {
      "name": "Vitamin C",
      "amount": 0.0
    },
    {
      "name": "Saturated",
      "amount": 1.2
    },
    {
      "name": "Monounsaturated",
      "amount": 1.337
    },
    {
      "name": "Polyunsaturated",
      "amount": 0.873
    },
    {
      "name": "Omega-3",
      "amount": 0.037
    },
    {
      "name": "Omega-6",
      "amount": 0.836
    },
    {
      "name": "Cholesterol",
      "amount": 64.0
    }
  ],
  "foodSource": "usda",
  "foodType": "deprecated"
}