{
  "name": "Soup, chicken with dumplings, canned, condensed",
  "sourceUID": 6012,
  "legacyUID": 6012,
  "pCF": 4.0,
  "cCF": 4.0,
  "lCF": 9.0,
  "comments": [],
  "measures": [
    {
      "grams": 1.0,
      "amount": 1.0,
      "description": "g"
    },
    {
      "grams": 123.0,
      "amount": 0.5,
      "description": "cup (4 fl oz)"
    },
    {
      "grams": 298.0,
      "amount": 1.0,
      "description": "can (10.5 oz)"
    }
  ],
  "nutrients": [
    {
      "name": "Energy",
      "amount": 79.0
    },
    {
      "name": "Protein",
      "amount": 4.58
    },
    {
      "name": "Carbs",
      "amount": 4.93
    },
    {
      "name": "Fiber",
      "amount": 0.4
    },
    {
      "name": "Sugars",
      "amount": 0.46
    },
    {
      "name": "Fat",
      "amount": 4.51
    },
    {
      "name": "Alcohol",
      "amount": 0.0
    },
    {
      "name": "Caffeine",
      "amount": 0.0
    },
    {
      "name": "Water",
      "amount": 83.82
    },
    {
      "name": "Ash",
      "amount": 2.16
    },
    {
      "name": "Calcium",
      "amount": 12.0
    },
    {
      "name": "Copper",
      "amount": 0.1
    },
    {
      "name": "Iron",
      "amount": 0.51
    },
    {
      "name": "Magnesium",
      "amount": 3.0
    },
    {
      "name": "Manganese",
      "amount": 0.4
    },
    {
      "name": "Phosphorus",
      "amount": 50.0
    },
    {
      "name": "Potassium",
      "amount": 95.0
    },
    {
      "name": "Selenium",
      "amount": 9.8
    },
    {
      "name": "Sodium",
      "amount": 618.0
    },
    {
      "name": "Zinc",
      "amount": 0.3
    },
    {
      "name": "Vitamin A",
      "amount": 281.0
    },
    {
      "name": "Retinol",
      "amount": 13.0
    },
    {
      "name": "Alpha-carotene",
      "amount": 48.0
    },
    {
      "name": "Beta-carotene",
      "amount": 119.0
    },
    {
      "name": "Beta-cryptoxanthin",
      "amount": 0.0
    },
    {
      "name": "Lycopene",
      "amount": 0.0
    },
    {
      "name": "Lutein+Zeaxanthin",
      "amount": 18.0
    },
    {
      "name": "Folate",
      "amount": 2.0
    },
    {
      "name": "B1 (Thiamine)",
      "amount": 0.013
    },
    {
      "name": "B2 (Riboflavin)",
      "amount": 0.059
    },
    {
      "name": "B3 (Niacin)",
      "amount": 1.43
    },
    {
      "name": "B5 (Pantothenic Acid)",
      "amount": 0.12
    },
    {
      "name": "B6 (Pyridoxine)",
      "amount": 0.03
    },
    {
      "name": "B12 (Cyanocobalamin)",
      "amount": 0.13
    },
    {
      "name": "Vitamin C",
      "amount": 0.0
    },
    {
      "name": "Vitamin D",
      "amount": 0.0
    },
    {
      "name": "Vitamin E",
      "amount": 0.44
    },
    {
      "name": "Vitamin K",
      "amount": 2.6
    },
    {
      "name": "Choline",
      "amount": 12.3
    },
    {
      "name": "Saturated",
      "amount": 1.07
    },
    {
      "name": "Monounsaturated",
      "amount": 2.06
    },
    {
      "name": "Polyunsaturated",
      "amount": 1.06
    },
    {
      "name": "Omega-3",
      "amount": 0.03
    },
    {
      "name": "Omega-6",
      "amount": 1.0
    },
    {
      "name": "Cholesterol",
      "amount": 27.0
    },
    {
      "name": "ALA",
      "amount": 0.281
    },
    {
      "name": "ARG",
      "amount": 0.238
    },
    {
      "name": "ASP",
      "amount": 0.392
    },
    {
      "name": "CYS",
      "amount": 0.059
    },
    {
      "name": "GLU",
      "amount": 1.242
    },
    {
      "name": "GLY",
      "amount": 0.336
    },
    {
      "name": "HIS",
      "amount": 0.112
    },
    {
      "name": "ILE",
      "amount": 0.199
    },
    {
      "name": "LEU",
      "amount": 0.333
    },
    {
      "name": "LYS",
      "amount": 0.308
    },
    {
      "name": "MET",
      "amount": 0.088
    },
    {
      "name": "PHE",
      "amount": 0.182
    },
    {
      "name": "PRO",
      "amount": 0.301
    },
    {
      "name": "SER",
      "amount": 0.155
    },
    {
      "name": "THR",
      "amount": 0.158
    },
    {
      "name": "TRP",
      "amount": 0.044
    },
    {
      "name": "TYR",
      "amount": 0.117
    },
    {
      "name": "VAL",
      "amount": 0.226
    }
  ],
  "foodSource": "usda",
  "foodType": "deprecated"
}