{
  "name": "CAMPBELL'S Red and White, Broccoli Cheese Soup, condensed",
  "sourceUID": 6014,
  "legacyUID": 6014,
  "pCF": 4.0,
  "cCF": 4.0,
  "lCF": 9.0,
  "comments": [],
  "measures": [
    {
      "grams": 1.0,
      "amount": 1.0,
      "description": "g"
    },
    {
      "grams": 124.0,
      "amount": 1.0,
      "description": "serving 1/2 cup"
    }
  ],
  "nutrients": [
    {
      "name": "Energy",
      "amount": 81.0
    },
    {
      "name": "Protein",
      "amount": 1.61
    },
    {
      "name": "Carbs",
      "amount": 9.68
    },
    {
      "name": "Fiber",
      "amount": 0.0
    },
    {
      "name": "Sugars",
      "amount": 2.42
    },
    {
      "name": "Fat",
      "amount": 3.63
    },
    {
      "name": "Water",
      "amount": 83.1
    },
    {
      "name": "Ash",
      "amount": 1.98
    },
    {
      "name": "Calcium",
      "amount": 32.0
    },
    {
      "name": "Iron",
      "amount": 0.0
    },
    {
      "name": "Potassium",
      "amount": 234.0
    },
    {
      "name": "Sodium",
      "amount": 661.0
    },
    {
      "name": "Zinc",
      "amount": 8.47
    },
    {
      "name": "Vitamin A",
      "amount": 806.0
    },
    {
      "name": "Vitamin C",
      "amount": 1.0
    },
    {
      "name": "Saturated",
      "amount": 1.613
    },
    {
      "name": "Monounsaturated",
      "amount": 2.016
    },
    {
      "name": "Polyunsaturated",
      "amount": 0.0
    },
    {
      "name": "Trans-Fats",
      "amount": 0.0
    },
    {
      "name": "Cholesterol",
      "amount": 4.0
    }
  ],
  "foodSource": "usda",
  "foodType": "deprecated"
}