{
  "name": "Soup, chicken noodle, with meatballs, canned, chunky, ready-to-serve",
  "sourceUID": 6021,
  "legacyUID": 6021,
  "pCF": 4.0,
  "cCF": 4.0,
  "lCF": 9.0,
  "comments": [],
  "measures": [
    {
      "grams": 1.0,
      "amount": 1.0,
      "description": "g"
    },
    {
      "grams": 248.0,
      "amount": 1.0,
      "description": "cup (8 fl oz)"
    },
    {
      "grams": 567.0,
      "amount": 1.0,
      "description": "can (20 oz)"
    }
  ],
  "nutrients": [
    {
      "name": "Energy",
      "amount": 40.0
    },
    {
      "name": "Protein",
      "amount": 3.27
    },
    {
      "name": "Carbs",
      "amount": 3.37
    },
    {
      "name": "Fat",
      "amount": 1.44
    },
    {
      "name": "Water",
      "amount": 90.72
    },
    {
      "name": "Ash",
      "amount": 1.2
    },
    {
      "name": "Calcium",
      "amount": 12.0
    },
    {
      "name": "Copper",
      "amount": 0.1
    },
    {
      "name": "Iron",
      "amount": 0.7
    },
    {
      "name": "Magnesium",
      "amount": 4.0
    },
    {
      "name": "Manganese",
      "amount": 0.2
    },
    {
      "name": "Phosphorus",
      "amount": 34.0
    },
    {
      "name": "Potassium",
      "amount": 62.0
    },
    {
      "name": "Sodium",
      "amount": 419.0
    },
    {
      "name": "Zinc",
      "amount": 0.2
    },
    {
      "name": "Vitamin A",
      "amount": 938.0
    },
    {
      "name": "Retinol",
      "amount": 0.0
    },
    {
      "name": "Folate",
      "amount": 9.0
    },
    {
      "name": "B1 (Thiamine)",
      "amount": 0.05
    },
    {
      "name": "B2 (Riboflavin)",
      "amount": 0.05
    },
    {
      "name": "B3 (Niacin)",
      "amount": 1.01
    },
    {
      "name": "B5 (Pantothenic Acid)",
      "amount": 0.15
    },
    {
      "name": "B6 (Pyridoxine)",
      "amount": 0.02
    },
    {
      "name": "B12 (Cyanocobalamin)",
      "amount": 0.1
    },
    {
      "name": "Vitamin C",
      "amount": 3.1
    },
    {
      "name": "Saturated",
      "amount": 0.43
    },
    {
      "name": "Monounsaturated",
      "amount": 0.65
    },
    {
      "name": "Polyunsaturated",
      "amount": 0.3
    },
    {
      "name": "Omega-3",
      "amount": 0.01
    },
    {
      "name": "Omega-6",
      "amount": 0.28
    },
    {
      "name": "Cholesterol",
      "amount": 4.0
    }
  ],
  "foodSource": "usda",
  "foodType": "deprecated"
}