{
  "name": "CAMPBELL'S, HEALTHY REQUEST, chicken with rice, condensed",
  "sourceUID": 6029,
  "legacyUID": 6029,
  "pCF": 4.0,
  "cCF": 4.0,
  "lCF": 9.0,
  "comments": [],
  "measures": [
    {
      "grams": 1.0,
      "amount": 1.0,
      "description": "g"
    },
    {
      "grams": 126.0,
      "amount": 0.5,
      "description": "cup"
    }
  ],
  "nutrients": [
    {
      "name": "Energy",
      "amount": 46.0
    },
    {
      "name": "Protein",
      "amount": 1.59
    },
    {
      "name": "Carbs",
      "amount": 7.19
    },
    {
      "name": "Fiber",
      "amount": 0.8
    },
    {
      "name": "Sugars",
      "amount": 0.79
    },
    {
      "name": "Fat",
      "amount": 1.19
    },
    {
      "name": "Alcohol",
      "amount": 0.0
    },
    {
      "name": "Caffeine",
      "amount": 0.0
    },
    {
      "name": "Water",
      "amount": 88.8
    },
    {
      "name": "Ash",
      "amount": 1.23
    },
    {
      "name": "Calcium",
      "amount": 0.0
    },
    {
      "name": "Copper",
      "amount": 0.054
    },
    {
      "name": "Iron",
      "amount": 0.0
    },
    {
      "name": "Magnesium",
      "amount": 4.0
    },
    {
      "name": "Manganese",
      "amount": 0.182
    },
    {
      "name": "Phosphorus",
      "amount": 33.0
    },
    {
      "name": "Potassium",
      "amount": 484.0
    },
    {
      "name": "Selenium",
      "amount": 1.7
    },
    {
      "name": "Sodium",
      "amount": 325.0
    },
    {
      "name": "Zinc",
      "amount": 0.2
    },
    {
      "name": "Vitamin A",
      "amount": 595.0
    },
    {
      "name": "Retinol",
      "amount": 0.0
    },
    {
      "name": "Alpha-carotene",
      "amount": 123.0
    },
    {
      "name": "Beta-carotene",
      "amount": 293.0
    },
    {
      "name": "Beta-cryptoxanthin",
      "amount": 4.0
    },
    {
      "name": "Lycopene",
      "amount": 0.0
    },
    {
      "name": "Lutein+Zeaxanthin",
      "amount": 10.0
    },
    {
      "name": "Folate",
      "amount": 3.0
    },
    {
      "name": "B1 (Thiamine)",
      "amount": 0.01
    },
    {
      "name": "B2 (Riboflavin)",
      "amount": 0.025
    },
    {
      "name": "B3 (Niacin)",
      "amount": 1.059
    },
    {
      "name": "B5 (Pantothenic Acid)",
      "amount": 0.111
    },
    {
      "name": "B6 (Pyridoxine)",
      "amount": 0.037
    },
    {
      "name": "B12 (Cyanocobalamin)",
      "amount": 0.07
    },
    {
      "name": "Vitamin C",
      "amount": 1.0
    },
    {
      "name": "Vitamin D",
      "amount": 0.0
    },
    {
      "name": "Vitamin E",
      "amount": 0.07
    },
    {
      "name": "Beta Tocopherol",
      "amount": 0.0
    },
    {
      "name": "Vitamin K",
      "amount": 0.7
    },
    {
      "name": "Choline",
      "amount": 9.8
    },
    {
      "name": "Saturated",
      "amount": 0.397
    },
    {
      "name": "Monounsaturated",
      "amount": 0.397
    },
    {
      "name": "Polyunsaturated",
      "amount": 0.0
    },
    {
      "name": "Omega-3",
      "amount": 0.0
    },
    {
      "name": "Omega-6",
      "amount": 0.0
    },
    {
      "name": "Trans-Fats",
      "amount": 0.0
    },
    {
      "name": "Cholesterol",
      "amount": 4.0
    }
  ],
  "foodSource": "usda",
  "foodType": "deprecated"
}