{
  "name": "Soup, LIPTON, KETTLE CREATIONS PASTA & BEAN, Mix, Dry",
  "sourceUID": 6031,
  "legacyUID": 6031,
  "pCF": 4.0,
  "cCF": 4.0,
  "lCF": 9.0,
  "comments": [],
  "measures": [
    {
      "grams": 1.0,
      "amount": 1.0,
      "description": "g"
    },
    {
      "grams": 35.0,
      "amount": 1.0,
      "description": "serving"
    }
  ],
  "nutrients": [
    {
      "name": "Energy",
      "amount": 358.0
    },
    {
      "name": "Protein",
      "amount": 16.34
    },
    {
      "name": "Carbs",
      "amount": 65.3
    },
    {
      "name": "Fiber",
      "amount": 12.5
    },
    {
      "name": "Sugars",
      "amount": 5.16
    },
    {
      "name": "Fat",
      "amount": 3.86
    },
    {
      "name": "Water",
      "amount": 4.0
    },
    {
      "name": "Ash",
      "amount": 10.5
    },
    {
      "name": "Calcium",
      "amount": 114.0
    },
    {
      "name": "Iron",
      "amount": 3.89
    },
    {
      "name": "Sodium",
      "amount": 1981.0
    },
    {
      "name": "Vitamin A",
      "amount": 1185.0
    },
    {
      "name": "Folate",
      "amount": 132.0
    },
    {
      "name": "B1 (Thiamine)",
      "amount": 0.495
    },
    {
      "name": "B2 (Riboflavin)",
      "amount": 0.238
    },
    {
      "name": "B3 (Niacin)",
      "amount": 2.988
    },
    {
      "name": "Vitamin C",
      "amount": 5.0
    },
    {
      "name": "Saturated",
      "amount": 0.923
    },
    {
      "name": "Cholesterol",
      "amount": 0.0
    }
  ],
  "foodSource": "usda",
  "foodType": "deprecated"
}