{
  "name": "Soup, LIPTON, RECIPE SECRETS ONION, Mix, Dry",
  "sourceUID": 6033,
  "legacyUID": 6033,
  "pCF": 4.0,
  "cCF": 4.0,
  "lCF": 9.0,
  "comments": [],
  "measures": [
    {
      "grams": 1.0,
      "amount": 1.0,
      "description": "g"
    },
    {
      "grams": 7.0,
      "amount": 1.0,
      "description": "serving"
    }
  ],
  "nutrients": [
    {
      "name": "Energy",
      "amount": 263.0
    },
    {
      "name": "Protein",
      "amount": 6.58
    },
    {
      "name": "Carbs",
      "amount": 61.55
    },
    {
      "name": "Fiber",
      "amount": 5.9
    },
    {
      "name": "Sugars",
      "amount": 4.61
    },
    {
      "name": "Fat",
      "amount": 1.9
    },
    {
      "name": "Water",
      "amount": 4.0
    },
    {
      "name": "Ash",
      "amount": 25.97
    },
    {
      "name": "Calcium",
      "amount": 207.0
    },
    {
      "name": "Iron",
      "amount": 1.74
    },
    {
      "name": "Sodium",
      "amount": 8711.0
    },
    {
      "name": "Vitamin A",
      "amount": 0.0
    },
    {
      "name": "Folate",
      "amount": 0.0
    },
    {
      "name": "B1 (Thiamine)",
      "amount": 0.2
    },
    {
      "name": "B2 (Riboflavin)",
      "amount": 0.3
    },
    {
      "name": "B3 (Niacin)",
      "amount": 0.55
    },
    {
      "name": "Vitamin C",
      "amount": 11.6
    },
    {
      "name": "Saturated",
      "amount": 0.34
    },
    {
      "name": "Cholesterol",
      "amount": 0.0
    }
  ],
  "foodSource": "usda",
  "foodType": "deprecated"
}