{
  "name": "Soup, gazpacho, canned, ready-to-serve",
  "sourceUID": 6036,
  "legacyUID": 6036,
  "pCF": 4.0,
  "cCF": 4.0,
  "lCF": 9.0,
  "comments": [],
  "measures": [
    {
      "grams": 1.0,
      "amount": 1.0,
      "description": "g"
    },
    {
      "grams": 244.0,
      "amount": 1.0,
      "description": "cup (8 fl oz)"
    },
    {
      "grams": 369.0,
      "amount": 1.0,
      "description": "can (13 oz)"
    }
  ],
  "nutrients": [
    {
      "name": "Energy",
      "amount": 19.0
    },
    {
      "name": "Protein",
      "amount": 2.9
    },
    {
      "name": "Carbs",
      "amount": 1.8
    },
    {
      "name": "Fiber",
      "amount": 0.2
    },
    {
      "name": "Sugars",
      "amount": 0.59
    },
    {
      "name": "Fat",
      "amount": 0.1
    },
    {
      "name": "Alcohol",
      "amount": 0.0
    },
    {
      "name": "Caffeine",
      "amount": 0.0
    },
    {
      "name": "Water",
      "amount": 93.77
    },
    {
      "name": "Ash",
      "amount": 1.43
    },
    {
      "name": "Calcium",
      "amount": 10.0
    },
    {
      "name": "Copper",
      "amount": 0.06
    },
    {
      "name": "Iron",
      "amount": 0.4
    },
    {
      "name": "Magnesium",
      "amount": 3.0
    },
    {
      "name": "Manganese",
      "amount": 0.3
    },
    {
      "name": "Phosphorus",
      "amount": 15.0
    },
    {
      "name": "Potassium",
      "amount": 92.0
    },
    {
      "name": "Selenium",
      "amount": 1.5
    },
    {
      "name": "Sodium",
      "amount": 303.0
    },
    {
      "name": "Zinc",
      "amount": 0.1
    },
    {
      "name": "Vitamin A",
      "amount": 122.0
    },
    {
      "name": "Retinol",
      "amount": 0.0
    },
    {
      "name": "Alpha-carotene",
      "amount": 1.0
    },
    {
      "name": "Beta-carotene",
      "amount": 69.0
    },
    {
      "name": "Beta-cryptoxanthin",
      "amount": 8.0
    },
    {
      "name": "Lycopene",
      "amount": 915.0
    },
    {
      "name": "Lutein+Zeaxanthin",
      "amount": 26.0
    },
    {
      "name": "Folate",
      "amount": 8.0
    },
    {
      "name": "B1 (Thiamine)",
      "amount": 0.02
    },
    {
      "name": "B2 (Riboflavin)",
      "amount": 0.01
    },
    {
      "name": "B3 (Niacin)",
      "amount": 0.38
    },
    {
      "name": "B5 (Pantothenic Acid)",
      "amount": 0.07
    },
    {
      "name": "B6 (Pyridoxine)",
      "amount": 0.06
    },
    {
      "name": "B12 (Cyanocobalamin)",
      "amount": 0.0
    },
    {
      "name": "Vitamin C",
      "amount": 2.9
    },
    {
      "name": "Vitamin D",
      "amount": 0.0
    },
    {
      "name": "Vitamin E",
      "amount": 0.18
    },
    {
      "name": "Vitamin K",
      "amount": 1.9
    },
    {
      "name": "Choline",
      "amount": 3.2
    },
    {
      "name": "Saturated",
      "amount": 0.01
    },
    {
      "name": "Monounsaturated",
      "amount": 0.01
    },
    {
      "name": "Polyunsaturated",
      "amount": 0.03
    },
    {
      "name": "Omega-3",
      "amount": 0.003
    },
    {
      "name": "Omega-6",
      "amount": 0.022
    },
    {
      "name": "Cholesterol",
      "amount": 0.0
    }
  ],
  "foodSource": "usda",
  "foodType": "deprecated"
}