{
  "name": "Soup, crab, canned, ready-to-serve",
  "sourceUID": 6034,
  "legacyUID": 6034,
  "pCF": 4.0,
  "cCF": 4.0,
  "lCF": 9.0,
  "comments": [],
  "measures": [
    {
      "grams": 1.0,
      "amount": 1.0,
      "description": "g"
    },
    {
      "grams": 244.0,
      "amount": 1.0,
      "description": "cup (8 fl oz)"
    },
    {
      "grams": 369.0,
      "amount": 1.0,
      "description": "can (13 oz)"
    }
  ],
  "nutrients": [
    {
      "name": "Energy",
      "amount": 31.0
    },
    {
      "name": "Protein",
      "amount": 2.25
    },
    {
      "name": "Carbs",
      "amount": 4.22
    },
    {
      "name": "Fiber",
      "amount": 0.3
    },
    {
      "name": "Fat",
      "amount": 0.62
    },
    {
      "name": "Water",
      "amount": 91.5
    },
    {
      "name": "Ash",
      "amount": 1.41
    },
    {
      "name": "Calcium",
      "amount": 27.0
    },
    {
      "name": "Copper",
      "amount": 0.2
    },
    {
      "name": "Iron",
      "amount": 0.5
    },
    {
      "name": "Magnesium",
      "amount": 6.0
    },
    {
      "name": "Manganese",
      "amount": 0.2
    },
    {
      "name": "Phosphorus",
      "amount": 36.0
    },
    {
      "name": "Potassium",
      "amount": 134.0
    },
    {
      "name": "Selenium",
      "amount": 2.6
    },
    {
      "name": "Sodium",
      "amount": 506.0
    },
    {
      "name": "Zinc",
      "amount": 0.6
    },
    {
      "name": "Vitamin A",
      "amount": 207.0
    },
    {
      "name": "Retinol",
      "amount": 0.0
    },
    {
      "name": "Folate",
      "amount": 6.0
    },
    {
      "name": "B1 (Thiamine)",
      "amount": 0.08
    },
    {
      "name": "B2 (Riboflavin)",
      "amount": 0.03
    },
    {
      "name": "B3 (Niacin)",
      "amount": 0.55
    },
    {
      "name": "B5 (Pantothenic Acid)",
      "amount": 0.12
    },
    {
      "name": "B6 (Pyridoxine)",
      "amount": 0.05
    },
    {
      "name": "B12 (Cyanocobalamin)",
      "amount": 0.08
    },
    {
      "name": "Vitamin C",
      "amount": 0.0
    },
    {
      "name": "Saturated",
      "amount": 0.16
    },
    {
      "name": "Monounsaturated",
      "amount": 0.28
    },
    {
      "name": "Polyunsaturated",
      "amount": 0.16
    },
    {
      "name": "Omega-3",
      "amount": 0.01
    },
    {
      "name": "Omega-6",
      "amount": 0.15
    },
    {
      "name": "Cholesterol",
      "amount": 4.0
    }
  ],
  "foodSource": "usda",
  "foodType": "deprecated"
}