{
  "name": "Soup, escarole, canned, ready-to-serve",
  "sourceUID": 6035,
  "legacyUID": 6035,
  "pCF": 4.0,
  "cCF": 4.0,
  "lCF": 9.0,
  "comments": [],
  "measures": [
    {
      "grams": 1.0,
      "amount": 1.0,
      "description": "g"
    },
    {
      "grams": 248.0,
      "amount": 1.0,
      "description": "cup (8 fl oz)"
    },
    {
      "grams": 553.0,
      "amount": 1.0,
      "description": "can (19.5 oz)"
    }
  ],
  "nutrients": [
    {
      "name": "Energy",
      "amount": 11.0
    },
    {
      "name": "Protein",
      "amount": 0.62
    },
    {
      "name": "Carbs",
      "amount": 0.72
    },
    {
      "name": "Fat",
      "amount": 0.73
    },
    {
      "name": "Water",
      "amount": 96.89
    },
    {
      "name": "Ash",
      "amount": 1.04
    },
    {
      "name": "Calcium",
      "amount": 13.0
    },
    {
      "name": "Copper",
      "amount": 0.15
    },
    {
      "name": "Iron",
      "amount": 0.3
    },
    {
      "name": "Magnesium",
      "amount": 2.0
    },
    {
      "name": "Manganese",
      "amount": 0.5
    },
    {
      "name": "Phosphorus",
      "amount": 32.0
    },
    {
      "name": "Potassium",
      "amount": 107.0
    },
    {
      "name": "Sodium",
      "amount": 412.0
    },
    {
      "name": "Zinc",
      "amount": 0.9
    },
    {
      "name": "Vitamin A",
      "amount": 875.0
    },
    {
      "name": "Retinol",
      "amount": 0.0
    },
    {
      "name": "Folate",
      "amount": 14.0
    },
    {
      "name": "B1 (Thiamine)",
      "amount": 0.03
    },
    {
      "name": "B2 (Riboflavin)",
      "amount": 0.02
    },
    {
      "name": "B3 (Niacin)",
      "amount": 0.93
    },
    {
      "name": "B5 (Pantothenic Acid)",
      "amount": 0.07
    },
    {
      "name": "B6 (Pyridoxine)",
      "amount": 0.09
    },
    {
      "name": "B12 (Cyanocobalamin)",
      "amount": 0.2
    },
    {
      "name": "Vitamin C",
      "amount": 1.8
    },
    {
      "name": "Saturated",
      "amount": 0.22
    },
    {
      "name": "Monounsaturated",
      "amount": 0.33
    },
    {
      "name": "Polyunsaturated",
      "amount": 0.15
    },
    {
      "name": "Omega-3",
      "amount": 0.01
    },
    {
      "name": "Omega-6",
      "amount": 0.14
    },
    {
      "name": "Cholesterol",
      "amount": 1.0
    }
  ],
  "foodSource": "usda",
  "foodType": "deprecated"
}