{
  "name": "CAMPBELL'S, Cheddar Cheese Soup, condensed",
  "sourceUID": 6038,
  "legacyUID": 6038,
  "pCF": 4.0,
  "cCF": 4.0,
  "lCF": 9.0,
  "comments": [],
  "measures": [
    {
      "grams": 1.0,
      "amount": 1.0,
      "description": "g"
    },
    {
      "grams": 124.0,
      "amount": 0.5,
      "description": "cup condensed"
    }
  ],
  "nutrients": [
    {
      "name": "Energy",
      "amount": 84.0
    },
    {
      "name": "Protein",
      "amount": 0.8
    },
    {
      "name": "Carbs",
      "amount": 11.44
    },
    {
      "name": "Fiber",
      "amount": 2.2
    },
    {
      "name": "Sugars",
      "amount": 3.73
    },
    {
      "name": "Fat",
      "amount": 3.92
    },
    {
      "name": "Water",
      "amount": 81.69
    },
    {
      "name": "Ash",
      "amount": 2.29
    },
    {
      "name": "Calcium",
      "amount": 36.0
    },
    {
      "name": "Iron",
      "amount": 0.15
    },
    {
      "name": "Magnesium",
      "amount": 12.0
    },
    {
      "name": "Phosphorus",
      "amount": 33.0
    },
    {
      "name": "Potassium",
      "amount": 37.0
    },
    {
      "name": "Sodium",
      "amount": 692.0
    },
    {
      "name": "Zinc",
      "amount": 0.15
    },
    {
      "name": "Vitamin A",
      "amount": 1024.0
    },
    {
      "name": "Vitamin C",
      "amount": 0.2
    },
    {
      "name": "Saturated",
      "amount": 1.13
    },
    {
      "name": "Monounsaturated",
      "amount": 0.68
    },
    {
      "name": "Polyunsaturated",
      "amount": 1.69
    },
    {
      "name": "Trans-Fats",
      "amount": 0.05
    },
    {
      "name": "Cholesterol",
      "amount": 3.0
    }
  ],
  "foodSource": "usda",
  "foodType": "deprecated"
}