{
  "name": "CAMPBELL'S Red and White, Chicken Alphabet Soup, condensed",
  "sourceUID": 6054,
  "legacyUID": 6054,
  "pCF": 4.0,
  "cCF": 4.0,
  "lCF": 9.0,
  "comments": [],
  "measures": [
    {
      "grams": 1.0,
      "amount": 1.0,
      "description": "g"
    },
    {
      "grams": 126.0,
      "amount": 0.5,
      "description": "cup"
    }
  ],
  "nutrients": [
    {
      "name": "Energy",
      "amount": 56.0
    },
    {
      "name": "Protein",
      "amount": 2.38
    },
    {
      "name": "Carbs",
      "amount": 9.52
    },
    {
      "name": "Fiber",
      "amount": 0.8
    },
    {
      "name": "Sugars",
      "amount": 0.79
    },
    {
      "name": "Fat",
      "amount": 1.19
    },
    {
      "name": "Water",
      "amount": 84.4
    },
    {
      "name": "Ash",
      "amount": 2.5
    },
    {
      "name": "Calcium",
      "amount": 0.0
    },
    {
      "name": "Iron",
      "amount": 0.29
    },
    {
      "name": "Potassium",
      "amount": 659.0
    },
    {
      "name": "Sodium",
      "amount": 381.0
    },
    {
      "name": "Vitamin A",
      "amount": 595.0
    },
    {
      "name": "Vitamin C",
      "amount": 1.0
    },
    {
      "name": "Saturated",
      "amount": 0.397
    },
    {
      "name": "Monounsaturated",
      "amount": 0.397
    },
    {
      "name": "Polyunsaturated",
      "amount": 0.397
    },
    {
      "name": "Trans-Fats",
      "amount": 0.0
    },
    {
      "name": "Cholesterol",
      "amount": 4.0
    }
  ],
  "foodSource": "usda",
  "foodType": "deprecated"
}