{
  "name": "CAMPBELL'S Red and White, Chicken Gumbo Soup, condensed",
  "sourceUID": 6058,
  "legacyUID": 6058,
  "pCF": 4.0,
  "cCF": 4.0,
  "lCF": 9.0,
  "comments": [],
  "measures": [
    {
      "grams": 1.0,
      "amount": 1.0,
      "description": "g"
    },
    {
      "grams": 126.0,
      "amount": 1.0,
      "description": "serving 1/2 cup"
    }
  ],
  "nutrients": [
    {
      "name": "Energy",
      "amount": 48.0
    },
    {
      "name": "Protein",
      "amount": 1.59
    },
    {
      "name": "Carbs",
      "amount": 7.94
    },
    {
      "name": "Fiber",
      "amount": 0.8
    },
    {
      "name": "Sugars",
      "amount": 1.59
    },
    {
      "name": "Fat",
      "amount": 0.79
    },
    {
      "name": "Water",
      "amount": 86.4
    },
    {
      "name": "Ash",
      "amount": 3.28
    },
    {
      "name": "Calcium",
      "amount": 16.0
    },
    {
      "name": "Iron",
      "amount": 0.0
    },
    {
      "name": "Sodium",
      "amount": 690.0
    },
    {
      "name": "Vitamin A",
      "amount": 79.0
    },
    {
      "name": "Vitamin C",
      "amount": 0.0
    },
    {
      "name": "Saturated",
      "amount": 0.397
    },
    {
      "name": "Monounsaturated",
      "amount": 0.0
    },
    {
      "name": "Polyunsaturated",
      "amount": 0.0
    },
    {
      "name": "Trans-Fats",
      "amount": 0.0
    },
    {
      "name": "Cholesterol",
      "amount": 4.0
    }
  ],
  "foodSource": "usda",
  "foodType": "deprecated"
}