{
  "name": "Soup, pepperpot, canned, condensed",
  "sourceUID": 6052,
  "legacyUID": 6052,
  "pCF": 4.0,
  "cCF": 4.0,
  "lCF": 9.0,
  "comments": [],
  "measures": [
    {
      "grams": 1.0,
      "amount": 1.0,
      "description": "g"
    },
    {
      "grams": 126.0,
      "amount": 0.5,
      "description": "cup (4 fl oz)"
    },
    {
      "grams": 298.0,
      "amount": 1.0,
      "description": "can (10.5 oz)"
    }
  ],
  "nutrients": [
    {
      "name": "Energy",
      "amount": 84.0
    },
    {
      "name": "Protein",
      "amount": 5.19
    },
    {
      "name": "Carbs",
      "amount": 7.66
    },
    {
      "name": "Fiber",
      "amount": 0.4
    },
    {
      "name": "Fat",
      "amount": 3.78
    },
    {
      "name": "Alcohol",
      "amount": 0.0
    },
    {
      "name": "Water",
      "amount": 80.62
    },
    {
      "name": "Ash",
      "amount": 2.75
    },
    {
      "name": "Calcium",
      "amount": 19.0
    },
    {
      "name": "Copper",
      "amount": 0.1
    },
    {
      "name": "Iron",
      "amount": 0.73
    },
    {
      "name": "Magnesium",
      "amount": 4.0
    },
    {
      "name": "Manganese",
      "amount": 0.5
    },
    {
      "name": "Phosphorus",
      "amount": 34.0
    },
    {
      "name": "Potassium",
      "amount": 124.0
    },
    {
      "name": "Sodium",
      "amount": 778.0
    },
    {
      "name": "Zinc",
      "amount": 1.0
    },
    {
      "name": "Vitamin A",
      "amount": 706.0
    },
    {
      "name": "Retinol",
      "amount": 0.0
    },
    {
      "name": "Folate",
      "amount": 8.0
    },
    {
      "name": "B1 (Thiamine)",
      "amount": 0.043
    },
    {
      "name": "B2 (Riboflavin)",
      "amount": 0.039
    },
    {
      "name": "B3 (Niacin)",
      "amount": 1.0
    },
    {
      "name": "B5 (Pantothenic Acid)",
      "amount": 0.28
    },
    {
      "name": "B6 (Pyridoxine)",
      "amount": 0.05
    },
    {
      "name": "B12 (Cyanocobalamin)",
      "amount": 0.14
    },
    {
      "name": "Vitamin C",
      "amount": 1.1
    },
    {
      "name": "Vitamin E",
      "amount": 0.07
    },
    {
      "name": "Saturated",
      "amount": 1.68
    },
    {
      "name": "Monounsaturated",
      "amount": 1.64
    },
    {
      "name": "Polyunsaturated",
      "amount": 0.29
    },
    {
      "name": "Omega-3",
      "amount": 0.03
    },
    {
      "name": "Omega-6",
      "amount": 0.25
    },
    {
      "name": "Cholesterol",
      "amount": 8.0
    },
    {
      "name": "ALA",
      "amount": 0.381
    },
    {
      "name": "ARG",
      "amount": 0.403
    },
    {
      "name": "ASP",
      "amount": 0.455
    },
    {
      "name": "CYS",
      "amount": 0.05
    },
    {
      "name": "GLU",
      "amount": 0.921
    },
    {
      "name": "GLY",
      "amount": 0.688
    },
    {
      "name": "HIS",
      "amount": 0.074
    },
    {
      "name": "ILE",
      "amount": 0.191
    },
    {
      "name": "LEU",
      "amount": 0.328
    },
    {
      "name": "LYS",
      "amount": 0.254
    },
    {
      "name": "MET",
      "amount": 0.074
    },
    {
      "name": "PHE",
      "amount": 0.191
    },
    {
      "name": "PRO",
      "amount": 0.487
    },
    {
      "name": "SER",
      "amount": 0.191
    },
    {
      "name": "THR",
      "amount": 0.159
    },
    {
      "name": "TRP",
      "amount": 0.034
    },
    {
      "name": "TYR",
      "amount": 0.127
    },
    {
      "name": "VAL",
      "amount": 0.243
    }
  ],
  "foodSource": "usda",
  "foodType": "deprecated"
}