{
  "name": "Soup, CAMPBELL'S Chicken Noodle, canned, condensed",
  "sourceUID": 6059,
  "legacyUID": 6059,
  "pCF": 4.0,
  "cCF": 4.0,
  "lCF": 9.0,
  "comments": [],
  "measures": [
    {
      "grams": 1.0,
      "amount": 1.0,
      "description": "g"
    },
    {
      "grams": 305.0,
      "amount": 1.0,
      "description": "can (10.75 oz)"
    }
  ],
  "nutrients": [
    {
      "name": "Energy",
      "amount": 51.0
    },
    {
      "name": "Protein",
      "amount": 2.6
    },
    {
      "name": "Carbs",
      "amount": 6.9
    },
    {
      "name": "Fiber",
      "amount": 0.6
    },
    {
      "name": "Fat",
      "amount": 1.5
    },
    {
      "name": "Alcohol",
      "amount": 0.0
    },
    {
      "name": "Water",
      "amount": 86.9
    },
    {
      "name": "Ash",
      "amount": 2.1
    },
    {
      "name": "Calcium",
      "amount": 11.0
    },
    {
      "name": "Copper",
      "amount": 0.051
    },
    {
      "name": "Iron",
      "amount": 0.6
    },
    {
      "name": "Magnesium",
      "amount": 6.0
    },
    {
      "name": "Manganese",
      "amount": 0.102
    },
    {
      "name": "Phosphorus",
      "amount": 38.0
    },
    {
      "name": "Potassium",
      "amount": 45.0
    },
    {
      "name": "Sodium",
      "amount": 751.0
    },
    {
      "name": "Zinc",
      "amount": 0.22
    },
    {
      "name": "Vitamin A",
      "amount": 223.0
    },
    {
      "name": "Folate",
      "amount": 14.0
    },
    {
      "name": "B1 (Thiamine)",
      "amount": 0.062
    },
    {
      "name": "B2 (Riboflavin)",
      "amount": 0.045
    },
    {
      "name": "B3 (Niacin)",
      "amount": 1.199
    },
    {
      "name": "B5 (Pantothenic Acid)",
      "amount": 0.073
    },
    {
      "name": "B6 (Pyridoxine)",
      "amount": 0.04
    },
    {
      "name": "B12 (Cyanocobalamin)",
      "amount": 0.07
    },
    {
      "name": "Vitamin C",
      "amount": 0.0
    },
    {
      "name": "Saturated",
      "amount": 0.5
    },
    {
      "name": "Monounsaturated",
      "amount": 0.601
    },
    {
      "name": "Polyunsaturated",
      "amount": 0.3
    },
    {
      "name": "Omega-3",
      "amount": 0.019999999999999997
    },
    {
      "name": "Omega-6",
      "amount": 0.304
    },
    {
      "name": "Cholesterol",
      "amount": 9.0
    }
  ],
  "foodSource": "usda",
  "foodType": "deprecated"
}