{
  "name": "Soup, scotch broth, canned, condensed",
  "sourceUID": 6055,
  "legacyUID": 6055,
  "pCF": 4.0,
  "cCF": 4.0,
  "lCF": 9.0,
  "comments": [],
  "measures": [
    {
      "grams": 1.0,
      "amount": 1.0,
      "description": "g"
    },
    {
      "grams": 123.0,
      "amount": 0.5,
      "description": "cup (4 fl oz)"
    },
    {
      "grams": 298.0,
      "amount": 1.0,
      "description": "can (10.5 oz)"
    }
  ],
  "nutrients": [
    {
      "name": "Energy",
      "amount": 66.0
    },
    {
      "name": "Protein",
      "amount": 4.05
    },
    {
      "name": "Carbs",
      "amount": 7.73
    },
    {
      "name": "Fiber",
      "amount": 1.0
    },
    {
      "name": "Fat",
      "amount": 2.14
    },
    {
      "name": "Alcohol",
      "amount": 0.0
    },
    {
      "name": "Water",
      "amount": 83.78
    },
    {
      "name": "Ash",
      "amount": 2.3
    },
    {
      "name": "Calcium",
      "amount": 12.0
    },
    {
      "name": "Copper",
      "amount": 0.2
    },
    {
      "name": "Iron",
      "amount": 0.68
    },
    {
      "name": "Magnesium",
      "amount": 3.0
    },
    {
      "name": "Manganese",
      "amount": 0.3
    },
    {
      "name": "Phosphorus",
      "amount": 45.0
    },
    {
      "name": "Potassium",
      "amount": 130.0
    },
    {
      "name": "Selenium",
      "amount": 2.2
    },
    {
      "name": "Sodium",
      "amount": 716.0
    },
    {
      "name": "Zinc",
      "amount": 1.3
    },
    {
      "name": "Vitamin A",
      "amount": 1779.0
    },
    {
      "name": "Retinol",
      "amount": 0.0
    },
    {
      "name": "Folate",
      "amount": 8.0
    },
    {
      "name": "B1 (Thiamine)",
      "amount": 0.015
    },
    {
      "name": "B2 (Riboflavin)",
      "amount": 0.037
    },
    {
      "name": "B3 (Niacin)",
      "amount": 0.95
    },
    {
      "name": "B5 (Pantothenic Acid)",
      "amount": 0.28
    },
    {
      "name": "B6 (Pyridoxine)",
      "amount": 0.06
    },
    {
      "name": "B12 (Cyanocobalamin)",
      "amount": 0.22
    },
    {
      "name": "Vitamin C",
      "amount": 0.7
    },
    {
      "name": "Vitamin E",
      "amount": 0.06
    },
    {
      "name": "Saturated",
      "amount": 0.91
    },
    {
      "name": "Monounsaturated",
      "amount": 0.63
    },
    {
      "name": "Polyunsaturated",
      "amount": 0.45
    },
    {
      "name": "Omega-3",
      "amount": 0.07
    },
    {
      "name": "Omega-6",
      "amount": 0.37
    },
    {
      "name": "Cholesterol",
      "amount": 4.0
    },
    {
      "name": "ALA",
      "amount": 0.23
    },
    {
      "name": "ARG",
      "amount": 0.188
    },
    {
      "name": "ASP",
      "amount": 0.339
    },
    {
      "name": "CYS",
      "amount": 0.028
    },
    {
      "name": "GLU",
      "amount": 1.015
    },
    {
      "name": "GLY",
      "amount": 0.253
    },
    {
      "name": "HIS",
      "amount": 0.089
    },
    {
      "name": "ILE",
      "amount": 0.152
    },
    {
      "name": "LEU",
      "amount": 0.258
    },
    {
      "name": "LYS",
      "amount": 0.248
    },
    {
      "name": "MET",
      "amount": 0.068
    },
    {
      "name": "PHE",
      "amount": 0.148
    },
    {
      "name": "PRO",
      "amount": 0.231
    },
    {
      "name": "SER",
      "amount": 0.139
    },
    {
      "name": "THR",
      "amount": 0.126
    },
    {
      "name": "TRP",
      "amount": 0.035
    },
    {
      "name": "TYR",
      "amount": 0.105
    },
    {
      "name": "VAL",
      "amount": 0.178
    }
  ],
  "foodSource": "usda",
  "foodType": "deprecated"
}