{
  "name": "Soup, turkey noodle, canned, condensed",
  "sourceUID": 6065,
  "legacyUID": 6065,
  "pCF": 4.0,
  "cCF": 4.0,
  "lCF": 9.0,
  "comments": [],
  "measures": [
    {
      "grams": 1.0,
      "amount": 1.0,
      "description": "g"
    },
    {
      "grams": 126.0,
      "amount": 0.5,
      "description": "cup (4 fl oz)"
    },
    {
      "grams": 305.0,
      "amount": 1.0,
      "description": "can (10.75 oz)"
    }
  ],
  "nutrients": [
    {
      "name": "Energy",
      "amount": 55.0
    },
    {
      "name": "Protein",
      "amount": 3.11
    },
    {
      "name": "Carbs",
      "amount": 6.88
    },
    {
      "name": "Fiber",
      "amount": 0.6
    },
    {
      "name": "Sugars",
      "amount": 0.41
    },
    {
      "name": "Fat",
      "amount": 1.59
    },
    {
      "name": "Alcohol",
      "amount": 0.0
    },
    {
      "name": "Caffeine",
      "amount": 0.0
    },
    {
      "name": "Water",
      "amount": 86.37
    },
    {
      "name": "Ash",
      "amount": 2.06
    },
    {
      "name": "Calcium",
      "amount": 9.0
    },
    {
      "name": "Copper",
      "amount": 0.1
    },
    {
      "name": "Iron",
      "amount": 0.75
    },
    {
      "name": "Magnesium",
      "amount": 4.0
    },
    {
      "name": "Manganese",
      "amount": 0.2
    },
    {
      "name": "Phosphorus",
      "amount": 38.0
    },
    {
      "name": "Potassium",
      "amount": 60.0
    },
    {
      "name": "Selenium",
      "amount": 8.9
    },
    {
      "name": "Sodium",
      "amount": 650.0
    },
    {
      "name": "Zinc",
      "amount": 0.46
    },
    {
      "name": "Vitamin A",
      "amount": 197.0
    },
    {
      "name": "Retinol",
      "amount": 3.0
    },
    {
      "name": "Alpha-carotene",
      "amount": 27.0
    },
    {
      "name": "Beta-carotene",
      "amount": 97.0
    },
    {
      "name": "Beta-cryptoxanthin",
      "amount": 0.0
    },
    {
      "name": "Lycopene",
      "amount": 0.0
    },
    {
      "name": "Lutein+Zeaxanthin",
      "amount": 44.0
    },
    {
      "name": "Folate",
      "amount": 15.0
    },
    {
      "name": "B1 (Thiamine)",
      "amount": 0.059
    },
    {
      "name": "B2 (Riboflavin)",
      "amount": 0.051
    },
    {
      "name": "B3 (Niacin)",
      "amount": 1.112
    },
    {
      "name": "B5 (Pantothenic Acid)",
      "amount": 0.14
    },
    {
      "name": "B6 (Pyridoxine)",
      "amount": 0.03
    },
    {
      "name": "B12 (Cyanocobalamin)",
      "amount": 0.13
    },
    {
      "name": "Vitamin C",
      "amount": 0.1
    },
    {
      "name": "Vitamin D",
      "amount": 0.0
    },
    {
      "name": "Vitamin E",
      "amount": 0.14
    },
    {
      "name": "Vitamin K",
      "amount": 4.4
    },
    {
      "name": "Choline",
      "amount": 12.2
    },
    {
      "name": "Saturated",
      "amount": 0.44
    },
    {
      "name": "Monounsaturated",
      "amount": 0.64
    },
    {
      "name": "Polyunsaturated",
      "amount": 0.39
    },
    {
      "name": "Omega-3",
      "amount": 0.02
    },
    {
      "name": "Omega-6",
      "amount": 0.37
    },
    {
      "name": "Cholesterol",
      "amount": 4.0
    },
    {
      "name": "ALA",
      "amount": 0.143
    },
    {
      "name": "ARG",
      "amount": 0.127
    },
    {
      "name": "ASP",
      "amount": 0.228
    },
    {
      "name": "CYS",
      "amount": 0.037
    },
    {
      "name": "GLU",
      "amount": 0.859
    },
    {
      "name": "GLY",
      "amount": 0.146
    },
    {
      "name": "HIS",
      "amount": 0.072
    },
    {
      "name": "ILE",
      "amount": 0.121
    },
    {
      "name": "LEU",
      "amount": 0.203
    },
    {
      "name": "LYS",
      "amount": 0.169
    },
    {
      "name": "MET",
      "amount": 0.058
    },
    {
      "name": "PHE",
      "amount": 0.125
    },
    {
      "name": "PRO",
      "amount": 0.201
    },
    {
      "name": "SER",
      "amount": 0.112
    },
    {
      "name": "THR",
      "amount": 0.1
    },
    {
      "name": "TRP",
      "amount": 0.03
    },
    {
      "name": "TYR",
      "amount": 0.081
    },
    {
      "name": "VAL",
      "amount": 0.134
    }
  ],
  "foodSource": "usda",
  "foodType": "deprecated"
}