{
  "name": "Soup, turkey vegetable, canned, condensed",
  "sourceUID": 6066,
  "legacyUID": 6066,
  "pCF": 4.0,
  "cCF": 4.0,
  "lCF": 9.0,
  "comments": [],
  "measures": [
    {
      "grams": 1.0,
      "amount": 1.0,
      "description": "g"
    },
    {
      "grams": 123.0,
      "amount": 0.5,
      "description": "cup (4 fl oz)"
    },
    {
      "grams": 298.0,
      "amount": 1.0,
      "description": "can (10.5 oz)"
    }
  ],
  "nutrients": [
    {
      "name": "Energy",
      "amount": 60.0
    },
    {
      "name": "Protein",
      "amount": 2.52
    },
    {
      "name": "Carbs",
      "amount": 7.05
    },
    {
      "name": "Fiber",
      "amount": 0.5
    },
    {
      "name": "Sugars",
      "amount": 1.09
    },
    {
      "name": "Fat",
      "amount": 2.47
    },
    {
      "name": "Alcohol",
      "amount": 0.0
    },
    {
      "name": "Caffeine",
      "amount": 0.0
    },
    {
      "name": "Water",
      "amount": 86.01
    },
    {
      "name": "Ash",
      "amount": 1.95
    },
    {
      "name": "Calcium",
      "amount": 14.0
    },
    {
      "name": "Copper",
      "amount": 0.1
    },
    {
      "name": "Iron",
      "amount": 0.62
    },
    {
      "name": "Magnesium",
      "amount": 3.0
    },
    {
      "name": "Manganese",
      "amount": 0.2
    },
    {
      "name": "Phosphorus",
      "amount": 33.0
    },
    {
      "name": "Potassium",
      "amount": 143.0
    },
    {
      "name": "Selenium",
      "amount": 4.3
    },
    {
      "name": "Sodium",
      "amount": 739.0
    },
    {
      "name": "Zinc",
      "amount": 0.5
    },
    {
      "name": "Vitamin A",
      "amount": 1987.0
    },
    {
      "name": "Retinol",
      "amount": 8.0
    },
    {
      "name": "Alpha-carotene",
      "amount": 428.0
    },
    {
      "name": "Beta-carotene",
      "amount": 961.0
    },
    {
      "name": "Beta-cryptoxanthin",
      "amount": 0.0
    },
    {
      "name": "Lycopene",
      "amount": 301.0
    },
    {
      "name": "Lutein+Zeaxanthin",
      "amount": 50.0
    },
    {
      "name": "Folate",
      "amount": 4.0
    },
    {
      "name": "B1 (Thiamine)",
      "amount": 0.024
    },
    {
      "name": "B2 (Riboflavin)",
      "amount": 0.032
    },
    {
      "name": "B3 (Niacin)",
      "amount": 0.82
    },
    {
      "name": "B5 (Pantothenic Acid)",
      "amount": 0.39
    },
    {
      "name": "B6 (Pyridoxine)",
      "amount": 0.04
    },
    {
      "name": "B12 (Cyanocobalamin)",
      "amount": 0.14
    },
    {
      "name": "Vitamin C",
      "amount": 0.0
    },
    {
      "name": "Vitamin D",
      "amount": 0.0
    },
    {
      "name": "Vitamin E",
      "amount": 0.34
    },
    {
      "name": "Vitamin K",
      "amount": 4.3
    },
    {
      "name": "Choline",
      "amount": 8.6
    },
    {
      "name": "Saturated",
      "amount": 0.73
    },
    {
      "name": "Monounsaturated",
      "amount": 1.08
    },
    {
      "name": "Polyunsaturated",
      "amount": 0.55
    },
    {
      "name": "Omega-3",
      "amount": 0.03
    },
    {
      "name": "Omega-6",
      "amount": 0.5
    },
    {
      "name": "Cholesterol",
      "amount": 1.0
    },
    {
      "name": "ALA",
      "amount": 0.143
    },
    {
      "name": "ARG",
      "amount": 0.118
    },
    {
      "name": "ASP",
      "amount": 0.212
    },
    {
      "name": "CYS",
      "amount": 0.017
    },
    {
      "name": "GLU",
      "amount": 0.634
    },
    {
      "name": "GLY",
      "amount": 0.158
    },
    {
      "name": "HIS",
      "amount": 0.056
    },
    {
      "name": "ILE",
      "amount": 0.095
    },
    {
      "name": "LEU",
      "amount": 0.161
    },
    {
      "name": "LYS",
      "amount": 0.155
    },
    {
      "name": "MET",
      "amount": 0.043
    },
    {
      "name": "PHE",
      "amount": 0.092
    },
    {
      "name": "PRO",
      "amount": 0.144
    },
    {
      "name": "SER",
      "amount": 0.087
    },
    {
      "name": "THR",
      "amount": 0.079
    },
    {
      "name": "TRP",
      "amount": 0.022
    },
    {
      "name": "TYR",
      "amount": 0.066
    },
    {
      "name": "VAL",
      "amount": 0.111
    }
  ],
  "foodSource": "usda",
  "foodType": "deprecated"
}