{
  "name": "Soup, pea, green, canned, condensed, prepared with equal volume water",
  "sourceUID": 6069,
  "legacyUID": 6069,
  "pCF": 4.0,
  "cCF": 4.0,
  "lCF": 9.0,
  "comments": [],
  "measures": [
    {
      "grams": 1.0,
      "amount": 1.0,
      "description": "g"
    },
    {
      "grams": 259.0,
      "amount": 1.0,
      "description": "serving"
    },
    {
      "grams": 32.4,
      "amount": 1.0,
      "description": "fl oz"
    }
  ],
  "nutrients": [
    {
      "name": "Energy",
      "amount": 62.0
    },
    {
      "name": "Protein",
      "amount": 3.2
    },
    {
      "name": "Carbs",
      "amount": 9.88
    },
    {
      "name": "Fiber",
      "amount": 1.9
    },
    {
      "name": "Sugars",
      "amount": 3.19
    },
    {
      "name": "Fat",
      "amount": 1.09
    },
    {
      "name": "Alcohol",
      "amount": 0.0
    },
    {
      "name": "Caffeine",
      "amount": 0.0
    },
    {
      "name": "Water",
      "amount": 84.55
    },
    {
      "name": "Ash",
      "amount": 1.28
    },
    {
      "name": "Calcium",
      "amount": 12.0
    },
    {
      "name": "Copper",
      "amount": 0.146
    },
    {
      "name": "Iron",
      "amount": 0.73
    },
    {
      "name": "Magnesium",
      "amount": 15.0
    },
    {
      "name": "Manganese",
      "amount": 0.245
    },
    {
      "name": "Phosphorus",
      "amount": 47.0
    },
    {
      "name": "Potassium",
      "amount": 71.0
    },
    {
      "name": "Selenium",
      "amount": 3.6
    },
    {
      "name": "Sodium",
      "amount": 344.0
    },
    {
      "name": "Zinc",
      "amount": 0.64
    },
    {
      "name": "Vitamin A",
      "amount": 12.0
    },
    {
      "name": "Retinol",
      "amount": 3.0
    },
    {
      "name": "Alpha-carotene",
      "amount": 0.0
    },
    {
      "name": "Beta-carotene",
      "amount": 1.0
    },
    {
      "name": "Beta-cryptoxanthin",
      "amount": 0.0
    },
    {
      "name": "Lycopene",
      "amount": 0.0
    },
    {
      "name": "Lutein+Zeaxanthin",
      "amount": 0.0
    },
    {
      "name": "Folate",
      "amount": 1.0
    },
    {
      "name": "B1 (Thiamine)",
      "amount": 0.04
    },
    {
      "name": "B2 (Riboflavin)",
      "amount": 0.025
    },
    {
      "name": "B3 (Niacin)",
      "amount": 0.462
    },
    {
      "name": "B5 (Pantothenic Acid)",
      "amount": 0.049
    },
    {
      "name": "B6 (Pyridoxine)",
      "amount": 0.02
    },
    {
      "name": "B12 (Cyanocobalamin)",
      "amount": 0.0
    },
    {
      "name": "Vitamin C",
      "amount": 0.6
    },
    {
      "name": "Vitamin E",
      "amount": 0.09
    },
    {
      "name": "Vitamin K",
      "amount": 0.2
    },
    {
      "name": "Choline",
      "amount": 13.2
    },
    {
      "name": "Saturated",
      "amount": 0.524
    },
    {
      "name": "Monounsaturated",
      "amount": 0.372
    },
    {
      "name": "Polyunsaturated",
      "amount": 0.142
    },
    {
      "name": "Omega-3",
      "amount": 0.015
    },
    {
      "name": "Omega-6",
      "amount": 0.127
    },
    {
      "name": "Cholesterol",
      "amount": 0.0
    }
  ],
  "foodSource": "usda",
  "foodType": "deprecated"
}