{
  "name": "Soup, stockpot, canned, condensed",
  "sourceUID": 6060,
  "legacyUID": 6060,
  "pCF": 4.0,
  "cCF": 4.0,
  "lCF": 9.0,
  "comments": [],
  "measures": [
    {
      "grams": 1.0,
      "amount": 1.0,
      "description": "g"
    },
    {
      "grams": 129.0,
      "amount": 0.5,
      "description": "cup (4 fl oz)"
    },
    {
      "grams": 312.0,
      "amount": 1.0,
      "description": "can (11 oz), undiluted"
    }
  ],
  "nutrients": [
    {
      "name": "Energy",
      "amount": 78.0
    },
    {
      "name": "Protein",
      "amount": 3.79
    },
    {
      "name": "Carbs",
      "amount": 8.95
    },
    {
      "name": "Fat",
      "amount": 3.04
    },
    {
      "name": "Water",
      "amount": 81.89
    },
    {
      "name": "Ash",
      "amount": 2.34
    },
    {
      "name": "Calcium",
      "amount": 17.0
    },
    {
      "name": "Copper",
      "amount": 0.1
    },
    {
      "name": "Iron",
      "amount": 0.68
    },
    {
      "name": "Magnesium",
      "amount": 3.0
    },
    {
      "name": "Manganese",
      "amount": 0.2
    },
    {
      "name": "Phosphorus",
      "amount": 42.0
    },
    {
      "name": "Potassium",
      "amount": 185.0
    },
    {
      "name": "Sodium",
      "amount": 816.0
    },
    {
      "name": "Zinc",
      "amount": 0.9
    },
    {
      "name": "Vitamin A",
      "amount": 3100.0
    },
    {
      "name": "Retinol",
      "amount": 0.0
    },
    {
      "name": "Folate",
      "amount": 8.0
    },
    {
      "name": "B1 (Thiamine)",
      "amount": 0.034
    },
    {
      "name": "B2 (Riboflavin)",
      "amount": 0.04
    },
    {
      "name": "B3 (Niacin)",
      "amount": 0.95
    },
    {
      "name": "B5 (Pantothenic Acid)",
      "amount": 0.28
    },
    {
      "name": "B6 (Pyridoxine)",
      "amount": 0.07
    },
    {
      "name": "B12 (Cyanocobalamin)",
      "amount": 0.0
    },
    {
      "name": "Vitamin C",
      "amount": 1.6
    },
    {
      "name": "Saturated",
      "amount": 0.67
    },
    {
      "name": "Monounsaturated",
      "amount": 0.79
    },
    {
      "name": "Polyunsaturated",
      "amount": 1.37
    },
    {
      "name": "Omega-3",
      "amount": 0.1
    },
    {
      "name": "Omega-6",
      "amount": 1.25
    },
    {
      "name": "Cholesterol",
      "amount": 3.0
    },
    {
      "name": "ALA",
      "amount": 0.216
    },
    {
      "name": "ARG",
      "amount": 0.177
    },
    {
      "name": "ASP",
      "amount": 0.319
    },
    {
      "name": "CYS",
      "amount": 0.026
    },
    {
      "name": "GLU",
      "amount": 0.954
    },
    {
      "name": "GLY",
      "amount": 0.238
    },
    {
      "name": "HIS",
      "amount": 0.084
    },
    {
      "name": "ILE",
      "amount": 0.143
    },
    {
      "name": "LEU",
      "amount": 0.242
    },
    {
      "name": "LYS",
      "amount": 0.233
    },
    {
      "name": "MET",
      "amount": 0.064
    },
    {
      "name": "PHE",
      "amount": 0.139
    },
    {
      "name": "PRO",
      "amount": 0.217
    },
    {
      "name": "SER",
      "amount": 0.13
    },
    {
      "name": "THR",
      "amount": 0.118
    },
    {
      "name": "TRP",
      "amount": 0.033
    },
    {
      "name": "TYR",
      "amount": 0.099
    },
    {
      "name": "VAL",
      "amount": 0.167
    }
  ],
  "foodSource": "usda",
  "foodType": "deprecated"
}