{
  "name": "Soup, cauliflower, dry, mix",
  "sourceUID": 6078,
  "legacyUID": 6078,
  "pCF": 4.0,
  "cCF": 4.0,
  "lCF": 9.0,
  "comments": [],
  "measures": [
    {
      "grams": 1.0,
      "amount": 1.0,
      "description": "g"
    },
    {
      "grams": 19.0,
      "amount": 1.0,
      "description": "cup (8 fl oz)"
    }
  ],
  "nutrients": [
    {
      "name": "Energy",
      "amount": 360.0
    },
    {
      "name": "Protein",
      "amount": 15.31
    },
    {
      "name": "Carbs",
      "amount": 56.59
    },
    {
      "name": "Fat",
      "amount": 9.1
    },
    {
      "name": "Water",
      "amount": 4.4
    },
    {
      "name": "Ash",
      "amount": 14.6
    },
    {
      "name": "Calcium",
      "amount": 47.0
    },
    {
      "name": "Copper",
      "amount": 0.2
    },
    {
      "name": "Iron",
      "amount": 2.1
    },
    {
      "name": "Magnesium",
      "amount": 12.0
    },
    {
      "name": "Manganese",
      "amount": 0.3
    },
    {
      "name": "Phosphorus",
      "amount": 267.0
    },
    {
      "name": "Potassium",
      "amount": 555.0
    },
    {
      "name": "Sodium",
      "amount": 4450.0
    },
    {
      "name": "Zinc",
      "amount": 1.3
    },
    {
      "name": "Vitamin A",
      "amount": 30.0
    },
    {
      "name": "Retinol",
      "amount": 0.0
    },
    {
      "name": "Folate",
      "amount": 17.0
    },
    {
      "name": "B1 (Thiamine)",
      "amount": 0.36
    },
    {
      "name": "B2 (Riboflavin)",
      "amount": 0.44
    },
    {
      "name": "B3 (Niacin)",
      "amount": 2.4
    },
    {
      "name": "B5 (Pantothenic Acid)",
      "amount": 0.5
    },
    {
      "name": "B6 (Pyridoxine)",
      "amount": 0.1
    },
    {
      "name": "B12 (Cyanocobalamin)",
      "amount": 1.0
    },
    {
      "name": "Vitamin C",
      "amount": 20.0
    },
    {
      "name": "Saturated",
      "amount": 1.36
    },
    {
      "name": "Monounsaturated",
      "amount": 3.91
    },
    {
      "name": "Polyunsaturated",
      "amount": 3.42
    },
    {
      "name": "Omega-3",
      "amount": 0.24
    },
    {
      "name": "Omega-6",
      "amount": 3.18
    },
    {
      "name": "Cholesterol",
      "amount": 2.0
    }
  ],
  "foodSource": "usda",
  "foodType": "deprecated"
}