{
  "name": "Soup, cream of celery, dry, mix",
  "sourceUID": 6079,
  "legacyUID": 6079,
  "pCF": 4.0,
  "cCF": 4.0,
  "lCF": 9.0,
  "comments": [],
  "measures": [
    {
      "grams": 1.0,
      "amount": 1.0,
      "description": "g"
    },
    {
      "grams": 17.0,
      "amount": 1.0,
      "description": "cup (8 fl oz)"
    }
  ],
  "nutrients": [
    {
      "name": "Energy",
      "amount": 358.0
    },
    {
      "name": "Protein",
      "amount": 15.0
    },
    {
      "name": "Carbs",
      "amount": 55.9
    },
    {
      "name": "Fiber",
      "amount": 2.7
    },
    {
      "name": "Fat",
      "amount": 9.3
    },
    {
      "name": "Water",
      "amount": 4.6
    },
    {
      "name": "Ash",
      "amount": 15.2
    },
    {
      "name": "Calcium",
      "amount": 203.0
    },
    {
      "name": "Copper",
      "amount": 0.7
    },
    {
      "name": "Iron",
      "amount": 3.2
    },
    {
      "name": "Magnesium",
      "amount": 32.0
    },
    {
      "name": "Manganese",
      "amount": 1.3
    },
    {
      "name": "Phosphorus",
      "amount": 190.0
    },
    {
      "name": "Potassium",
      "amount": 621.0
    },
    {
      "name": "Sodium",
      "amount": 4810.0
    },
    {
      "name": "Zinc",
      "amount": 0.8
    },
    {
      "name": "Vitamin A",
      "amount": 1545.0
    },
    {
      "name": "Retinol",
      "amount": 0.0
    },
    {
      "name": "Folate",
      "amount": 12.0
    },
    {
      "name": "B1 (Thiamine)",
      "amount": 0.14
    },
    {
      "name": "B2 (Riboflavin)",
      "amount": 0.25
    },
    {
      "name": "B3 (Niacin)",
      "amount": 1.7
    },
    {
      "name": "B5 (Pantothenic Acid)",
      "amount": 5.8
    },
    {
      "name": "B6 (Pyridoxine)",
      "amount": 0.06
    },
    {
      "name": "B12 (Cyanocobalamin)",
      "amount": 0.25
    },
    {
      "name": "Vitamin C",
      "amount": 1.0
    },
    {
      "name": "Saturated",
      "amount": 1.39
    },
    {
      "name": "Monounsaturated",
      "amount": 4.0
    },
    {
      "name": "Polyunsaturated",
      "amount": 3.5
    },
    {
      "name": "Omega-3",
      "amount": 0.24
    },
    {
      "name": "Omega-6",
      "amount": 3.25
    },
    {
      "name": "Cholesterol",
      "amount": 3.0
    }
  ],
  "foodSource": "usda",
  "foodType": "deprecated"
}