{
  "name": "Soup, cream of asparagus, dry, mix",
  "sourceUID": 6073,
  "legacyUID": 6073,
  "pCF": 4.0,
  "cCF": 4.0,
  "lCF": 9.0,
  "comments": [],
  "measures": [
    {
      "grams": 1.0,
      "amount": 1.0,
      "description": "g"
    },
    {
      "grams": 14.2,
      "amount": 1.0,
      "description": "cup"
    },
    {
      "grams": 64.0,
      "amount": 1.0,
      "description": "packet"
    }
  ],
  "nutrients": [
    {
      "name": "Energy",
      "amount": 366.0
    },
    {
      "name": "Protein",
      "amount": 13.75
    },
    {
      "name": "Carbs",
      "amount": 55.75
    },
    {
      "name": "Fiber",
      "amount": 2.4
    },
    {
      "name": "Fat",
      "amount": 10.8
    },
    {
      "name": "Water",
      "amount": 4.8
    },
    {
      "name": "Ash",
      "amount": 14.9
    },
    {
      "name": "Calcium",
      "amount": 137.0
    },
    {
      "name": "Copper",
      "amount": 0.6
    },
    {
      "name": "Iron",
      "amount": 3.8
    },
    {
      "name": "Magnesium",
      "amount": 18.0
    },
    {
      "name": "Manganese",
      "amount": 1.8
    },
    {
      "name": "Phosphorus",
      "amount": 185.0
    },
    {
      "name": "Potassium",
      "amount": 824.0
    },
    {
      "name": "Sodium",
      "amount": 4980.0
    },
    {
      "name": "Zinc",
      "amount": 4.2
    },
    {
      "name": "Vitamin A",
      "amount": 1688.0
    },
    {
      "name": "Retinol",
      "amount": 502.0
    },
    {
      "name": "Folate",
      "amount": 46.0
    },
    {
      "name": "B1 (Thiamine)",
      "amount": 0.2
    },
    {
      "name": "B2 (Riboflavin)",
      "amount": 0.3
    },
    {
      "name": "B3 (Niacin)",
      "amount": 3.0
    },
    {
      "name": "B5 (Pantothenic Acid)",
      "amount": 0.5
    },
    {
      "name": "B6 (Pyridoxine)",
      "amount": 0.05
    },
    {
      "name": "B12 (Cyanocobalamin)",
      "amount": 0.2
    },
    {
      "name": "Vitamin C",
      "amount": 5.2
    },
    {
      "name": "Saturated",
      "amount": 1.61
    },
    {
      "name": "Monounsaturated",
      "amount": 4.64
    },
    {
      "name": "Polyunsaturated",
      "amount": 4.06
    },
    {
      "name": "Omega-3",
      "amount": 0.28
    },
    {
      "name": "Omega-6",
      "amount": 3.77
    },
    {
      "name": "Cholesterol",
      "amount": 1.0
    }
  ],
  "foodSource": "usda",
  "foodType": "deprecated"
}