{
  "name": "Soup, beef noodle, dry, mix",
  "sourceUID": 6077,
  "legacyUID": 6077,
  "pCF": 4.0,
  "cCF": 4.0,
  "lCF": 9.0,
  "comments": [],
  "measures": [
    {
      "grams": 1.0,
      "amount": 1.0,
      "description": "g"
    },
    {
      "grams": 9.2,
      "amount": 1.0,
      "description": "packet"
    }
  ],
  "nutrients": [
    {
      "name": "Energy",
      "amount": 324.0
    },
    {
      "name": "Protein",
      "amount": 17.93
    },
    {
      "name": "Carbs",
      "amount": 48.64
    },
    {
      "name": "Fiber",
      "amount": 2.7
    },
    {
      "name": "Sugars",
      "amount": 5.1
    },
    {
      "name": "Fat",
      "amount": 6.39
    },
    {
      "name": "Alcohol",
      "amount": 0.0
    },
    {
      "name": "Caffeine",
      "amount": 0.0
    },
    {
      "name": "Water",
      "amount": 4.97
    },
    {
      "name": "Ash",
      "amount": 22.06
    },
    {
      "name": "Calcium",
      "amount": 48.0
    },
    {
      "name": "Copper",
      "amount": 0.3
    },
    {
      "name": "Iron",
      "amount": 2.68
    },
    {
      "name": "Magnesium",
      "amount": 76.0
    },
    {
      "name": "Manganese",
      "amount": 0.7
    },
    {
      "name": "Phosphorus",
      "amount": 320.0
    },
    {
      "name": "Potassium",
      "amount": 656.0
    },
    {
      "name": "Selenium",
      "amount": 36.0
    },
    {
      "name": "Sodium",
      "amount": 8408.0
    },
    {
      "name": "Zinc",
      "amount": 0.81
    },
    {
      "name": "Vitamin A",
      "amount": 1984.0
    },
    {
      "name": "Retinol",
      "amount": 5.0
    },
    {
      "name": "Alpha-carotene",
      "amount": 309.0
    },
    {
      "name": "Beta-carotene",
      "amount": 1026.0
    },
    {
      "name": "Beta-cryptoxanthin",
      "amount": 0.0
    },
    {
      "name": "Lycopene",
      "amount": 893.0
    },
    {
      "name": "Lutein+Zeaxanthin",
      "amount": 537.0
    },
    {
      "name": "Folate",
      "amount": 122.0
    },
    {
      "name": "B1 (Thiamine)",
      "amount": 0.988
    },
    {
      "name": "B2 (Riboflavin)",
      "amount": 0.494
    },
    {
      "name": "B3 (Niacin)",
      "amount": 5.574
    },
    {
      "name": "B5 (Pantothenic Acid)",
      "amount": 0.02
    },
    {
      "name": "B6 (Pyridoxine)",
      "amount": 0.275
    },
    {
      "name": "B12 (Cyanocobalamin)",
      "amount": 0.02
    },
    {
      "name": "Vitamin C",
      "amount": 4.0
    },
    {
      "name": "Vitamin D",
      "amount": 0.0
    },
    {
      "name": "Vitamin E",
      "amount": 0.6
    },
    {
      "name": "Vitamin K",
      "amount": 137.2
    },
    {
      "name": "Choline",
      "amount": 85.2
    },
    {
      "name": "Saturated",
      "amount": 2.07
    },
    {
      "name": "Monounsaturated",
      "amount": 2.71
    },
    {
      "name": "Polyunsaturated",
      "amount": 1.33
    },
    {
      "name": "Omega-3",
      "amount": 0.1
    },
    {
      "name": "Omega-6",
      "amount": 1.21
    },
    {
      "name": "Cholesterol",
      "amount": 13.0
    }
  ],
  "foodSource": "usda",
  "foodType": "deprecated"
}