{
  "name": "Soup, bean with bacon, dry, mix",
  "sourceUID": 6074,
  "legacyUID": 6074,
  "pCF": 4.0,
  "cCF": 4.0,
  "lCF": 9.0,
  "comments": [],
  "measures": [
    {
      "grams": 1.0,
      "amount": 1.0,
      "description": "g"
    },
    {
      "grams": 28.0,
      "amount": 1.0,
      "description": "cup (8 fl oz)"
    }
  ],
  "nutrients": [
    {
      "name": "Energy",
      "amount": 370.0
    },
    {
      "name": "Protein",
      "amount": 19.38
    },
    {
      "name": "Carbs",
      "amount": 57.72
    },
    {
      "name": "Fiber",
      "amount": 30.8
    },
    {
      "name": "Fat",
      "amount": 7.6
    },
    {
      "name": "Alcohol",
      "amount": 0.0
    },
    {
      "name": "Water",
      "amount": 4.0
    },
    {
      "name": "Ash",
      "amount": 11.3
    },
    {
      "name": "Calcium",
      "amount": 193.0
    },
    {
      "name": "Copper",
      "amount": 0.97
    },
    {
      "name": "Iron",
      "amount": 4.9
    },
    {
      "name": "Magnesium",
      "amount": 106.0
    },
    {
      "name": "Manganese",
      "amount": 1.6
    },
    {
      "name": "Phosphorus",
      "amount": 315.0
    },
    {
      "name": "Potassium",
      "amount": 1150.0
    },
    {
      "name": "Sodium",
      "amount": 3275.0
    },
    {
      "name": "Zinc",
      "amount": 2.48
    },
    {
      "name": "Vitamin A",
      "amount": 210.0
    },
    {
      "name": "Retinol",
      "amount": 0.0
    },
    {
      "name": "Folate",
      "amount": 30.0
    },
    {
      "name": "B1 (Thiamine)",
      "amount": 0.2
    },
    {
      "name": "B2 (Riboflavin)",
      "amount": 0.1
    },
    {
      "name": "B3 (Niacin)",
      "amount": 1.4
    },
    {
      "name": "B5 (Pantothenic Acid)",
      "amount": 0.2
    },
    {
      "name": "B6 (Pyridoxine)",
      "amount": 0.1
    },
    {
      "name": "B12 (Cyanocobalamin)",
      "amount": 0.1
    },
    {
      "name": "Vitamin C",
      "amount": 4.0
    },
    {
      "name": "Saturated",
      "amount": 3.38
    },
    {
      "name": "Monounsaturated",
      "amount": 3.3
    },
    {
      "name": "Polyunsaturated",
      "amount": 0.58
    },
    {
      "name": "Omega-3",
      "amount": 0.06
    },
    {
      "name": "Omega-6",
      "amount": 0.51
    },
    {
      "name": "Cholesterol",
      "amount": 11.0
    }
  ],
  "foodSource": "usda",
  "foodType": "deprecated"
}