{
  "name": "Soup, consomme with gelatin, dry, mix",
  "sourceUID": 6089,
  "legacyUID": 6089,
  "pCF": 4.0,
  "cCF": 4.0,
  "lCF": 9.0,
  "comments": [],
  "measures": [
    {
      "grams": 1.0,
      "amount": 1.0,
      "description": "g"
    },
    {
      "grams": 12.6,
      "amount": 1.0,
      "description": "cup"
    },
    {
      "grams": 57.0,
      "amount": 1.0,
      "description": "packet"
    }
  ],
  "nutrients": [
    {
      "name": "Energy",
      "amount": 137.0
    },
    {
      "name": "Protein",
      "amount": 17.19
    },
    {
      "name": "Carbs",
      "amount": 16.3
    },
    {
      "name": "Fiber",
      "amount": 0.0
    },
    {
      "name": "Fat",
      "amount": 0.1
    },
    {
      "name": "Alcohol",
      "amount": 0.0
    },
    {
      "name": "Water",
      "amount": 0.6
    },
    {
      "name": "Ash",
      "amount": 65.8
    },
    {
      "name": "Calcium",
      "amount": 60.0
    },
    {
      "name": "Copper",
      "amount": 0.0
    },
    {
      "name": "Iron",
      "amount": 1.0
    },
    {
      "name": "Magnesium",
      "amount": 51.0
    },
    {
      "name": "Manganese",
      "amount": 0.46
    },
    {
      "name": "Phosphorus",
      "amount": 320.0
    },
    {
      "name": "Potassium",
      "amount": 446.0
    },
    {
      "name": "Sodium",
      "amount": 26200.0
    },
    {
      "name": "Zinc",
      "amount": 0.0
    },
    {
      "name": "Vitamin A",
      "amount": 50.0
    },
    {
      "name": "Retinol",
      "amount": 15.0
    },
    {
      "name": "Folate",
      "amount": 32.0
    },
    {
      "name": "B1 (Thiamine)",
      "amount": 0.07
    },
    {
      "name": "B2 (Riboflavin)",
      "amount": 0.24
    },
    {
      "name": "B3 (Niacin)",
      "amount": 4.5
    },
    {
      "name": "B5 (Pantothenic Acid)",
      "amount": 0.3
    },
    {
      "name": "B6 (Pyridoxine)",
      "amount": 0.2
    },
    {
      "name": "B12 (Cyanocobalamin)",
      "amount": 1.0
    },
    {
      "name": "Vitamin C",
      "amount": 0.0
    },
    {
      "name": "Vitamin E",
      "amount": 0.1
    },
    {
      "name": "Saturated",
      "amount": 0.02
    },
    {
      "name": "Monounsaturated",
      "amount": 0.05
    },
    {
      "name": "Polyunsaturated",
      "amount": 0.03
    },
    {
      "name": "Omega-6",
      "amount": 0.03
    },
    {
      "name": "Cholesterol",
      "amount": 0.0
    }
  ],
  "foodSource": "usda",
  "foodType": "deprecated"
}