{
  "name": "Soup, chicken vegetable, dry, mix",
  "sourceUID": 6086,
  "legacyUID": 6086,
  "pCF": 4.0,
  "cCF": 4.0,
  "lCF": 9.0,
  "comments": [],
  "measures": [
    {
      "grams": 1.0,
      "amount": 1.0,
      "description": "g"
    },
    {
      "grams": 14.1,
      "amount": 1.0,
      "description": "cup"
    },
    {
      "grams": 10.6,
      "amount": 1.0,
      "description": "packet"
    }
  ],
  "nutrients": [
    {
      "name": "Energy",
      "amount": 346.0
    },
    {
      "name": "Protein",
      "amount": 18.98
    },
    {
      "name": "Carbs",
      "amount": 55.04
    },
    {
      "name": "Fiber",
      "amount": 3.0
    },
    {
      "name": "Fat",
      "amount": 5.59
    },
    {
      "name": "Water",
      "amount": 4.66
    },
    {
      "name": "Ash",
      "amount": 15.73
    },
    {
      "name": "Calcium",
      "amount": 98.0
    },
    {
      "name": "Copper",
      "amount": 0.177
    },
    {
      "name": "Iron",
      "amount": 4.14
    },
    {
      "name": "Magnesium",
      "amount": 151.0
    },
    {
      "name": "Manganese",
      "amount": 1.5
    },
    {
      "name": "Phosphorus",
      "amount": 229.0
    },
    {
      "name": "Potassium",
      "amount": 483.0
    },
    {
      "name": "Sodium",
      "amount": 5698.0
    },
    {
      "name": "Zinc",
      "amount": 1.47
    },
    {
      "name": "Vitamin A",
      "amount": 99.0
    },
    {
      "name": "Retinol",
      "amount": 0.0
    },
    {
      "name": "Folate",
      "amount": 28.0
    },
    {
      "name": "B1 (Thiamine)",
      "amount": 0.496
    },
    {
      "name": "B2 (Riboflavin)",
      "amount": 0.336
    },
    {
      "name": "B3 (Niacin)",
      "amount": 4.843
    },
    {
      "name": "B5 (Pantothenic Acid)",
      "amount": 1.0
    },
    {
      "name": "B6 (Pyridoxine)",
      "amount": 0.625
    },
    {
      "name": "B12 (Cyanocobalamin)",
      "amount": 0.7
    },
    {
      "name": "Vitamin C",
      "amount": 8.6
    },
    {
      "name": "Saturated",
      "amount": 1.29
    },
    {
      "name": "Monounsaturated",
      "amount": 2.16
    },
    {
      "name": "Polyunsaturated",
      "amount": 1.08
    },
    {
      "name": "Omega-6",
      "amount": 1.08
    },
    {
      "name": "Cholesterol",
      "amount": 20.0
    }
  ],
  "foodSource": "usda",
  "foodType": "deprecated"
}