{
  "name": "CAMPBELL'S Red and White, Chicken Vegetable Soup, condensed",
  "sourceUID": 6084,
  "legacyUID": 6084,
  "pCF": 4.0,
  "cCF": 4.0,
  "lCF": 9.0,
  "comments": [],
  "measures": [
    {
      "grams": 1.0,
      "amount": 1.0,
      "description": "g"
    },
    {
      "grams": 126.0,
      "amount": 1.0,
      "description": "serving 1/2 cup"
    }
  ],
  "nutrients": [
    {
      "name": "Energy",
      "amount": 63.0
    },
    {
      "name": "Protein",
      "amount": 2.38
    },
    {
      "name": "Carbs",
      "amount": 11.9
    },
    {
      "name": "Fiber",
      "amount": 1.6
    },
    {
      "name": "Sugars",
      "amount": 2.38
    },
    {
      "name": "Fat",
      "amount": 0.79
    },
    {
      "name": "Water",
      "amount": 83.2
    },
    {
      "name": "Ash",
      "amount": 1.72
    },
    {
      "name": "Calcium",
      "amount": 16.0
    },
    {
      "name": "Iron",
      "amount": 0.29
    },
    {
      "name": "Potassium",
      "amount": 127.0
    },
    {
      "name": "Sodium",
      "amount": 706.0
    },
    {
      "name": "Vitamin A",
      "amount": 1984.0
    },
    {
      "name": "Vitamin C",
      "amount": 0.0
    },
    {
      "name": "Saturated",
      "amount": 0.397
    },
    {
      "name": "Monounsaturated",
      "amount": 0.0
    },
    {
      "name": "Polyunsaturated",
      "amount": 0.0
    },
    {
      "name": "Trans-Fats",
      "amount": 0.0
    },
    {
      "name": "Cholesterol",
      "amount": 4.0
    }
  ],
  "foodSource": "usda",
  "foodType": "deprecated"
}