{
  "name": "Soup, clam chowder, new england, dry, mix",
  "sourceUID": 6088,
  "legacyUID": 6088,
  "pCF": 4.0,
  "cCF": 4.0,
  "lCF": 9.0,
  "comments": [],
  "measures": [
    {
      "grams": 1.0,
      "amount": 1.0,
      "description": "g"
    },
    {
      "grams": 23.0,
      "amount": 1.0,
      "description": "cup (8 fl oz)"
    }
  ],
  "nutrients": [
    {
      "name": "Energy",
      "amount": 418.0
    },
    {
      "name": "Protein",
      "amount": 12.29
    },
    {
      "name": "Carbs",
      "amount": 56.74
    },
    {
      "name": "Fiber",
      "amount": 5.4
    },
    {
      "name": "Fat",
      "amount": 16.17
    },
    {
      "name": "Water",
      "amount": 3.54
    },
    {
      "name": "Ash",
      "amount": 11.26
    },
    {
      "name": "Calcium",
      "amount": 337.0
    },
    {
      "name": "Copper",
      "amount": 0.5
    },
    {
      "name": "Iron",
      "amount": 5.6
    },
    {
      "name": "Magnesium",
      "amount": 30.0
    },
    {
      "name": "Manganese",
      "amount": 1.0
    },
    {
      "name": "Phosphorus",
      "amount": 440.0
    },
    {
      "name": "Potassium",
      "amount": 902.0
    },
    {
      "name": "Sodium",
      "amount": 3283.0
    },
    {
      "name": "Zinc",
      "amount": 3.0
    },
    {
      "name": "Vitamin A",
      "amount": 40.0
    },
    {
      "name": "Retinol",
      "amount": 0.0
    },
    {
      "name": "Folate",
      "amount": 15.0
    },
    {
      "name": "B1 (Thiamine)",
      "amount": 0.08
    },
    {
      "name": "B2 (Riboflavin)",
      "amount": 0.715
    },
    {
      "name": "B3 (Niacin)",
      "amount": 3.7
    },
    {
      "name": "B5 (Pantothenic Acid)",
      "amount": 1.3
    },
    {
      "name": "B6 (Pyridoxine)",
      "amount": 0.3
    },
    {
      "name": "B12 (Cyanocobalamin)",
      "amount": 39.0
    },
    {
      "name": "Vitamin C",
      "amount": 9.0
    },
    {
      "name": "Saturated",
      "amount": 2.73
    },
    {
      "name": "Monounsaturated",
      "amount": 7.47
    },
    {
      "name": "Polyunsaturated",
      "amount": 5.17
    },
    {
      "name": "Omega-6",
      "amount": 5.17
    },
    {
      "name": "Cholesterol",
      "amount": 3.0
    }
  ],
  "foodSource": "usda",
  "foodType": "deprecated"
}