{
  "name": "Soup, clam chowder, manhattan style, dry, mix",
  "sourceUID": 6087,
  "legacyUID": 6087,
  "pCF": 4.0,
  "cCF": 4.0,
  "lCF": 9.0,
  "comments": [],
  "measures": [
    {
      "grams": 1.0,
      "amount": 1.0,
      "description": "g"
    },
    {
      "grams": 19.0,
      "amount": 1.0,
      "description": "cup (8 fl oz)"
    }
  ],
  "nutrients": [
    {
      "name": "Energy",
      "amount": 345.0
    },
    {
      "name": "Protein",
      "amount": 10.94
    },
    {
      "name": "Carbs",
      "amount": 57.46
    },
    {
      "name": "Fat",
      "amount": 8.2
    },
    {
      "name": "Water",
      "amount": 4.1
    },
    {
      "name": "Ash",
      "amount": 19.3
    },
    {
      "name": "Calcium",
      "amount": 133.0
    },
    {
      "name": "Copper",
      "amount": 0.7
    },
    {
      "name": "Iron",
      "amount": 9.1
    },
    {
      "name": "Magnesium",
      "amount": 56.0
    },
    {
      "name": "Manganese",
      "amount": 2.1
    },
    {
      "name": "Phosphorus",
      "amount": 231.0
    },
    {
      "name": "Potassium",
      "amount": 1050.0
    },
    {
      "name": "Sodium",
      "amount": 7070.0
    },
    {
      "name": "Zinc",
      "amount": 5.2
    },
    {
      "name": "Vitamin A",
      "amount": 5369.0
    },
    {
      "name": "Retinol",
      "amount": 0.0
    },
    {
      "name": "Folate",
      "amount": 53.0
    },
    {
      "name": "B1 (Thiamine)",
      "amount": 0.17
    },
    {
      "name": "B2 (Riboflavin)",
      "amount": 0.22
    },
    {
      "name": "B3 (Niacin)",
      "amount": 4.55
    },
    {
      "name": "B5 (Pantothenic Acid)",
      "amount": 0.7
    },
    {
      "name": "B6 (Pyridoxine)",
      "amount": 0.6
    },
    {
      "name": "B12 (Cyanocobalamin)",
      "amount": 23.0
    },
    {
      "name": "Vitamin C",
      "amount": 22.0
    },
    {
      "name": "Saturated",
      "amount": 1.39
    },
    {
      "name": "Monounsaturated",
      "amount": 3.79
    },
    {
      "name": "Polyunsaturated",
      "amount": 2.62
    },
    {
      "name": "Omega-6",
      "amount": 2.62
    },
    {
      "name": "Cholesterol",
      "amount": 0.0
    }
  ],
  "foodSource": "usda",
  "foodType": "deprecated"
}