{
  "name": "Soup, chicken rice, dry, mix",
  "sourceUID": 6085,
  "legacyUID": 6085,
  "pCF": 4.0,
  "cCF": 4.0,
  "lCF": 9.0,
  "comments": [],
  "measures": [
    {
      "grams": 1.0,
      "amount": 1.0,
      "description": "g"
    },
    {
      "grams": 16.0,
      "amount": 1.0,
      "description": "cup (8 fl oz)"
    }
  ],
  "nutrients": [
    {
      "name": "Energy",
      "amount": 369.0
    },
    {
      "name": "Protein",
      "amount": 15.07
    },
    {
      "name": "Carbs",
      "amount": 57.09
    },
    {
      "name": "Fiber",
      "amount": 1.8
    },
    {
      "name": "Fat",
      "amount": 8.89
    },
    {
      "name": "Alcohol",
      "amount": 0.0
    },
    {
      "name": "Water",
      "amount": 3.89
    },
    {
      "name": "Ash",
      "amount": 15.05
    },
    {
      "name": "Calcium",
      "amount": 45.0
    },
    {
      "name": "Copper",
      "amount": 0.4
    },
    {
      "name": "Iron",
      "amount": 0.6
    },
    {
      "name": "Magnesium",
      "amount": 0.0
    },
    {
      "name": "Manganese",
      "amount": 1.2
    },
    {
      "name": "Phosphorus",
      "amount": 69.0
    },
    {
      "name": "Potassium",
      "amount": 71.0
    },
    {
      "name": "Sodium",
      "amount": 6048.0
    },
    {
      "name": "Zinc",
      "amount": 0.8
    },
    {
      "name": "Vitamin A",
      "amount": 400.0
    },
    {
      "name": "Retinol",
      "amount": 120.0
    },
    {
      "name": "Folate",
      "amount": 3.0
    },
    {
      "name": "B1 (Thiamine)",
      "amount": 0.04
    },
    {
      "name": "B2 (Riboflavin)",
      "amount": 0.02
    },
    {
      "name": "B3 (Niacin)",
      "amount": 2.249
    },
    {
      "name": "B5 (Pantothenic Acid)",
      "amount": 0.5
    },
    {
      "name": "B6 (Pyridoxine)",
      "amount": 0.1
    },
    {
      "name": "B12 (Cyanocobalamin)",
      "amount": 0.5
    },
    {
      "name": "Vitamin C",
      "amount": 0.4
    },
    {
      "name": "Saturated",
      "amount": 1.99
    },
    {
      "name": "Monounsaturated",
      "amount": 3.91
    },
    {
      "name": "Polyunsaturated",
      "amount": 2.61
    },
    {
      "name": "Omega-3",
      "amount": 0.16
    },
    {
      "name": "Omega-6",
      "amount": 2.42
    },
    {
      "name": "Cholesterol",
      "amount": 18.0
    }
  ],
  "foodSource": "usda",
  "foodType": "deprecated"
}