{
  "name": "Soup, cream of chicken, dry, mix",
  "sourceUID": 6083,
  "legacyUID": 6083,
  "pCF": 4.0,
  "cCF": 4.0,
  "lCF": 9.0,
  "comments": [],
  "measures": [
    {
      "grams": 1.0,
      "amount": 1.0,
      "description": "g"
    },
    {
      "grams": 24.0,
      "amount": 1.0,
      "description": "cup (8 fl oz)"
    },
    {
      "grams": 18.0,
      "amount": 1.0,
      "description": "packet"
    }
  ],
  "nutrients": [
    {
      "name": "Energy",
      "amount": 436.0
    },
    {
      "name": "Protein",
      "amount": 7.25
    },
    {
      "name": "Carbs",
      "amount": 54.34
    },
    {
      "name": "Fiber",
      "amount": 1.8
    },
    {
      "name": "Fat",
      "amount": 21.68
    },
    {
      "name": "Alcohol",
      "amount": 0.0
    },
    {
      "name": "Water",
      "amount": 3.75
    },
    {
      "name": "Ash",
      "amount": 12.98
    },
    {
      "name": "Calcium",
      "amount": 310.0
    },
    {
      "name": "Copper",
      "amount": 1.0
    },
    {
      "name": "Iron",
      "amount": 1.4
    },
    {
      "name": "Magnesium",
      "amount": 24.0
    },
    {
      "name": "Manganese",
      "amount": 3.0
    },
    {
      "name": "Phosphorus",
      "amount": 390.0
    },
    {
      "name": "Potassium",
      "amount": 876.0
    },
    {
      "name": "Sodium",
      "amount": 4820.0
    },
    {
      "name": "Zinc",
      "amount": 6.0
    },
    {
      "name": "Vitamin A",
      "amount": 1650.0
    },
    {
      "name": "Retinol",
      "amount": 495.0
    },
    {
      "name": "Folate",
      "amount": 22.0
    },
    {
      "name": "B1 (Thiamine)",
      "amount": 0.4
    },
    {
      "name": "B2 (Riboflavin)",
      "amount": 0.83
    },
    {
      "name": "B3 (Niacin)",
      "amount": 11.0
    },
    {
      "name": "B5 (Pantothenic Acid)",
      "amount": 2.9
    },
    {
      "name": "B6 (Pyridoxine)",
      "amount": 0.22
    },
    {
      "name": "B12 (Cyanocobalamin)",
      "amount": 1.0
    },
    {
      "name": "Vitamin C",
      "amount": 2.0
    },
    {
      "name": "Saturated",
      "amount": 13.78
    },
    {
      "name": "Monounsaturated",
      "amount": 4.73
    },
    {
      "name": "Polyunsaturated",
      "amount": 1.65
    },
    {
      "name": "Omega-6",
      "amount": 1.65
    },
    {
      "name": "Cholesterol",
      "amount": 12.0
    }
  ],
  "foodSource": "usda",
  "foodType": "deprecated"
}