{
  "name": "Soup, minestrone, dry, mix",
  "sourceUID": 6092,
  "legacyUID": 6092,
  "pCF": 4.0,
  "cCF": 4.0,
  "lCF": 9.0,
  "comments": [],
  "measures": [
    {
      "grams": 1.0,
      "amount": 1.0,
      "description": "g"
    },
    {
      "grams": 17.0,
      "amount": 1.0,
      "description": "cup (8 fl oz)"
    },
    {
      "grams": 78.0,
      "amount": 1.0,
      "description": "packet"
    }
  ],
  "nutrients": [
    {
      "name": "Energy",
      "amount": 358.0
    },
    {
      "name": "Protein",
      "amount": 20.0
    },
    {
      "name": "Carbs",
      "amount": 53.6
    },
    {
      "name": "Fiber",
      "amount": 3.6
    },
    {
      "name": "Fat",
      "amount": 7.8
    },
    {
      "name": "Water",
      "amount": 4.8
    },
    {
      "name": "Ash",
      "amount": 13.8
    },
    {
      "name": "Calcium",
      "amount": 168.0
    },
    {
      "name": "Copper",
      "amount": 0.6
    },
    {
      "name": "Iron",
      "amount": 4.5
    },
    {
      "name": "Magnesium",
      "amount": 36.0
    },
    {
      "name": "Manganese",
      "amount": 1.8
    },
    {
      "name": "Phosphorus",
      "amount": 276.0
    },
    {
      "name": "Potassium",
      "amount": 1530.0
    },
    {
      "name": "Sodium",
      "amount": 4620.0
    },
    {
      "name": "Zinc",
      "amount": 3.6
    },
    {
      "name": "Vitamin A",
      "amount": 1326.0
    },
    {
      "name": "Retinol",
      "amount": 0.0
    },
    {
      "name": "Folate",
      "amount": 159.0
    },
    {
      "name": "B1 (Thiamine)",
      "amount": 0.3
    },
    {
      "name": "B2 (Riboflavin)",
      "amount": 0.2
    },
    {
      "name": "B3 (Niacin)",
      "amount": 4.6
    },
    {
      "name": "B5 (Pantothenic Acid)",
      "amount": 1.7
    },
    {
      "name": "B6 (Pyridoxine)",
      "amount": 0.5
    },
    {
      "name": "B12 (Cyanocobalamin)",
      "amount": 0.0
    },
    {
      "name": "Vitamin C",
      "amount": 5.0
    },
    {
      "name": "Saturated",
      "amount": 3.68
    },
    {
      "name": "Monounsaturated",
      "amount": 3.32
    },
    {
      "name": "Polyunsaturated",
      "amount": 0.45
    },
    {
      "name": "Omega-3",
      "amount": 0.06
    },
    {
      "name": "Omega-6",
      "amount": 0.38
    },
    {
      "name": "Cholesterol",
      "amount": 8.0
    }
  ],
  "foodSource": "usda",
  "foodType": "deprecated"
}