{
  "name": "Soup, pea, green, dry, mix",
  "sourceUID": 6096,
  "legacyUID": 6096,
  "pCF": 4.0,
  "cCF": 4.0,
  "lCF": 9.0,
  "comments": [],
  "measures": [
    {
      "grams": 1.0,
      "amount": 1.0,
      "description": "g"
    },
    {
      "grams": 113.0,
      "amount": 1.0,
      "description": "packet"
    },
    {
      "grams": 28.0,
      "amount": 1.0,
      "description": "packet (6 fl oz)"
    }
  ],
  "nutrients": [
    {
      "name": "Energy",
      "amount": 356.0
    },
    {
      "name": "Protein",
      "amount": 20.49
    },
    {
      "name": "Carbs",
      "amount": 60.68
    },
    {
      "name": "Fiber",
      "amount": 10.0
    },
    {
      "name": "Fat",
      "amount": 4.23
    },
    {
      "name": "Alcohol",
      "amount": 0.0
    },
    {
      "name": "Water",
      "amount": 4.3
    },
    {
      "name": "Ash",
      "amount": 10.31
    },
    {
      "name": "Calcium",
      "amount": 60.0
    },
    {
      "name": "Copper",
      "amount": 0.513
    },
    {
      "name": "Iron",
      "amount": 2.69
    },
    {
      "name": "Magnesium",
      "amount": 124.0
    },
    {
      "name": "Manganese",
      "amount": 0.711
    },
    {
      "name": "Phosphorus",
      "amount": 358.0
    },
    {
      "name": "Potassium",
      "amount": 635.0
    },
    {
      "name": "Sodium",
      "amount": 3263.0
    },
    {
      "name": "Zinc",
      "amount": 1.58
    },
    {
      "name": "Vitamin A",
      "amount": 130.0
    },
    {
      "name": "Retinol",
      "amount": 0.0
    },
    {
      "name": "Folate",
      "amount": 40.0
    },
    {
      "name": "B1 (Thiamine)",
      "amount": 0.59
    },
    {
      "name": "B2 (Riboflavin)",
      "amount": 0.409
    },
    {
      "name": "B3 (Niacin)",
      "amount": 3.589
    },
    {
      "name": "B5 (Pantothenic Acid)",
      "amount": 0.706
    },
    {
      "name": "B6 (Pyridoxine)",
      "amount": 0.132
    },
    {
      "name": "B12 (Cyanocobalamin)",
      "amount": 1.0
    },
    {
      "name": "Vitamin C",
      "amount": 1.0
    },
    {
      "name": "Saturated",
      "amount": 1.54
    },
    {
      "name": "Monounsaturated",
      "amount": 2.57
    },
    {
      "name": "Polyunsaturated",
      "amount": 1.03
    },
    {
      "name": "Omega-3",
      "amount": 0.17
    },
    {
      "name": "Omega-6",
      "amount": 0.86
    },
    {
      "name": "Cholesterol",
      "amount": 1.0
    }
  ],
  "foodSource": "usda",
  "foodType": "deprecated"
}