{
  "name": "Soup, tomato, dry, mix",
  "sourceUID": 6098,
  "legacyUID": 6098,
  "pCF": 4.0,
  "cCF": 4.0,
  "lCF": 9.0,
  "comments": [],
  "measures": [
    {
      "grams": 1.0,
      "amount": 1.0,
      "description": "g"
    },
    {
      "grams": 23.0,
      "amount": 1.0,
      "description": "cup (8 fl oz)"
    },
    {
      "grams": 21.0,
      "amount": 1.0,
      "description": "packet (6 fl oz)"
    }
  ],
  "nutrients": [
    {
      "name": "Energy",
      "amount": 360.0
    },
    {
      "name": "Protein",
      "amount": 8.63
    },
    {
      "name": "Carbs",
      "amount": 68.3
    },
    {
      "name": "Fiber",
      "amount": 1.9
    },
    {
      "name": "Fat",
      "amount": 8.35
    },
    {
      "name": "Alcohol",
      "amount": 0.0
    },
    {
      "name": "Water",
      "amount": 3.92
    },
    {
      "name": "Ash",
      "amount": 10.81
    },
    {
      "name": "Calcium",
      "amount": 190.0
    },
    {
      "name": "Copper",
      "amount": 0.325
    },
    {
      "name": "Iron",
      "amount": 1.49
    },
    {
      "name": "Magnesium",
      "amount": 51.0
    },
    {
      "name": "Manganese",
      "amount": 0.3
    },
    {
      "name": "Phosphorus",
      "amount": 234.0
    },
    {
      "name": "Potassium",
      "amount": 1039.0
    },
    {
      "name": "Sodium",
      "amount": 3319.0
    },
    {
      "name": "Zinc",
      "amount": 0.74
    },
    {
      "name": "Vitamin A",
      "amount": 2928.0
    },
    {
      "name": "Retinol",
      "amount": 0.0
    },
    {
      "name": "Folate",
      "amount": 24.0
    },
    {
      "name": "B1 (Thiamine)",
      "amount": 0.217
    },
    {
      "name": "B2 (Riboflavin)",
      "amount": 0.166
    },
    {
      "name": "B3 (Niacin)",
      "amount": 2.752
    },
    {
      "name": "B5 (Pantothenic Acid)",
      "amount": 0.4
    },
    {
      "name": "B6 (Pyridoxine)",
      "amount": 0.343
    },
    {
      "name": "B12 (Cyanocobalamin)",
      "amount": 0.3
    },
    {
      "name": "Vitamin C",
      "amount": 16.2
    },
    {
      "name": "Saturated",
      "amount": 3.81
    },
    {
      "name": "Monounsaturated",
      "amount": 3.13
    },
    {
      "name": "Polyunsaturated",
      "amount": 0.82
    },
    {
      "name": "Omega-6",
      "amount": 0.82
    },
    {
      "name": "Cholesterol",
      "amount": 3.0
    }
  ],
  "foodSource": "usda",
  "foodType": "deprecated"
}