{
  "name": "Soup, tomato vegetable, dry, mix",
  "sourceUID": 6099,
  "legacyUID": 6099,
  "pCF": 4.0,
  "cCF": 4.0,
  "lCF": 9.0,
  "comments": [],
  "measures": [
    {
      "grams": 1.0,
      "amount": 1.0,
      "description": "g"
    },
    {
      "grams": 1.2,
      "amount": 1.0,
      "description": "tbsp"
    },
    {
      "grams": 39.0,
      "amount": 1.0,
      "description": "packet"
    }
  ],
  "nutrients": [
    {
      "name": "Energy",
      "amount": 325.0
    },
    {
      "name": "Protein",
      "amount": 11.73
    },
    {
      "name": "Carbs",
      "amount": 59.9
    },
    {
      "name": "Fiber",
      "amount": 3.0
    },
    {
      "name": "Sugars",
      "amount": 3.77
    },
    {
      "name": "Fat",
      "amount": 5.09
    },
    {
      "name": "Alcohol",
      "amount": 0.0
    },
    {
      "name": "Caffeine",
      "amount": 0.0
    },
    {
      "name": "Water",
      "amount": 3.73
    },
    {
      "name": "Ash",
      "amount": 19.54
    },
    {
      "name": "Calcium",
      "amount": 46.0
    },
    {
      "name": "Copper",
      "amount": 0.19
    },
    {
      "name": "Iron",
      "amount": 3.71
    },
    {
      "name": "Magnesium",
      "amount": 115.0
    },
    {
      "name": "Manganese",
      "amount": 0.98
    },
    {
      "name": "Phosphorus",
      "amount": 173.0
    },
    {
      "name": "Potassium",
      "amount": 605.0
    },
    {
      "name": "Selenium",
      "amount": 22.6
    },
    {
      "name": "Sodium",
      "amount": 6722.0
    },
    {
      "name": "Zinc",
      "amount": 0.98
    },
    {
      "name": "Vitamin A",
      "amount": 1557.0
    },
    {
      "name": "Retinol",
      "amount": 0.0
    },
    {
      "name": "Alpha-carotene",
      "amount": 319.0
    },
    {
      "name": "Beta-carotene",
      "amount": 774.0
    },
    {
      "name": "Beta-cryptoxanthin",
      "amount": 0.0
    },
    {
      "name": "Lycopene",
      "amount": 893.0
    },
    {
      "name": "Lutein+Zeaxanthin",
      "amount": 285.0
    },
    {
      "name": "Folate",
      "amount": 60.0
    },
    {
      "name": "B1 (Thiamine)",
      "amount": 0.34
    },
    {
      "name": "B2 (Riboflavin)",
      "amount": 0.266
    },
    {
      "name": "B3 (Niacin)",
      "amount": 4.625
    },
    {
      "name": "B5 (Pantothenic Acid)",
      "amount": 0.848
    },
    {
      "name": "B6 (Pyridoxine)",
      "amount": 0.3
    },
    {
      "name": "B12 (Cyanocobalamin)",
      "amount": 0.0
    },
    {
      "name": "Vitamin C",
      "amount": 35.3
    },
    {
      "name": "Vitamin D",
      "amount": 0.0
    },
    {
      "name": "Vitamin E",
      "amount": 0.48
    },
    {
      "name": "Vitamin K",
      "amount": 25.0
    },
    {
      "name": "Choline",
      "amount": 58.0
    },
    {
      "name": "Saturated",
      "amount": 2.32
    },
    {
      "name": "Monounsaturated",
      "amount": 1.91
    },
    {
      "name": "Polyunsaturated",
      "amount": 0.5
    },
    {
      "name": "Omega-3",
      "amount": 0.0
    },
    {
      "name": "Omega-6",
      "amount": 0.5
    },
    {
      "name": "Cholesterol",
      "amount": 3.0
    }
  ],
  "foodSource": "usda",
  "foodType": "deprecated"
}