{
  "name": "CAMPBELL'S Red and White, Beef Broth, condensed",
  "sourceUID": 6091,
  "legacyUID": 6091,
  "pCF": 4.0,
  "cCF": 4.0,
  "lCF": 9.0,
  "comments": [],
  "measures": [
    {
      "grams": 1.0,
      "amount": 1.0,
      "description": "g"
    },
    {
      "grams": 124.0,
      "amount": 1.0,
      "description": "serving 1/2 cup"
    }
  ],
  "nutrients": [
    {
      "name": "Energy",
      "amount": 12.0
    },
    {
      "name": "Protein",
      "amount": 2.42
    },
    {
      "name": "Carbs",
      "amount": 0.81
    },
    {
      "name": "Fiber",
      "amount": 0.0
    },
    {
      "name": "Sugars",
      "amount": 0.81
    },
    {
      "name": "Fat",
      "amount": 0.0
    },
    {
      "name": "Water",
      "amount": 94.9
    },
    {
      "name": "Ash",
      "amount": 1.87
    },
    {
      "name": "Calcium",
      "amount": 0.0
    },
    {
      "name": "Iron",
      "amount": 0.0
    },
    {
      "name": "Potassium",
      "amount": 32.0
    },
    {
      "name": "Sodium",
      "amount": 694.0
    },
    {
      "name": "Saturated",
      "amount": 0.0
    },
    {
      "name": "Monounsaturated",
      "amount": 0.0
    },
    {
      "name": "Polyunsaturated",
      "amount": 0.0
    },
    {
      "name": "Trans-Fats",
      "amount": 0.0
    },
    {
      "name": "Cholesterol",
      "amount": 0.0
    }
  ],
  "foodSource": "usda",
  "foodType": "deprecated"
}