{
  "name": "Soup, leek, dry, mix",
  "sourceUID": 6090,
  "legacyUID": 6090,
  "pCF": 4.0,
  "cCF": 4.0,
  "lCF": 9.0,
  "comments": [],
  "measures": [
    {
      "grams": 1.0,
      "amount": 1.0,
      "description": "g"
    },
    {
      "grams": 17.0,
      "amount": 1.0,
      "description": "cup (8 fl oz)"
    },
    {
      "grams": 78.0,
      "amount": 1.0,
      "description": "packet"
    }
  ],
  "nutrients": [
    {
      "name": "Energy",
      "amount": 377.0
    },
    {
      "name": "Protein",
      "amount": 11.25
    },
    {
      "name": "Carbs",
      "amount": 60.78
    },
    {
      "name": "Fiber",
      "amount": 3.6
    },
    {
      "name": "Fat",
      "amount": 10.9
    },
    {
      "name": "Alcohol",
      "amount": 0.0
    },
    {
      "name": "Water",
      "amount": 2.47
    },
    {
      "name": "Ash",
      "amount": 14.6
    },
    {
      "name": "Calcium",
      "amount": 167.0
    },
    {
      "name": "Copper",
      "amount": 0.191
    },
    {
      "name": "Iron",
      "amount": 2.1
    },
    {
      "name": "Magnesium",
      "amount": 54.0
    },
    {
      "name": "Manganese",
      "amount": 0.2
    },
    {
      "name": "Phosphorus",
      "amount": 169.0
    },
    {
      "name": "Potassium",
      "amount": 475.0
    },
    {
      "name": "Sodium",
      "amount": 5140.0
    },
    {
      "name": "Zinc",
      "amount": 1.25
    },
    {
      "name": "Vitamin A",
      "amount": 29.0
    },
    {
      "name": "Retinol",
      "amount": 0.0
    },
    {
      "name": "Folate",
      "amount": 45.0
    },
    {
      "name": "B1 (Thiamine)",
      "amount": 0.3
    },
    {
      "name": "B2 (Riboflavin)",
      "amount": 0.2
    },
    {
      "name": "B3 (Niacin)",
      "amount": 1.9
    },
    {
      "name": "B5 (Pantothenic Acid)",
      "amount": 0.6
    },
    {
      "name": "B6 (Pyridoxine)",
      "amount": 0.1
    },
    {
      "name": "B12 (Cyanocobalamin)",
      "amount": 0.2
    },
    {
      "name": "Vitamin C",
      "amount": 15.0
    },
    {
      "name": "Saturated",
      "amount": 5.43
    },
    {
      "name": "Monounsaturated",
      "amount": 4.56
    },
    {
      "name": "Polyunsaturated",
      "amount": 0.44
    },
    {
      "name": "Omega-3",
      "amount": 0.07
    },
    {
      "name": "Omega-6",
      "amount": 0.34
    },
    {
      "name": "Cholesterol",
      "amount": 12.0
    }
  ],
  "foodSource": "usda",
  "foodType": "deprecated"
}