{
  "name": "Soup, oxtail, dry mix",
  "sourceUID": 6095,
  "legacyUID": 6095,
  "pCF": 4.0,
  "cCF": 4.0,
  "lCF": 9.0,
  "comments": [],
  "measures": [
    {
      "grams": 1.0,
      "amount": 1.0,
      "description": "g"
    },
    {
      "grams": 17.0,
      "amount": 1.0,
      "description": "cup (8 fl oz)"
    },
    {
      "grams": 74.0,
      "amount": 1.0,
      "description": "packet"
    }
  ],
  "nutrients": [
    {
      "name": "Energy",
      "amount": 377.0
    },
    {
      "name": "Protein",
      "amount": 15.0
    },
    {
      "name": "Carbs",
      "amount": 47.9
    },
    {
      "name": "Fiber",
      "amount": 0.9
    },
    {
      "name": "Fat",
      "amount": 13.6
    },
    {
      "name": "Alcohol",
      "amount": 0.0
    },
    {
      "name": "Water",
      "amount": 4.8
    },
    {
      "name": "Ash",
      "amount": 18.7
    },
    {
      "name": "Calcium",
      "amount": 60.0
    },
    {
      "name": "Copper",
      "amount": 0.0
    },
    {
      "name": "Iron",
      "amount": 1.0
    },
    {
      "name": "Magnesium",
      "amount": 50.0
    },
    {
      "name": "Manganese",
      "amount": 0.5
    },
    {
      "name": "Phosphorus",
      "amount": 320.0
    },
    {
      "name": "Potassium",
      "amount": 450.0
    },
    {
      "name": "Sodium",
      "amount": 6460.0
    },
    {
      "name": "Zinc",
      "amount": 0.0
    },
    {
      "name": "Vitamin A",
      "amount": 50.0
    },
    {
      "name": "Retinol",
      "amount": 15.0
    },
    {
      "name": "Folate",
      "amount": 30.0
    },
    {
      "name": "B1 (Thiamine)",
      "amount": 0.1
    },
    {
      "name": "B2 (Riboflavin)",
      "amount": 0.2
    },
    {
      "name": "B3 (Niacin)",
      "amount": 4.5
    },
    {
      "name": "B5 (Pantothenic Acid)",
      "amount": 0.3
    },
    {
      "name": "B6 (Pyridoxine)",
      "amount": 0.2
    },
    {
      "name": "B12 (Cyanocobalamin)",
      "amount": 1.0
    },
    {
      "name": "Vitamin C",
      "amount": 0.0
    },
    {
      "name": "Saturated",
      "amount": 6.77
    },
    {
      "name": "Monounsaturated",
      "amount": 5.69
    },
    {
      "name": "Polyunsaturated",
      "amount": 0.54
    },
    {
      "name": "Omega-3",
      "amount": 0.08
    },
    {
      "name": "Omega-6",
      "amount": 0.42
    },
    {
      "name": "Cholesterol",
      "amount": 15.0
    }
  ],
  "foodSource": "usda",
  "foodType": "deprecated"
}