{
  "name": "Soup, mushroom, dry, mix",
  "sourceUID": 6093,
  "legacyUID": 6093,
  "pCF": 4.0,
  "cCF": 4.0,
  "lCF": 9.0,
  "comments": [],
  "measures": [
    {
      "grams": 1.0,
      "amount": 1.0,
      "description": "g"
    },
    {
      "grams": 74.0,
      "amount": 1.0,
      "description": "packet, regular"
    },
    {
      "grams": 17.0,
      "amount": 1.0,
      "description": "packet, instant"
    }
  ],
  "nutrients": [
    {
      "name": "Energy",
      "amount": 441.0
    },
    {
      "name": "Protein",
      "amount": 10.18
    },
    {
      "name": "Carbs",
      "amount": 51.18
    },
    {
      "name": "Fiber",
      "amount": 3.5
    },
    {
      "name": "Fat",
      "amount": 22.34
    },
    {
      "name": "Alcohol",
      "amount": 0.0
    },
    {
      "name": "Water",
      "amount": 3.06
    },
    {
      "name": "Ash",
      "amount": 13.2
    },
    {
      "name": "Calcium",
      "amount": 306.0
    },
    {
      "name": "Copper",
      "amount": 0.135
    },
    {
      "name": "Iron",
      "amount": 2.5
    },
    {
      "name": "Magnesium",
      "amount": 24.0
    },
    {
      "name": "Manganese",
      "amount": 1.2
    },
    {
      "name": "Phosphorus",
      "amount": 354.0
    },
    {
      "name": "Potassium",
      "amount": 915.0
    },
    {
      "name": "Sodium",
      "amount": 4681.0
    },
    {
      "name": "Zinc",
      "amount": 0.4
    },
    {
      "name": "Vitamin A",
      "amount": 30.0
    },
    {
      "name": "Retinol",
      "amount": 9.0
    },
    {
      "name": "Folate",
      "amount": 18.0
    },
    {
      "name": "B1 (Thiamine)",
      "amount": 1.291
    },
    {
      "name": "B2 (Riboflavin)",
      "amount": 0.51
    },
    {
      "name": "B3 (Niacin)",
      "amount": 2.3
    },
    {
      "name": "B5 (Pantothenic Acid)",
      "amount": 1.11
    },
    {
      "name": "B6 (Pyridoxine)",
      "amount": 0.06
    },
    {
      "name": "B12 (Cyanocobalamin)",
      "amount": 0.6
    },
    {
      "name": "Vitamin C",
      "amount": 5.0
    },
    {
      "name": "Vitamin E",
      "amount": 2.91
    },
    {
      "name": "Saturated",
      "amount": 3.78
    },
    {
      "name": "Monounsaturated",
      "amount": 10.32
    },
    {
      "name": "Polyunsaturated",
      "amount": 7.15
    },
    {
      "name": "Omega-6",
      "amount": 7.15
    },
    {
      "name": "Cholesterol",
      "amount": 2.0
    }
  ],
  "foodSource": "usda",
  "foodType": "deprecated"
}