{
  "name": "Sauce, curry, dry, mix",
  "sourceUID": 6104,
  "legacyUID": 6104,
  "pCF": 4.0,
  "cCF": 4.0,
  "lCF": 9.0,
  "comments": [],
  "measures": [
    {
      "grams": 1.0,
      "amount": 1.0,
      "description": "g"
    },
    {
      "grams": 28.0,
      "amount": 1.0,
      "description": "cup (8 fl oz)"
    },
    {
      "grams": 35.0,
      "amount": 1.0,
      "description": "packet"
    }
  ],
  "nutrients": [
    {
      "name": "Energy",
      "amount": 427.0
    },
    {
      "name": "Protein",
      "amount": 9.38
    },
    {
      "name": "Carbs",
      "amount": 50.62
    },
    {
      "name": "Fat",
      "amount": 23.1
    },
    {
      "name": "Water",
      "amount": 4.2
    },
    {
      "name": "Ash",
      "amount": 12.7
    },
    {
      "name": "Calcium",
      "amount": 177.0
    },
    {
      "name": "Copper",
      "amount": 0.1
    },
    {
      "name": "Iron",
      "amount": 3.1
    },
    {
      "name": "Magnesium",
      "amount": 41.0
    },
    {
      "name": "Manganese",
      "amount": 0.1
    },
    {
      "name": "Phosphorus",
      "amount": 149.0
    },
    {
      "name": "Potassium",
      "amount": 352.0
    },
    {
      "name": "Sodium",
      "amount": 4080.0
    },
    {
      "name": "Zinc",
      "amount": 0.9
    },
    {
      "name": "Vitamin A",
      "amount": 102.0
    },
    {
      "name": "Retinol",
      "amount": 0.0
    },
    {
      "name": "Folate",
      "amount": 9.0
    },
    {
      "name": "B1 (Thiamine)",
      "amount": 0.1
    },
    {
      "name": "B2 (Riboflavin)",
      "amount": 0.2
    },
    {
      "name": "B3 (Niacin)",
      "amount": 0.8
    },
    {
      "name": "B5 (Pantothenic Acid)",
      "amount": 0.4
    },
    {
      "name": "B6 (Pyridoxine)",
      "amount": 0.05
    },
    {
      "name": "B12 (Cyanocobalamin)",
      "amount": 0.4
    },
    {
      "name": "Vitamin C",
      "amount": 2.0
    },
    {
      "name": "Saturated",
      "amount": 3.44
    },
    {
      "name": "Monounsaturated",
      "amount": 9.93
    },
    {
      "name": "Polyunsaturated",
      "amount": 8.69
    },
    {
      "name": "Omega-3",
      "amount": 0.6
    },
    {
      "name": "Omega-6",
      "amount": 8.06
    },
    {
      "name": "Cholesterol",
      "amount": 1.0
    }
  ],
  "foodSource": "usda",
  "foodType": "deprecated"
}