{
  "name": "Sauce, spaghetti, dry, mix",
  "sourceUID": 6107,
  "legacyUID": 6107,
  "pCF": 4.0,
  "cCF": 4.0,
  "lCF": 9.0,
  "comments": [],
  "measures": [
    {
      "grams": 1.0,
      "amount": 1.0,
      "description": "g"
    },
    {
      "grams": 42.0,
      "amount": 1.0,
      "description": "packet"
    },
    {
      "grams": 10.0,
      "amount": 1.0,
      "description": "serving"
    }
  ],
  "nutrients": [
    {
      "name": "Energy",
      "amount": 281.0
    },
    {
      "name": "Protein",
      "amount": 6.0
    },
    {
      "name": "Carbs",
      "amount": 64.26
    },
    {
      "name": "Fiber",
      "amount": 3.0
    },
    {
      "name": "Fat",
      "amount": 1.0
    },
    {
      "name": "Water",
      "amount": 3.75
    },
    {
      "name": "Ash",
      "amount": 25.0
    },
    {
      "name": "Calcium",
      "amount": 172.0
    },
    {
      "name": "Copper",
      "amount": 0.906
    },
    {
      "name": "Iron",
      "amount": 2.67
    },
    {
      "name": "Magnesium",
      "amount": 42.0
    },
    {
      "name": "Manganese",
      "amount": 0.1
    },
    {
      "name": "Phosphorus",
      "amount": 185.0
    },
    {
      "name": "Potassium",
      "amount": 840.0
    },
    {
      "name": "Sodium",
      "amount": 8480.0
    },
    {
      "name": "Zinc",
      "amount": 0.23
    },
    {
      "name": "Vitamin A",
      "amount": 6.0
    },
    {
      "name": "Retinol",
      "amount": 1.0
    },
    {
      "name": "Folate",
      "amount": 30.0
    },
    {
      "name": "B1 (Thiamine)",
      "amount": 0.1
    },
    {
      "name": "B2 (Riboflavin)",
      "amount": 0.573
    },
    {
      "name": "B3 (Niacin)",
      "amount": 2.32
    },
    {
      "name": "B5 (Pantothenic Acid)",
      "amount": 0.9
    },
    {
      "name": "B6 (Pyridoxine)",
      "amount": 0.6
    },
    {
      "name": "B12 (Cyanocobalamin)",
      "amount": 0.5
    },
    {
      "name": "Vitamin C",
      "amount": 2.0
    },
    {
      "name": "Saturated",
      "amount": 0.64
    },
    {
      "name": "Monounsaturated",
      "amount": 0.28
    },
    {
      "name": "Polyunsaturated",
      "amount": 0.03
    },
    {
      "name": "Omega-3",
      "amount": 0.01
    },
    {
      "name": "Omega-6",
      "amount": 0.02
    },
    {
      "name": "Cholesterol",
      "amount": 0.0
    }
  ],
  "foodSource": "usda",
  "foodType": "deprecated"
}