{
  "name": "Sauce, spaghetti with mushrooms, dry, mix",
  "sourceUID": 6108,
  "legacyUID": 6108,
  "pCF": 4.0,
  "cCF": 4.0,
  "lCF": 9.0,
  "comments": [],
  "measures": [
    {
      "grams": 1.0,
      "amount": 1.0,
      "description": "g"
    },
    {
      "grams": 39.0,
      "amount": 1.0,
      "description": "packet"
    },
    {
      "grams": 10.0,
      "amount": 1.0,
      "description": "serving"
    }
  ],
  "nutrients": [
    {
      "name": "Energy",
      "amount": 304.0
    },
    {
      "name": "Protein",
      "amount": 10.0
    },
    {
      "name": "Carbs",
      "amount": 49.0
    },
    {
      "name": "Fat",
      "amount": 9.0
    },
    {
      "name": "Water",
      "amount": 3.0
    },
    {
      "name": "Ash",
      "amount": 29.0
    },
    {
      "name": "Calcium",
      "amount": 399.0
    },
    {
      "name": "Copper",
      "amount": 0.6
    },
    {
      "name": "Iron",
      "amount": 1.82
    },
    {
      "name": "Magnesium",
      "amount": 36.0
    },
    {
      "name": "Manganese",
      "amount": 0.1
    },
    {
      "name": "Phosphorus",
      "amount": 286.0
    },
    {
      "name": "Potassium",
      "amount": 411.0
    },
    {
      "name": "Sodium",
      "amount": 9420.0
    },
    {
      "name": "Zinc",
      "amount": 1.5
    },
    {
      "name": "Vitamin A",
      "amount": 163.0
    },
    {
      "name": "Retinol",
      "amount": 10.0
    },
    {
      "name": "Folate",
      "amount": 28.0
    },
    {
      "name": "B1 (Thiamine)",
      "amount": 0.15
    },
    {
      "name": "B2 (Riboflavin)",
      "amount": 0.476
    },
    {
      "name": "B3 (Niacin)",
      "amount": 1.71
    },
    {
      "name": "B5 (Pantothenic Acid)",
      "amount": 2.8
    },
    {
      "name": "B6 (Pyridoxine)",
      "amount": 0.2
    },
    {
      "name": "B12 (Cyanocobalamin)",
      "amount": 0.4
    },
    {
      "name": "Vitamin C",
      "amount": 2.0
    },
    {
      "name": "Saturated",
      "amount": 5.73
    },
    {
      "name": "Monounsaturated",
      "amount": 2.55
    },
    {
      "name": "Polyunsaturated",
      "amount": 0.26
    },
    {
      "name": "Omega-3",
      "amount": 0.1
    },
    {
      "name": "Omega-6",
      "amount": 0.16
    },
    {
      "name": "Cholesterol",
      "amount": 28.0
    }
  ],
  "foodSource": "usda",
  "foodType": "deprecated"
}