{
  "name": "Sauce, bearnaise, dry, mix",
  "sourceUID": 6102,
  "legacyUID": 6102,
  "pCF": 4.0,
  "cCF": 4.0,
  "lCF": 9.0,
  "comments": [],
  "measures": [
    {
      "grams": 1.0,
      "amount": 1.0,
      "description": "g"
    },
    {
      "grams": 17.0,
      "amount": 1.0,
      "description": "cup (8 fl oz)"
    },
    {
      "grams": 25.0,
      "amount": 1.0,
      "description": "packet"
    }
  ],
  "nutrients": [
    {
      "name": "Energy",
      "amount": 362.0
    },
    {
      "name": "Protein",
      "amount": 14.06
    },
    {
      "name": "Carbs",
      "amount": 59.74
    },
    {
      "name": "Fat",
      "amount": 9.0
    },
    {
      "name": "Water",
      "amount": 5.7
    },
    {
      "name": "Ash",
      "amount": 11.5
    },
    {
      "name": "Calcium",
      "amount": 165.0
    },
    {
      "name": "Copper",
      "amount": 0.1
    },
    {
      "name": "Iron",
      "amount": 0.5
    },
    {
      "name": "Magnesium",
      "amount": 28.0
    },
    {
      "name": "Manganese",
      "amount": 0.1
    },
    {
      "name": "Phosphorus",
      "amount": 148.0
    },
    {
      "name": "Potassium",
      "amount": 292.0
    },
    {
      "name": "Sodium",
      "amount": 3390.0
    },
    {
      "name": "Zinc",
      "amount": 0.7
    },
    {
      "name": "Vitamin A",
      "amount": 4.0
    },
    {
      "name": "Retinol",
      "amount": 1.0
    },
    {
      "name": "Folate",
      "amount": 13.0
    },
    {
      "name": "B1 (Thiamine)",
      "amount": 0.1
    },
    {
      "name": "B2 (Riboflavin)",
      "amount": 0.2
    },
    {
      "name": "B3 (Niacin)",
      "amount": 0.6
    },
    {
      "name": "B5 (Pantothenic Acid)",
      "amount": 0.4
    },
    {
      "name": "B6 (Pyridoxine)",
      "amount": 0.04
    },
    {
      "name": "B12 (Cyanocobalamin)",
      "amount": 0.4
    },
    {
      "name": "Vitamin C",
      "amount": 2.0
    },
    {
      "name": "Saturated",
      "amount": 1.34
    },
    {
      "name": "Monounsaturated",
      "amount": 3.87
    },
    {
      "name": "Polyunsaturated",
      "amount": 3.38
    },
    {
      "name": "Omega-3",
      "amount": 0.23
    },
    {
      "name": "Omega-6",
      "amount": 3.14
    },
    {
      "name": "Cholesterol",
      "amount": 1.0
    }
  ],
  "foodSource": "usda",
  "foodType": "deprecated"
}