{
  "name": "Soup, vegetable beef, dry, mix",
  "sourceUID": 6100,
  "legacyUID": 6100,
  "pCF": 4.0,
  "cCF": 4.0,
  "lCF": 9.0,
  "comments": [],
  "measures": [
    {
      "grams": 1.0,
      "amount": 1.0,
      "description": "g"
    },
    {
      "grams": 17.0,
      "amount": 1.0,
      "description": "cup (8 fl oz)"
    },
    {
      "grams": 74.0,
      "amount": 1.0,
      "description": "packet"
    }
  ],
  "nutrients": [
    {
      "name": "Energy",
      "amount": 344.0
    },
    {
      "name": "Protein",
      "amount": 18.91
    },
    {
      "name": "Carbs",
      "amount": 51.74
    },
    {
      "name": "Fiber",
      "amount": 1.8
    },
    {
      "name": "Fat",
      "amount": 7.2
    },
    {
      "name": "Alcohol",
      "amount": 0.0
    },
    {
      "name": "Water",
      "amount": 4.64
    },
    {
      "name": "Ash",
      "amount": 17.5
    },
    {
      "name": "Calcium",
      "amount": 84.0
    },
    {
      "name": "Copper",
      "amount": 0.198
    },
    {
      "name": "Iron",
      "amount": 5.51
    },
    {
      "name": "Magnesium",
      "amount": 151.0
    },
    {
      "name": "Manganese",
      "amount": 1.8
    },
    {
      "name": "Phosphorus",
      "amount": 236.0
    },
    {
      "name": "Potassium",
      "amount": 483.0
    },
    {
      "name": "Sodium",
      "amount": 6460.0
    },
    {
      "name": "Zinc",
      "amount": 1.75
    },
    {
      "name": "Vitamin A",
      "amount": 1537.0
    },
    {
      "name": "Retinol",
      "amount": 0.0
    },
    {
      "name": "Folate",
      "amount": 51.0
    },
    {
      "name": "B1 (Thiamine)",
      "amount": 0.192
    },
    {
      "name": "B2 (Riboflavin)",
      "amount": 0.231
    },
    {
      "name": "B3 (Niacin)",
      "amount": 2.981
    },
    {
      "name": "B5 (Pantothenic Acid)",
      "amount": 1.7
    },
    {
      "name": "B6 (Pyridoxine)",
      "amount": 0.345
    },
    {
      "name": "B12 (Cyanocobalamin)",
      "amount": 2.0
    },
    {
      "name": "Vitamin C",
      "amount": 8.6
    },
    {
      "name": "Saturated",
      "amount": 3.59
    },
    {
      "name": "Monounsaturated",
      "amount": 3.01
    },
    {
      "name": "Polyunsaturated",
      "amount": 0.29
    },
    {
      "name": "Omega-3",
      "amount": 0.04
    },
    {
      "name": "Omega-6",
      "amount": 0.22
    },
    {
      "name": "Cholesterol",
      "amount": 8.0
    }
  ],
  "foodSource": "usda",
  "foodType": "deprecated"
}