{
  "name": "Sauce, cheese, dry, powder",
  "sourceUID": 6103,
  "legacyUID": 6103,
  "pCF": 4.0,
  "cCF": 4.0,
  "lCF": 9.0,
  "comments": [],
  "measures": [
    {
      "grams": 1.0,
      "amount": 1.0,
      "description": "g"
    },
    {
      "grams": 35.0,
      "amount": 1.0,
      "description": "packet"
    }
  ],
  "nutrients": [
    {
      "name": "Energy",
      "amount": 448.0
    },
    {
      "name": "Protein",
      "amount": 22.69
    },
    {
      "name": "Carbs",
      "amount": 33.66
    },
    {
      "name": "Fiber",
      "amount": 1.1
    },
    {
      "name": "Sugars",
      "amount": 25.13
    },
    {
      "name": "Fat",
      "amount": 25.44
    },
    {
      "name": "Alcohol",
      "amount": 0.0
    },
    {
      "name": "Caffeine",
      "amount": 0.0
    },
    {
      "name": "Water",
      "amount": 4.09
    },
    {
      "name": "Ash",
      "amount": 14.12
    },
    {
      "name": "Calcium",
      "amount": 795.0
    },
    {
      "name": "Copper",
      "amount": 0.02
    },
    {
      "name": "Iron",
      "amount": 0.42
    },
    {
      "name": "Magnesium",
      "amount": 44.0
    },
    {
      "name": "Manganese",
      "amount": 0.01
    },
    {
      "name": "Phosphorus",
      "amount": 597.0
    },
    {
      "name": "Potassium",
      "amount": 519.0
    },
    {
      "name": "Selenium",
      "amount": 13.6
    },
    {
      "name": "Sodium",
      "amount": 3712.0
    },
    {
      "name": "Zinc",
      "amount": 2.5
    },
    {
      "name": "Vitamin A",
      "amount": 238.0
    },
    {
      "name": "Retinol",
      "amount": 62.0
    },
    {
      "name": "Alpha-carotene",
      "amount": 0.0
    },
    {
      "name": "Beta-carotene",
      "amount": 19.0
    },
    {
      "name": "Beta-cryptoxanthin",
      "amount": 0.0
    },
    {
      "name": "Lycopene",
      "amount": 0.0
    },
    {
      "name": "Lutein+Zeaxanthin",
      "amount": 0.0
    },
    {
      "name": "Folate",
      "amount": 13.0
    },
    {
      "name": "B1 (Thiamine)",
      "amount": 0.16
    },
    {
      "name": "B2 (Riboflavin)",
      "amount": 0.476
    },
    {
      "name": "B3 (Niacin)",
      "amount": 0.324
    },
    {
      "name": "B5 (Pantothenic Acid)",
      "amount": 1.0
    },
    {
      "name": "B6 (Pyridoxine)",
      "amount": 0.1
    },
    {
      "name": "B12 (Cyanocobalamin)",
      "amount": 0.8
    },
    {
      "name": "Vitamin C",
      "amount": 1.0
    },
    {
      "name": "Vitamin D",
      "amount": 0.0
    },
    {
      "name": "Vitamin E",
      "amount": 0.07
    },
    {
      "name": "Vitamin K",
      "amount": 0.6
    },
    {
      "name": "Choline",
      "amount": 55.8
    },
    {
      "name": "Saturated",
      "amount": 12.05
    },
    {
      "name": "Monounsaturated",
      "amount": 8.44
    },
    {
      "name": "Polyunsaturated",
      "amount": 3.66
    },
    {
      "name": "Omega-3",
      "amount": 0.4
    },
    {
      "name": "Omega-6",
      "amount": 3.26
    },
    {
      "name": "Cholesterol",
      "amount": 51.0
    }
  ],
  "foodSource": "usda",
  "foodType": "deprecated"
}