{
  "name": "Sauce, stroganoff, dry, mix",
  "sourceUID": 6109,
  "legacyUID": 6109,
  "pCF": 4.0,
  "cCF": 4.0,
  "lCF": 9.0,
  "comments": [],
  "measures": [
    {
      "grams": 1.0,
      "amount": 1.0,
      "description": "g"
    },
    {
      "grams": 56.0,
      "amount": 1.0,
      "description": "cup (8 fl oz)"
    },
    {
      "grams": 46.0,
      "amount": 1.0,
      "description": "packet"
    }
  ],
  "nutrients": [
    {
      "name": "Energy",
      "amount": 351.0
    },
    {
      "name": "Protein",
      "amount": 12.1
    },
    {
      "name": "Carbs",
      "amount": 57.66
    },
    {
      "name": "Fiber",
      "amount": 1.1
    },
    {
      "name": "Fat",
      "amount": 9.53
    },
    {
      "name": "Water",
      "amount": 4.56
    },
    {
      "name": "Ash",
      "amount": 16.15
    },
    {
      "name": "Calcium",
      "amount": 667.0
    },
    {
      "name": "Copper",
      "amount": 0.152
    },
    {
      "name": "Iron",
      "amount": 2.89
    },
    {
      "name": "Magnesium",
      "amount": 42.0
    },
    {
      "name": "Manganese",
      "amount": 0.4
    },
    {
      "name": "Phosphorus",
      "amount": 273.0
    },
    {
      "name": "Potassium",
      "amount": 866.0
    },
    {
      "name": "Sodium",
      "amount": 4050.0
    },
    {
      "name": "Zinc",
      "amount": 2.4
    },
    {
      "name": "Vitamin A",
      "amount": 482.0
    },
    {
      "name": "Retinol",
      "amount": 0.0
    },
    {
      "name": "Folate",
      "amount": 8.0
    },
    {
      "name": "B1 (Thiamine)",
      "amount": 1.83
    },
    {
      "name": "B2 (Riboflavin)",
      "amount": 1.05
    },
    {
      "name": "B3 (Niacin)",
      "amount": 1.38
    },
    {
      "name": "B5 (Pantothenic Acid)",
      "amount": 1.3
    },
    {
      "name": "B6 (Pyridoxine)",
      "amount": 0.1
    },
    {
      "name": "B12 (Cyanocobalamin)",
      "amount": 0.6
    },
    {
      "name": "Vitamin C",
      "amount": 0.8
    },
    {
      "name": "Saturated",
      "amount": 6.19
    },
    {
      "name": "Monounsaturated",
      "amount": 2.58
    },
    {
      "name": "Polyunsaturated",
      "amount": 0.27
    },
    {
      "name": "Omega-3",
      "amount": 0.09
    },
    {
      "name": "Omega-6",
      "amount": 0.18
    },
    {
      "name": "Cholesterol",
      "amount": 25.0
    }
  ],
  "foodSource": "usda",
  "foodType": "deprecated"
}