{
  "name": "Sauce, mushroom, dry, mix",
  "sourceUID": 6106,
  "legacyUID": 6106,
  "pCF": 4.0,
  "cCF": 4.0,
  "lCF": 9.0,
  "comments": [],
  "measures": [
    {
      "grams": 1.0,
      "amount": 1.0,
      "description": "g"
    },
    {
      "grams": 23.0,
      "amount": 1.0,
      "description": "cup (8 fl oz)"
    },
    {
      "grams": 28.0,
      "amount": 1.0,
      "description": "packet"
    }
  ],
  "nutrients": [
    {
      "name": "Energy",
      "amount": 349.0
    },
    {
      "name": "Protein",
      "amount": 14.38
    },
    {
      "name": "Carbs",
      "amount": 54.72
    },
    {
      "name": "Fat",
      "amount": 9.5
    },
    {
      "name": "Water",
      "amount": 3.5
    },
    {
      "name": "Ash",
      "amount": 17.9
    },
    {
      "name": "Calcium",
      "amount": 9.0
    },
    {
      "name": "Copper",
      "amount": 0.6
    },
    {
      "name": "Iron",
      "amount": 1.0
    },
    {
      "name": "Magnesium",
      "amount": 18.0
    },
    {
      "name": "Manganese",
      "amount": 0.1
    },
    {
      "name": "Phosphorus",
      "amount": 133.0
    },
    {
      "name": "Potassium",
      "amount": 433.0
    },
    {
      "name": "Sodium",
      "amount": 6230.0
    },
    {
      "name": "Zinc",
      "amount": 0.9
    },
    {
      "name": "Vitamin A",
      "amount": 0.0
    },
    {
      "name": "Retinol",
      "amount": 0.0
    },
    {
      "name": "Folate",
      "amount": 27.0
    },
    {
      "name": "B1 (Thiamine)",
      "amount": 0.1
    },
    {
      "name": "B2 (Riboflavin)",
      "amount": 0.5
    },
    {
      "name": "B3 (Niacin)",
      "amount": 4.6
    },
    {
      "name": "B5 (Pantothenic Acid)",
      "amount": 2.3
    },
    {
      "name": "B6 (Pyridoxine)",
      "amount": 0.1
    },
    {
      "name": "B12 (Cyanocobalamin)",
      "amount": 0.0
    },
    {
      "name": "Vitamin C",
      "amount": 0.0
    },
    {
      "name": "Saturated",
      "amount": 1.42
    },
    {
      "name": "Monounsaturated",
      "amount": 4.09
    },
    {
      "name": "Polyunsaturated",
      "amount": 3.57
    },
    {
      "name": "Omega-3",
      "amount": 0.25
    },
    {
      "name": "Omega-6",
      "amount": 3.32
    },
    {
      "name": "Cholesterol",
      "amount": 0.0
    }
  ],
  "foodSource": "usda",
  "foodType": "deprecated"
}