{
  "name": "Sauce, sweet and sour, dry, mix",
  "sourceUID": 6110,
  "legacyUID": 6110,
  "pCF": 4.0,
  "cCF": 4.0,
  "lCF": 9.0,
  "comments": [],
  "measures": [
    {
      "grams": 1.0,
      "amount": 1.0,
      "description": "g"
    },
    {
      "grams": 76.0,
      "amount": 1.0,
      "description": "cup (8 fl oz)"
    },
    {
      "grams": 57.0,
      "amount": 1.0,
      "description": "packet"
    }
  ],
  "nutrients": [
    {
      "name": "Energy",
      "amount": 389.0
    },
    {
      "name": "Protein",
      "amount": 1.0
    },
    {
      "name": "Carbs",
      "amount": 96.13
    },
    {
      "name": "Fiber",
      "amount": 1.9
    },
    {
      "name": "Fat",
      "amount": 0.1
    },
    {
      "name": "Alcohol",
      "amount": 0.0
    },
    {
      "name": "Water",
      "amount": 0.57
    },
    {
      "name": "Ash",
      "amount": 2.2
    },
    {
      "name": "Calcium",
      "amount": 54.0
    },
    {
      "name": "Copper",
      "amount": 0.037
    },
    {
      "name": "Iron",
      "amount": 2.14
    },
    {
      "name": "Magnesium",
      "amount": 12.0
    },
    {
      "name": "Manganese",
      "amount": 0.0
    },
    {
      "name": "Phosphorus",
      "amount": 60.0
    },
    {
      "name": "Potassium",
      "amount": 87.0
    },
    {
      "name": "Sodium",
      "amount": 1030.0
    },
    {
      "name": "Zinc",
      "amount": 0.12
    },
    {
      "name": "Vitamin A",
      "amount": 0.0
    },
    {
      "name": "Retinol",
      "amount": 0.0
    },
    {
      "name": "Folate",
      "amount": 3.0
    },
    {
      "name": "B1 (Thiamine)",
      "amount": 0.02
    },
    {
      "name": "B2 (Riboflavin)",
      "amount": 0.127
    },
    {
      "name": "B3 (Niacin)",
      "amount": 1.1
    },
    {
      "name": "B5 (Pantothenic Acid)",
      "amount": 0.9
    },
    {
      "name": "B6 (Pyridoxine)",
      "amount": 0.5
    },
    {
      "name": "B12 (Cyanocobalamin)",
      "amount": 0.0
    },
    {
      "name": "Vitamin C",
      "amount": 0.0
    },
    {
      "name": "Saturated",
      "amount": 0.01
    },
    {
      "name": "Monounsaturated",
      "amount": 0.02
    },
    {
      "name": "Polyunsaturated",
      "amount": 0.06
    },
    {
      "name": "Omega-3",
      "amount": 0.01
    },
    {
      "name": "Omega-6",
      "amount": 0.05
    },
    {
      "name": "Cholesterol",
      "amount": 0.0
    }
  ],
  "foodSource": "usda",
  "foodType": "deprecated"
}