{
  "name": "CAMPBELL'S Red and White, Bean with Bacon Soup, condensed",
  "sourceUID": 6117,
  "legacyUID": 6117,
  "pCF": 4.0,
  "cCF": 4.0,
  "lCF": 9.0,
  "comments": [],
  "measures": [
    {
      "grams": 1.0,
      "amount": 1.0,
      "description": "g"
    },
    {
      "grams": 128.0,
      "amount": 1.0,
      "description": "serving 1/2 cup"
    }
  ],
  "nutrients": [
    {
      "name": "Energy",
      "amount": 125.0
    },
    {
      "name": "Protein",
      "amount": 6.25
    },
    {
      "name": "Carbs",
      "amount": 19.53
    },
    {
      "name": "Fiber",
      "amount": 6.3
    },
    {
      "name": "Sugars",
      "amount": 3.13
    },
    {
      "name": "Fat",
      "amount": 2.34
    },
    {
      "name": "Water",
      "amount": 70.2
    },
    {
      "name": "Ash",
      "amount": 1.4
    },
    {
      "name": "Calcium",
      "amount": 47.0
    },
    {
      "name": "Iron",
      "amount": 1.41
    },
    {
      "name": "Potassium",
      "amount": 375.0
    },
    {
      "name": "Sodium",
      "amount": 672.0
    },
    {
      "name": "Vitamin A",
      "amount": 391.0
    },
    {
      "name": "Vitamin C",
      "amount": 2.8
    },
    {
      "name": "Saturated",
      "amount": 1.172
    },
    {
      "name": "Monounsaturated",
      "amount": 0.781
    },
    {
      "name": "Polyunsaturated",
      "amount": 0.391
    },
    {
      "name": "Trans-Fats",
      "amount": 0.0
    },
    {
      "name": "Cholesterol",
      "amount": 4.0
    }
  ],
  "foodSource": "usda",
  "foodType": "deprecated"
}