{
  "name": "Sauce, teriyaki, dry, mix",
  "sourceUID": 6111,
  "legacyUID": 6111,
  "pCF": 4.0,
  "cCF": 4.0,
  "lCF": 9.0,
  "comments": [],
  "measures": [
    {
      "grams": 1.0,
      "amount": 1.0,
      "description": "g"
    },
    {
      "grams": 46.0,
      "amount": 1.0,
      "description": "packet"
    }
  ],
  "nutrients": [
    {
      "name": "Energy",
      "amount": 283.0
    },
    {
      "name": "Protein",
      "amount": 9.0
    },
    {
      "name": "Carbs",
      "amount": 60.0
    },
    {
      "name": "Fiber",
      "amount": 1.9
    },
    {
      "name": "Fat",
      "amount": 2.0
    },
    {
      "name": "Water",
      "amount": 1.0
    },
    {
      "name": "Ash",
      "amount": 28.0
    },
    {
      "name": "Calcium",
      "amount": 243.0
    },
    {
      "name": "Copper",
      "amount": 0.3
    },
    {
      "name": "Iron",
      "amount": 6.06
    },
    {
      "name": "Magnesium",
      "amount": 180.0
    },
    {
      "name": "Manganese",
      "amount": 0.0
    },
    {
      "name": "Phosphorus",
      "amount": 462.0
    },
    {
      "name": "Potassium",
      "amount": 468.0
    },
    {
      "name": "Sodium",
      "amount": 10400.0
    },
    {
      "name": "Zinc",
      "amount": 0.3
    },
    {
      "name": "Vitamin A",
      "amount": 0.0
    },
    {
      "name": "Retinol",
      "amount": 0.0
    },
    {
      "name": "Folate",
      "amount": 60.0
    },
    {
      "name": "B1 (Thiamine)",
      "amount": 0.09
    },
    {
      "name": "B2 (Riboflavin)",
      "amount": 0.2
    },
    {
      "name": "B3 (Niacin)",
      "amount": 2.82
    },
    {
      "name": "B5 (Pantothenic Acid)",
      "amount": 0.6
    },
    {
      "name": "B6 (Pyridoxine)",
      "amount": 0.3
    },
    {
      "name": "B12 (Cyanocobalamin)",
      "amount": 0.0
    },
    {
      "name": "Vitamin C",
      "amount": 0.0
    },
    {
      "name": "Saturated",
      "amount": 0.29
    },
    {
      "name": "Monounsaturated",
      "amount": 0.47
    },
    {
      "name": "Polyunsaturated",
      "amount": 1.16
    },
    {
      "name": "Omega-3",
      "amount": 0.14
    },
    {
      "name": "Omega-6",
      "amount": 1.02
    },
    {
      "name": "Cholesterol",
      "amount": 0.0
    }
  ],
  "foodSource": "usda",
  "foodType": "deprecated"
}