{
  "name": "Sauce, white, dry, mix",
  "sourceUID": 6113,
  "legacyUID": 6113,
  "pCF": 4.0,
  "cCF": 4.0,
  "lCF": 9.0,
  "comments": [],
  "measures": [
    {
      "grams": 1.0,
      "amount": 1.0,
      "description": "g"
    },
    {
      "grams": 20.0,
      "amount": 1.0,
      "description": "cup (8 fl oz)"
    },
    {
      "grams": 50.0,
      "amount": 1.0,
      "description": "packet"
    }
  ],
  "nutrients": [
    {
      "name": "Energy",
      "amount": 463.0
    },
    {
      "name": "Protein",
      "amount": 10.94
    },
    {
      "name": "Carbs",
      "amount": 50.56
    },
    {
      "name": "Fiber",
      "amount": 2.8
    },
    {
      "name": "Fat",
      "amount": 26.7
    },
    {
      "name": "Alcohol",
      "amount": 0.0
    },
    {
      "name": "Water",
      "amount": 1.5
    },
    {
      "name": "Ash",
      "amount": 10.3
    },
    {
      "name": "Calcium",
      "amount": 674.0
    },
    {
      "name": "Copper",
      "amount": 0.08
    },
    {
      "name": "Iron",
      "amount": 0.5
    },
    {
      "name": "Magnesium",
      "amount": 39.0
    },
    {
      "name": "Manganese",
      "amount": 0.06
    },
    {
      "name": "Phosphorus",
      "amount": 245.0
    },
    {
      "name": "Potassium",
      "amount": 370.0
    },
    {
      "name": "Selenium",
      "amount": 17.0
    },
    {
      "name": "Sodium",
      "amount": 3410.0
    },
    {
      "name": "Zinc",
      "amount": 1.1
    },
    {
      "name": "Vitamin A",
      "amount": 7.0
    },
    {
      "name": "Retinol",
      "amount": 2.0
    },
    {
      "name": "Folate",
      "amount": 34.0
    },
    {
      "name": "B1 (Thiamine)",
      "amount": 0.2
    },
    {
      "name": "B2 (Riboflavin)",
      "amount": 0.4
    },
    {
      "name": "B3 (Niacin)",
      "amount": 0.7
    },
    {
      "name": "B5 (Pantothenic Acid)",
      "amount": 0.8
    },
    {
      "name": "B6 (Pyridoxine)",
      "amount": 0.1
    },
    {
      "name": "B12 (Cyanocobalamin)",
      "amount": 0.8
    },
    {
      "name": "Vitamin C",
      "amount": 3.0
    },
    {
      "name": "Saturated",
      "amount": 6.68
    },
    {
      "name": "Monounsaturated",
      "amount": 11.88
    },
    {
      "name": "Polyunsaturated",
      "amount": 6.97
    },
    {
      "name": "Omega-3",
      "amount": 0.43
    },
    {
      "name": "Omega-6",
      "amount": 6.54
    },
    {
      "name": "Cholesterol",
      "amount": 1.0
    }
  ],
  "foodSource": "usda",
  "foodType": "deprecated"
}