{
  "name": "Sauce, NESTLE, LJ MINOR Teriyaki Sauce, ready-to-serve",
  "sourceUID": 6129,
  "legacyUID": 6129,
  "pCF": 4.0,
  "cCF": 4.0,
  "lCF": 9.0,
  "comments": [],
  "measures": [
    {
      "grams": 1.0,
      "amount": 1.0,
      "description": "g"
    },
    {
      "grams": 16.0,
      "amount": 1.0,
      "description": "tbsp"
    },
    {
      "grams": 2070.0,
      "amount": 1.0,
      "description": "package"
    },
    {
      "grams": 16.0,
      "amount": 1.0,
      "description": "serving"
    }
  ],
  "nutrients": [
    {
      "name": "Energy",
      "amount": 130.0
    },
    {
      "name": "Protein",
      "amount": 0.93
    },
    {
      "name": "Carbs",
      "amount": 23.37
    },
    {
      "name": "Fiber",
      "amount": 0.0
    },
    {
      "name": "Sugars",
      "amount": 17.43
    },
    {
      "name": "Fat",
      "amount": 3.63
    },
    {
      "name": "Alcohol",
      "amount": 0.0
    },
    {
      "name": "Water",
      "amount": 69.04
    },
    {
      "name": "Ash",
      "amount": 3.04
    },
    {
      "name": "Calcium",
      "amount": 8.0
    },
    {
      "name": "Copper",
      "amount": 0.044
    },
    {
      "name": "Iron",
      "amount": 0.56
    },
    {
      "name": "Magnesium",
      "amount": 8.0
    },
    {
      "name": "Manganese",
      "amount": 0.111
    },
    {
      "name": "Phosphorus",
      "amount": 21.0
    },
    {
      "name": "Potassium",
      "amount": 50.0
    },
    {
      "name": "Sodium",
      "amount": 996.0
    },
    {
      "name": "Zinc",
      "amount": 0.1
    },
    {
      "name": "Vitamin A",
      "amount": 0.0
    },
    {
      "name": "Folate",
      "amount": 3.0
    },
    {
      "name": "B1 (Thiamine)",
      "amount": 0.01
    },
    {
      "name": "B2 (Riboflavin)",
      "amount": 0.027
    },
    {
      "name": "B3 (Niacin)",
      "amount": 0.587
    },
    {
      "name": "B5 (Pantothenic Acid)",
      "amount": 0.062
    },
    {
      "name": "B6 (Pyridoxine)",
      "amount": 0.031
    },
    {
      "name": "B12 (Cyanocobalamin)",
      "amount": 0.0
    },
    {
      "name": "Vitamin C",
      "amount": 0.0
    },
    {
      "name": "Saturated",
      "amount": 0.361
    },
    {
      "name": "Monounsaturated",
      "amount": 1.069
    },
    {
      "name": "Polyunsaturated",
      "amount": 1.745
    },
    {
      "name": "Omega-3",
      "amount": 0.102
    },
    {
      "name": "Omega-6",
      "amount": 1.644
    },
    {
      "name": "Cholesterol",
      "amount": 0.0
    }
  ],
  "foodSource": "usda",
  "foodType": "deprecated"
}