{
  "name": "Sauce, mole poblano, prepared from recipe",
  "sourceUID": 6136,
  "legacyUID": 6136,
  "pCF": 4.0,
  "cCF": 4.0,
  "lCF": 9.0,
  "comments": [],
  "measures": [
    {
      "grams": 1.0,
      "amount": 1.0,
      "description": "g"
    },
    {
      "grams": 242.0,
      "amount": 1.0,
      "description": "cup, sauce"
    },
    {
      "grams": 125.0,
      "amount": 0.5,
      "description": "cup"
    }
  ],
  "nutrients": [
    {
      "name": "Energy",
      "amount": 164.0
    },
    {
      "name": "Protein",
      "amount": 3.54
    },
    {
      "name": "Carbs",
      "amount": 12.94
    },
    {
      "name": "Fiber",
      "amount": 4.2
    },
    {
      "name": "Fat",
      "amount": 10.95
    },
    {
      "name": "Water",
      "amount": 71.54
    },
    {
      "name": "Ash",
      "amount": 1.03
    },
    {
      "name": "Calcium",
      "amount": 24.0
    },
    {
      "name": "Copper",
      "amount": 0.189
    },
    {
      "name": "Iron",
      "amount": 1.85
    },
    {
      "name": "Magnesium",
      "amount": 32.0
    },
    {
      "name": "Manganese",
      "amount": 0.234
    },
    {
      "name": "Phosphorus",
      "amount": 82.0
    },
    {
      "name": "Potassium",
      "amount": 326.0
    },
    {
      "name": "Sodium",
      "amount": 134.0
    },
    {
      "name": "Zinc",
      "amount": 0.46
    },
    {
      "name": "Vitamin A",
      "amount": 2992.0
    },
    {
      "name": "Alpha-carotene",
      "amount": 199.0
    },
    {
      "name": "Beta-carotene",
      "amount": 1282.0
    },
    {
      "name": "Beta-cryptoxanthin",
      "amount": 828.0
    },
    {
      "name": "Folate",
      "amount": 28.0
    },
    {
      "name": "B1 (Thiamine)",
      "amount": 0.022
    },
    {
      "name": "B2 (Riboflavin)",
      "amount": 0.0
    },
    {
      "name": "B3 (Niacin)",
      "amount": 1.64
    },
    {
      "name": "B5 (Pantothenic Acid)",
      "amount": 0.239
    },
    {
      "name": "B6 (Pyridoxine)",
      "amount": 0.251
    },
    {
      "name": "Vitamin C",
      "amount": 0.0
    }
  ],
  "foodSource": "usda",
  "foodType": "deprecated"
}