{
  "name": "Sauce, mole poblano, dry mix, single brand",
  "sourceUID": 6137,
  "legacyUID": 6137,
  "pCF": 4.0,
  "cCF": 4.0,
  "lCF": 9.0,
  "comments": [],
  "measures": [
    {
      "grams": 1.0,
      "amount": 1.0,
      "description": "g"
    },
    {
      "grams": 265.0,
      "amount": 1.0,
      "description": "cup sauce"
    }
  ],
  "nutrients": [
    {
      "name": "Energy",
      "amount": 571.0
    },
    {
      "name": "Protein",
      "amount": 7.48
    },
    {
      "name": "Carbs",
      "amount": 41.7
    },
    {
      "name": "Fiber",
      "amount": 10.1
    },
    {
      "name": "Fat",
      "amount": 41.58
    },
    {
      "name": "Water",
      "amount": 4.12
    },
    {
      "name": "Ash",
      "amount": 5.12
    },
    {
      "name": "Calcium",
      "amount": 302.0
    },
    {
      "name": "Copper",
      "amount": 0.684
    },
    {
      "name": "Iron",
      "amount": 5.71
    },
    {
      "name": "Magnesium",
      "amount": 127.0
    },
    {
      "name": "Manganese",
      "amount": 1.137
    },
    {
      "name": "Phosphorus",
      "amount": 254.0
    },
    {
      "name": "Potassium",
      "amount": 602.0
    },
    {
      "name": "Sodium",
      "amount": 1164.0
    },
    {
      "name": "Zinc",
      "amount": 2.5
    },
    {
      "name": "Vitamin A",
      "amount": 15.0
    },
    {
      "name": "Alpha-carotene",
      "amount": 0.0
    },
    {
      "name": "Beta-carotene",
      "amount": 9.0
    },
    {
      "name": "Beta-cryptoxanthin",
      "amount": 0.0
    },
    {
      "name": "Folate",
      "amount": 74.0
    },
    {
      "name": "B1 (Thiamine)",
      "amount": 0.136
    },
    {
      "name": "B2 (Riboflavin)",
      "amount": 0.573
    },
    {
      "name": "B3 (Niacin)",
      "amount": 2.544
    },
    {
      "name": "B5 (Pantothenic Acid)",
      "amount": 0.232
    },
    {
      "name": "B6 (Pyridoxine)",
      "amount": 0.752
    },
    {
      "name": "Vitamin C",
      "amount": 0.0
    }
  ],
  "foodSource": "usda",
  "foodType": "deprecated"
}