{
  "name": "Sauce, NESTLE, LJ MINOR All Purpose Stir Fry Sauce, ready-to-serve",
  "sourceUID": 6130,
  "legacyUID": 6130,
  "pCF": 4.0,
  "cCF": 4.0,
  "lCF": 9.0,
  "comments": [],
  "measures": [
    {
      "grams": 1.0,
      "amount": 1.0,
      "description": "g"
    },
    {
      "grams": 15.0,
      "amount": 1.0,
      "description": "tbsp"
    },
    {
      "grams": 2013.0,
      "amount": 1.0,
      "description": "package"
    },
    {
      "grams": 15.0,
      "amount": 1.0,
      "description": "serving"
    }
  ],
  "nutrients": [
    {
      "name": "Energy",
      "amount": 108.0
    },
    {
      "name": "Protein",
      "amount": 1.53
    },
    {
      "name": "Carbs",
      "amount": 15.66
    },
    {
      "name": "Fiber",
      "amount": 0.0
    },
    {
      "name": "Sugars",
      "amount": 6.24
    },
    {
      "name": "Fat",
      "amount": 4.33
    },
    {
      "name": "Alcohol",
      "amount": 0.0
    },
    {
      "name": "Water",
      "amount": 74.16
    },
    {
      "name": "Ash",
      "amount": 4.33
    },
    {
      "name": "Calcium",
      "amount": 10.0
    },
    {
      "name": "Copper",
      "amount": 0.04
    },
    {
      "name": "Iron",
      "amount": 0.76
    },
    {
      "name": "Magnesium",
      "amount": 10.0
    },
    {
      "name": "Manganese",
      "amount": 0.135
    },
    {
      "name": "Phosphorus",
      "amount": 30.0
    },
    {
      "name": "Potassium",
      "amount": 52.0
    },
    {
      "name": "Sodium",
      "amount": 1556.0
    },
    {
      "name": "Zinc",
      "amount": 0.12
    },
    {
      "name": "Vitamin A",
      "amount": 25.0
    },
    {
      "name": "Folate",
      "amount": 4.0
    },
    {
      "name": "B1 (Thiamine)",
      "amount": 0.014
    },
    {
      "name": "B2 (Riboflavin)",
      "amount": 0.038
    },
    {
      "name": "B3 (Niacin)",
      "amount": 0.909
    },
    {
      "name": "B5 (Pantothenic Acid)",
      "amount": 0.089
    },
    {
      "name": "B6 (Pyridoxine)",
      "amount": 0.046
    },
    {
      "name": "B12 (Cyanocobalamin)",
      "amount": 0.0
    },
    {
      "name": "Vitamin C",
      "amount": 4.7
    },
    {
      "name": "Saturated",
      "amount": 0.616
    },
    {
      "name": "Monounsaturated",
      "amount": 1.274
    },
    {
      "name": "Polyunsaturated",
      "amount": 2.082
    },
    {
      "name": "Omega-3",
      "amount": 0.122
    },
    {
      "name": "Omega-6",
      "amount": 1.96
    },
    {
      "name": "Cholesterol",
      "amount": 0.0
    }
  ],
  "foodSource": "usda",
  "foodType": "deprecated"
}