{
  "name": "Sauce, LA VICTORIA, LA VICTORIA Chunky Chili Dip, salsa, canned",
  "sourceUID": 6139,
  "legacyUID": 6139,
  "pCF": 4.0,
  "cCF": 4.0,
  "lCF": 9.0,
  "comments": [],
  "measures": [
    {
      "grams": 1.0,
      "amount": 1.0,
      "description": "g"
    },
    {
      "grams": 30.0,
      "amount": 2.0,
      "description": "tbsp"
    }
  ],
  "nutrients": [
    {
      "name": "Energy",
      "amount": 31.0
    },
    {
      "name": "Protein",
      "amount": 0.79
    },
    {
      "name": "Carbs",
      "amount": 6.54
    },
    {
      "name": "Fiber",
      "amount": 0.5
    },
    {
      "name": "Fat",
      "amount": 0.16
    },
    {
      "name": "Water",
      "amount": 90.78
    },
    {
      "name": "Ash",
      "amount": 1.72
    },
    {
      "name": "Calcium",
      "amount": 14.0
    },
    {
      "name": "Iron",
      "amount": 0.04
    },
    {
      "name": "Sodium",
      "amount": 493.0
    },
    {
      "name": "Vitamin A",
      "amount": 211.0
    },
    {
      "name": "Vitamin C",
      "amount": 10.5
    }
  ],
  "foodSource": "usda",
  "foodType": "deprecated"
}