{
  "name": "Sauce, NESTLE, LJ MINOR Sweet N' Sour Sauce, ready-to-serve",
  "sourceUID": 6132,
  "legacyUID": 6132,
  "pCF": 4.0,
  "cCF": 4.0,
  "lCF": 9.0,
  "comments": [],
  "measures": [
    {
      "grams": 1.0,
      "amount": 1.0,
      "description": "g"
    },
    {
      "grams": 2041.0,
      "amount": 1.0,
      "description": "package"
    },
    {
      "grams": 33.0,
      "amount": 1.0,
      "description": "serving"
    },
    {
      "grams": 33.0,
      "amount": 2.0,
      "description": "tbsp"
    }
  ],
  "nutrients": [
    {
      "name": "Energy",
      "amount": 122.0
    },
    {
      "name": "Protein",
      "amount": 0.48
    },
    {
      "name": "Carbs",
      "amount": 24.79
    },
    {
      "name": "Fiber",
      "amount": 0.8
    },
    {
      "name": "Sugars",
      "amount": 20.83
    },
    {
      "name": "Fat",
      "amount": 2.38
    },
    {
      "name": "Alcohol",
      "amount": 0.0
    },
    {
      "name": "Water",
      "amount": 71.28
    },
    {
      "name": "Ash",
      "amount": 1.08
    },
    {
      "name": "Calcium",
      "amount": 18.0
    },
    {
      "name": "Copper",
      "amount": 0.048
    },
    {
      "name": "Iron",
      "amount": 0.85
    },
    {
      "name": "Magnesium",
      "amount": 7.0
    },
    {
      "name": "Manganese",
      "amount": 0.292
    },
    {
      "name": "Phosphorus",
      "amount": 9.0
    },
    {
      "name": "Potassium",
      "amount": 66.0
    },
    {
      "name": "Sodium",
      "amount": 353.0
    },
    {
      "name": "Zinc",
      "amount": 0.08
    },
    {
      "name": "Vitamin A",
      "amount": 75.0
    },
    {
      "name": "Folate",
      "amount": 2.0
    },
    {
      "name": "B1 (Thiamine)",
      "amount": 0.027
    },
    {
      "name": "B2 (Riboflavin)",
      "amount": 0.015
    },
    {
      "name": "B3 (Niacin)",
      "amount": 0.2
    },
    {
      "name": "B5 (Pantothenic Acid)",
      "amount": 0.051
    },
    {
      "name": "B6 (Pyridoxine)",
      "amount": 0.044
    },
    {
      "name": "B12 (Cyanocobalamin)",
      "amount": 0.0
    },
    {
      "name": "Vitamin C",
      "amount": 0.0
    },
    {
      "name": "Saturated",
      "amount": 0.37
    },
    {
      "name": "Monounsaturated",
      "amount": 0.695
    },
    {
      "name": "Polyunsaturated",
      "amount": 1.142
    },
    {
      "name": "Omega-3",
      "amount": 0.068
    },
    {
      "name": "Omega-6",
      "amount": 1.072
    },
    {
      "name": "Cholesterol",
      "amount": 0.0
    }
  ],
  "foodSource": "usda",
  "foodType": "deprecated"
}