{
  "name": "Sauce, NESTLE, LJ MINOR Sweet N' Sour Glaze, ready-to-serve",
  "sourceUID": 6131,
  "legacyUID": 6131,
  "pCF": 4.0,
  "cCF": 4.0,
  "lCF": 9.0,
  "comments": [],
  "measures": [
    {
      "grams": 1.0,
      "amount": 1.0,
      "description": "g"
    },
    {
      "grams": 2183.0,
      "amount": 1.0,
      "description": "package"
    },
    {
      "grams": 32.0,
      "amount": 1.0,
      "description": "serving"
    },
    {
      "grams": 32.0,
      "amount": 2.0,
      "description": "tbsp"
    }
  ],
  "nutrients": [
    {
      "name": "Energy",
      "amount": 158.0
    },
    {
      "name": "Protein",
      "amount": 0.46
    },
    {
      "name": "Carbs",
      "amount": 38.93
    },
    {
      "name": "Fiber",
      "amount": 0.1
    },
    {
      "name": "Sugars",
      "amount": 26.02
    },
    {
      "name": "Fat",
      "amount": 0.07
    },
    {
      "name": "Alcohol",
      "amount": 0.0
    },
    {
      "name": "Water",
      "amount": 57.89
    },
    {
      "name": "Ash",
      "amount": 2.65
    },
    {
      "name": "Calcium",
      "amount": 47.0
    },
    {
      "name": "Copper",
      "amount": 0.154
    },
    {
      "name": "Iron",
      "amount": 1.14
    },
    {
      "name": "Magnesium",
      "amount": 18.0
    },
    {
      "name": "Manganese",
      "amount": 0.771
    },
    {
      "name": "Phosphorus",
      "amount": 23.0
    },
    {
      "name": "Potassium",
      "amount": 224.0
    },
    {
      "name": "Sodium",
      "amount": 717.0
    },
    {
      "name": "Zinc",
      "amount": 0.2
    },
    {
      "name": "Vitamin A",
      "amount": 150.0
    },
    {
      "name": "Folate",
      "amount": 8.0
    },
    {
      "name": "B1 (Thiamine)",
      "amount": 0.059
    },
    {
      "name": "B2 (Riboflavin)",
      "amount": 0.023
    },
    {
      "name": "B3 (Niacin)",
      "amount": 0.285
    },
    {
      "name": "B5 (Pantothenic Acid)",
      "amount": 0.13
    },
    {
      "name": "B6 (Pyridoxine)",
      "amount": 0.104
    },
    {
      "name": "B12 (Cyanocobalamin)",
      "amount": 0.0
    },
    {
      "name": "Vitamin C",
      "amount": 8.0
    },
    {
      "name": "Saturated",
      "amount": 0.005
    },
    {
      "name": "Monounsaturated",
      "amount": 0.008
    },
    {
      "name": "Polyunsaturated",
      "amount": 0.032
    },
    {
      "name": "Omega-3",
      "amount": 0.004
    },
    {
      "name": "Omega-6",
      "amount": 0.019
    },
    {
      "name": "Cholesterol",
      "amount": 0.0
    }
  ],
  "foodSource": "usda",
  "foodType": "deprecated"
}