{
  "name": "Sauce, HUNT'S, Traditional Tomato Spaghetti Sauce",
  "sourceUID": 6144,
  "legacyUID": 6144,
  "pCF": 4.0,
  "cCF": 4.0,
  "lCF": 9.0,
  "comments": [],
  "measures": [
    {
      "grams": 1.0,
      "amount": 1.0,
      "description": "g"
    },
    {
      "grams": 126.0,
      "amount": 1.0,
      "description": "serving 1/2 cup"
    }
  ],
  "nutrients": [
    {
      "name": "Energy",
      "amount": 47.0
    },
    {
      "name": "Protein",
      "amount": 2.09
    },
    {
      "name": "Carbs",
      "amount": 8.66
    },
    {
      "name": "Fiber",
      "amount": 2.2
    },
    {
      "name": "Sugars",
      "amount": 5.89
    },
    {
      "name": "Fat",
      "amount": 0.96
    },
    {
      "name": "Water",
      "amount": 86.29
    },
    {
      "name": "Ash",
      "amount": 2.0
    },
    {
      "name": "Calcium",
      "amount": 20.0
    },
    {
      "name": "Iron",
      "amount": 1.68
    },
    {
      "name": "Sodium",
      "amount": 484.0
    },
    {
      "name": "Vitamin A",
      "amount": 401.0
    },
    {
      "name": "Vitamin C",
      "amount": 10.2
    },
    {
      "name": "Saturated",
      "amount": 0.32
    },
    {
      "name": "Monounsaturated",
      "amount": 0.31
    },
    {
      "name": "Polyunsaturated",
      "amount": 0.29
    },
    {
      "name": "Trans-Fats",
      "amount": 0.02
    },
    {
      "name": "Cholesterol",
      "amount": 1.0
    }
  ],
  "foodSource": "usda",
  "foodType": "deprecated"
}