{
  "name": "Sauce, sour cream, dehydrated, dry",
  "sourceUID": 6148,
  "legacyUID": 6148,
  "pCF": 4.0,
  "cCF": 4.0,
  "lCF": 9.0,
  "comments": [],
  "measures": [
    {
      "grams": 1.0,
      "amount": 1.0,
      "description": "g"
    },
    {
      "grams": 70.0,
      "amount": 1.0,
      "description": "cup (8 fl oz)"
    },
    {
      "grams": 35.0,
      "amount": 1.0,
      "description": "packet"
    }
  ],
  "nutrients": [
    {
      "name": "Energy",
      "amount": 512.0
    },
    {
      "name": "Protein",
      "amount": 15.7
    },
    {
      "name": "Carbs",
      "amount": 48.31
    },
    {
      "name": "Fat",
      "amount": 31.4
    },
    {
      "name": "Water",
      "amount": 1.59
    },
    {
      "name": "Ash",
      "amount": 3.0
    },
    {
      "name": "Calcium",
      "amount": 363.0
    },
    {
      "name": "Copper",
      "amount": 0.075
    },
    {
      "name": "Iron",
      "amount": 0.7
    },
    {
      "name": "Magnesium",
      "amount": 21.0
    },
    {
      "name": "Manganese",
      "amount": 0.2
    },
    {
      "name": "Phosphorus",
      "amount": 118.0
    },
    {
      "name": "Potassium",
      "amount": 515.0
    },
    {
      "name": "Sodium",
      "amount": 1260.0
    },
    {
      "name": "Zinc",
      "amount": 1.82
    },
    {
      "name": "Vitamin A",
      "amount": 241.0
    },
    {
      "name": "Retinol",
      "amount": 72.0
    },
    {
      "name": "Folate",
      "amount": 4.0
    },
    {
      "name": "B1 (Thiamine)",
      "amount": 0.06
    },
    {
      "name": "B2 (Riboflavin)",
      "amount": 0.44
    },
    {
      "name": "B3 (Niacin)",
      "amount": 0.5
    },
    {
      "name": "B5 (Pantothenic Acid)",
      "amount": 0.7
    },
    {
      "name": "B6 (Pyridoxine)",
      "amount": 0.06
    },
    {
      "name": "B12 (Cyanocobalamin)",
      "amount": 0.3
    },
    {
      "name": "Vitamin C",
      "amount": 0.4
    },
    {
      "name": "Saturated",
      "amount": 15.65
    },
    {
      "name": "Monounsaturated",
      "amount": 10.71
    },
    {
      "name": "Polyunsaturated",
      "amount": 3.51
    },
    {
      "name": "Omega-3",
      "amount": 0.47
    },
    {
      "name": "Omega-6",
      "amount": 3.04
    },
    {
      "name": "Cholesterol",
      "amount": 80.0
    }
  ],
  "foodSource": "usda",
  "foodType": "deprecated"
}