{
  "name": "Sauce, RIDG'S, BULLS-EYE Original Barbecue Sauce",
  "sourceUID": 6140,
  "legacyUID": 6140,
  "pCF": 4.0,
  "cCF": 4.0,
  "lCF": 9.0,
  "comments": [],
  "measures": [
    {
      "grams": 1.0,
      "amount": 1.0,
      "description": "g"
    },
    {
      "grams": 36.0,
      "amount": 2.0,
      "description": "tbsp"
    }
  ],
  "nutrients": [
    {
      "name": "Energy",
      "amount": 175.0
    },
    {
      "name": "Protein",
      "amount": 1.2
    },
    {
      "name": "Carbs",
      "amount": 42.1
    },
    {
      "name": "Sugars",
      "amount": 31.9
    },
    {
      "name": "Fat",
      "amount": 0.2
    },
    {
      "name": "Water",
      "amount": 53.3
    },
    {
      "name": "Ash",
      "amount": 3.2
    },
    {
      "name": "Sodium",
      "amount": 838.0
    }
  ],
  "foodSource": "usda",
  "foodType": "deprecated"
}