{
  "name": "CAMPBELL'S Red and White, Beef with Vegetables and Barley Soup, condensed",
  "sourceUID": 6146,
  "legacyUID": 6146,
  "pCF": 4.0,
  "cCF": 4.0,
  "lCF": 9.0,
  "comments": [],
  "measures": [
    {
      "grams": 1.0,
      "amount": 1.0,
      "description": "g"
    },
    {
      "grams": 126.0,
      "amount": 1.0,
      "description": "serving 1/2 cup"
    }
  ],
  "nutrients": [
    {
      "name": "Energy",
      "amount": 71.0
    },
    {
      "name": "Protein",
      "amount": 3.97
    },
    {
      "name": "Carbs",
      "amount": 11.9
    },
    {
      "name": "Fiber",
      "amount": 2.4
    },
    {
      "name": "Sugars",
      "amount": 1.59
    },
    {
      "name": "Fat",
      "amount": 1.19
    },
    {
      "name": "Water",
      "amount": 80.6
    },
    {
      "name": "Ash",
      "amount": 2.34
    },
    {
      "name": "Calcium",
      "amount": 0.0
    },
    {
      "name": "Iron",
      "amount": 0.57
    },
    {
      "name": "Potassium",
      "amount": 119.0
    },
    {
      "name": "Sodium",
      "amount": 706.0
    },
    {
      "name": "Vitamin A",
      "amount": 992.0
    },
    {
      "name": "Vitamin C",
      "amount": 0.0
    },
    {
      "name": "Saturated",
      "amount": 0.794
    },
    {
      "name": "Monounsaturated",
      "amount": 0.397
    },
    {
      "name": "Polyunsaturated",
      "amount": 0.0
    },
    {
      "name": "Trans-Fats",
      "amount": 0.0
    },
    {
      "name": "Cholesterol",
      "amount": 8.0
    }
  ],
  "foodSource": "usda",
  "foodType": "deprecated"
}