{
  "name": "Sauce, MARZETTI, TEXAS BEST Barbecue Sauce Original Recipe",
  "sourceUID": 6141,
  "legacyUID": 6141,
  "pCF": 4.0,
  "cCF": 4.0,
  "lCF": 9.0,
  "comments": [],
  "measures": [
    {
      "grams": 1.0,
      "amount": 1.0,
      "description": "g"
    },
    {
      "grams": 32.0,
      "amount": 2.0,
      "description": "tbsp"
    }
  ],
  "nutrients": [
    {
      "name": "Energy",
      "amount": 131.0
    },
    {
      "name": "Protein",
      "amount": 2.02
    },
    {
      "name": "Carbs",
      "amount": 12.61
    },
    {
      "name": "Sugars",
      "amount": 8.71
    },
    {
      "name": "Fat",
      "amount": 8.3
    },
    {
      "name": "Water",
      "amount": 71.75
    },
    {
      "name": "Ash",
      "amount": 5.32
    },
    {
      "name": "Sodium",
      "amount": 984.0
    },
    {
      "name": "Saturated",
      "amount": 1.837
    },
    {
      "name": "Cholesterol",
      "amount": 0.0
    }
  ],
  "foodSource": "usda",
  "foodType": "deprecated"
}