{
  "name": "USDA Commodity, spaghetti sauce, meatless, canned",
  "sourceUID": 6143,
  "legacyUID": 6143,
  "pCF": 4.0,
  "cCF": 4.0,
  "lCF": 9.0,
  "comments": [],
  "measures": [
    {
      "grams": 1.0,
      "amount": 1.0,
      "description": "g"
    }
  ],
  "nutrients": [
    {
      "name": "Energy",
      "amount": 48.0
    },
    {
      "name": "Protein",
      "amount": 1.2
    },
    {
      "name": "Carbs",
      "amount": 8.7
    },
    {
      "name": "Sugars",
      "amount": 4.7
    },
    {
      "name": "Fat",
      "amount": 0.9
    },
    {
      "name": "Water",
      "amount": 87.1
    },
    {
      "name": "Ash",
      "amount": 2.1
    },
    {
      "name": "Calcium",
      "amount": 20.0
    },
    {
      "name": "Iron",
      "amount": 0.9
    },
    {
      "name": "Magnesium",
      "amount": 13.0
    },
    {
      "name": "Phosphorus",
      "amount": 25.0
    },
    {
      "name": "Potassium",
      "amount": 292.0
    },
    {
      "name": "Sodium",
      "amount": 590.0
    },
    {
      "name": "Zinc",
      "amount": 0.21
    },
    {
      "name": "Vitamin A",
      "amount": 335.0
    },
    {
      "name": "Retinol",
      "amount": 0.0
    },
    {
      "name": "B1 (Thiamine)",
      "amount": 0.03
    },
    {
      "name": "B2 (Riboflavin)",
      "amount": 0.12
    },
    {
      "name": "B3 (Niacin)",
      "amount": 0.73
    },
    {
      "name": "B6 (Pyridoxine)",
      "amount": 0.06
    },
    {
      "name": "B12 (Cyanocobalamin)",
      "amount": 0.0
    },
    {
      "name": "Vitamin C",
      "amount": 3.9
    },
    {
      "name": "Saturated",
      "amount": 0.162
    },
    {
      "name": "Monounsaturated",
      "amount": 0.21
    },
    {
      "name": "Polyunsaturated",
      "amount": 0.51
    },
    {
      "name": "Omega-3",
      "amount": 0.057
    },
    {
      "name": "Omega-6",
      "amount": 0.453
    },
    {
      "name": "Cholesterol",
      "amount": 0.0
    }
  ],
  "foodSource": "usda",
  "foodType": "deprecated"
}