{
  "name": "Sauce, NESTLE, ORTEGA Picante Sauce, ready-to-serve",
  "sourceUID": 6157,
  "legacyUID": 6157,
  "pCF": 4.0,
  "cCF": 4.0,
  "lCF": 9.0,
  "comments": [],
  "measures": [
    {
      "grams": 1.0,
      "amount": 1.0,
      "description": "g"
    },
    {
      "grams": 3855.0,
      "amount": 1.0,
      "description": "package"
    },
    {
      "grams": 30.0,
      "amount": 1.0,
      "description": "serving"
    },
    {
      "grams": 30.0,
      "amount": 2.0,
      "description": "tbsp"
    }
  ],
  "nutrients": [
    {
      "name": "Energy",
      "amount": 34.0
    },
    {
      "name": "Protein",
      "amount": 1.22
    },
    {
      "name": "Carbs",
      "amount": 6.66
    },
    {
      "name": "Fiber",
      "amount": 0.0
    },
    {
      "name": "Sugars",
      "amount": 0.78
    },
    {
      "name": "Fat",
      "amount": 0.23
    },
    {
      "name": "Alcohol",
      "amount": 0.0
    },
    {
      "name": "Water",
      "amount": 89.23
    },
    {
      "name": "Ash",
      "amount": 2.67
    },
    {
      "name": "Calcium",
      "amount": 42.0
    },
    {
      "name": "Copper",
      "amount": 0.103
    },
    {
      "name": "Iron",
      "amount": 0.5
    },
    {
      "name": "Magnesium",
      "amount": 15.0
    },
    {
      "name": "Manganese",
      "amount": 0.157
    },
    {
      "name": "Phosphorus",
      "amount": 28.0
    },
    {
      "name": "Potassium",
      "amount": 268.0
    },
    {
      "name": "Sodium",
      "amount": 840.0
    },
    {
      "name": "Zinc",
      "amount": 0.17
    },
    {
      "name": "Vitamin A",
      "amount": 278.0
    },
    {
      "name": "Folate",
      "amount": 10.0
    },
    {
      "name": "B1 (Thiamine)",
      "amount": 0.052
    },
    {
      "name": "B2 (Riboflavin)",
      "amount": 0.042
    },
    {
      "name": "B3 (Niacin)",
      "amount": 0.965
    },
    {
      "name": "B5 (Pantothenic Acid)",
      "amount": 0.264
    },
    {
      "name": "B6 (Pyridoxine)",
      "amount": 0.124
    },
    {
      "name": "B12 (Cyanocobalamin)",
      "amount": 0.0
    },
    {
      "name": "Vitamin C",
      "amount": 1.9
    },
    {
      "name": "Saturated",
      "amount": 0.021
    },
    {
      "name": "Monounsaturated",
      "amount": 0.034
    },
    {
      "name": "Polyunsaturated",
      "amount": 0.1
    },
    {
      "name": "Omega-3",
      "amount": 0.002
    },
    {
      "name": "Omega-6",
      "amount": 0.047
    },
    {
      "name": "Cholesterol",
      "amount": 0.0
    }
  ],
  "foodSource": "usda",
  "foodType": "deprecated"
}