{
  "name": "Sauce, NESTLE, ORTEGA Enchilada Sauce, ready-to-serve",
  "sourceUID": 6153,
  "legacyUID": 6153,
  "pCF": 4.0,
  "cCF": 4.0,
  "lCF": 9.0,
  "comments": [],
  "measures": [
    {
      "grams": 1.0,
      "amount": 1.0,
      "description": "g"
    },
    {
      "grams": 3855.0,
      "amount": 1.0,
      "description": "package"
    },
    {
      "grams": 30.0,
      "amount": 1.0,
      "description": "serving"
    },
    {
      "grams": 30.0,
      "amount": 2.0,
      "description": "tbsp"
    }
  ],
  "nutrients": [
    {
      "name": "Energy",
      "amount": 50.0
    },
    {
      "name": "Protein",
      "amount": 1.45
    },
    {
      "name": "Carbs",
      "amount": 6.71
    },
    {
      "name": "Fiber",
      "amount": 1.0
    },
    {
      "name": "Sugars",
      "amount": 0.58
    },
    {
      "name": "Fat",
      "amount": 1.98
    },
    {
      "name": "Alcohol",
      "amount": 0.0
    },
    {
      "name": "Water",
      "amount": 88.53
    },
    {
      "name": "Ash",
      "amount": 1.33
    },
    {
      "name": "Calcium",
      "amount": 24.0
    },
    {
      "name": "Copper",
      "amount": 0.102
    },
    {
      "name": "Iron",
      "amount": 1.03
    },
    {
      "name": "Magnesium",
      "amount": 17.0
    },
    {
      "name": "Manganese",
      "amount": 0.166
    },
    {
      "name": "Phosphorus",
      "amount": 35.0
    },
    {
      "name": "Potassium",
      "amount": 278.0
    },
    {
      "name": "Sodium",
      "amount": 258.0
    },
    {
      "name": "Zinc",
      "amount": 0.19
    },
    {
      "name": "Vitamin A",
      "amount": 411.0
    },
    {
      "name": "Folate",
      "amount": 8.0
    },
    {
      "name": "B1 (Thiamine)",
      "amount": 0.055
    },
    {
      "name": "B2 (Riboflavin)",
      "amount": 0.036
    },
    {
      "name": "B3 (Niacin)",
      "amount": 1.06
    },
    {
      "name": "B5 (Pantothenic Acid)",
      "amount": 0.266
    },
    {
      "name": "B6 (Pyridoxine)",
      "amount": 0.145
    },
    {
      "name": "B12 (Cyanocobalamin)",
      "amount": 0.0
    },
    {
      "name": "Vitamin C",
      "amount": 7.1
    },
    {
      "name": "Saturated",
      "amount": 0.29
    },
    {
      "name": "Monounsaturated",
      "amount": 0.56
    },
    {
      "name": "Polyunsaturated",
      "amount": 0.941
    },
    {
      "name": "Omega-3",
      "amount": 0.053
    },
    {
      "name": "Omega-6",
      "amount": 0.871
    },
    {
      "name": "Cholesterol",
      "amount": 0.0
    }
  ],
  "foodSource": "usda",
  "foodType": "deprecated"
}