{
  "name": "Sauce, hollandaise, with vegetable oil, dry, mix",
  "sourceUID": 6154,
  "legacyUID": 6154,
  "pCF": 4.0,
  "cCF": 4.0,
  "lCF": 9.0,
  "comments": [],
  "measures": [
    {
      "grams": 1.0,
      "amount": 1.0,
      "description": "g"
    },
    {
      "grams": 17.0,
      "amount": 1.0,
      "description": "cup (8 fl oz)"
    },
    {
      "grams": 25.0,
      "amount": 1.0,
      "description": "packet"
    }
  ],
  "nutrients": [
    {
      "name": "Energy",
      "amount": 374.0
    },
    {
      "name": "Protein",
      "amount": 13.75
    },
    {
      "name": "Carbs",
      "amount": 62.45
    },
    {
      "name": "Fiber",
      "amount": 1.1
    },
    {
      "name": "Fat",
      "amount": 9.3
    },
    {
      "name": "Water",
      "amount": 5.0
    },
    {
      "name": "Ash",
      "amount": 9.5
    },
    {
      "name": "Calcium",
      "amount": 255.0
    },
    {
      "name": "Copper",
      "amount": 0.1
    },
    {
      "name": "Iron",
      "amount": 0.3
    },
    {
      "name": "Magnesium",
      "amount": 27.0
    },
    {
      "name": "Manganese",
      "amount": 0.1
    },
    {
      "name": "Phosphorus",
      "amount": 211.0
    },
    {
      "name": "Potassium",
      "amount": 377.0
    },
    {
      "name": "Sodium",
      "amount": 2600.0
    },
    {
      "name": "Zinc",
      "amount": 0.9
    },
    {
      "name": "Vitamin A",
      "amount": 7.0
    },
    {
      "name": "Retinol",
      "amount": 1.0
    },
    {
      "name": "Folate",
      "amount": 14.0
    },
    {
      "name": "B1 (Thiamine)",
      "amount": 0.1
    },
    {
      "name": "B2 (Riboflavin)",
      "amount": 0.4
    },
    {
      "name": "B3 (Niacin)",
      "amount": 0.6
    },
    {
      "name": "B5 (Pantothenic Acid)",
      "amount": 0.8
    },
    {
      "name": "B6 (Pyridoxine)",
      "amount": 0.1
    },
    {
      "name": "B12 (Cyanocobalamin)",
      "amount": 0.8
    },
    {
      "name": "Vitamin C",
      "amount": 1.0
    },
    {
      "name": "Saturated",
      "amount": 1.93
    },
    {
      "name": "Monounsaturated",
      "amount": 4.09
    },
    {
      "name": "Polyunsaturated",
      "amount": 2.75
    },
    {
      "name": "Omega-3",
      "amount": 0.12
    },
    {
      "name": "Omega-6",
      "amount": 2.62
    },
    {
      "name": "Cholesterol",
      "amount": 1.0
    }
  ],
  "foodSource": "usda",
  "foodType": "deprecated"
}