{
  "name": "Sauce, hollandaise, with butter fat, dry, mix",
  "sourceUID": 6155,
  "legacyUID": 6155,
  "pCF": 4.0,
  "cCF": 4.0,
  "lCF": 9.0,
  "comments": [],
  "measures": [
    {
      "grams": 1.0,
      "amount": 1.0,
      "description": "g"
    },
    {
      "grams": 45.0,
      "amount": 1.0,
      "description": "cup (8 fl oz)"
    },
    {
      "grams": 34.0,
      "amount": 1.0,
      "description": "packet"
    }
  ],
  "nutrients": [
    {
      "name": "Energy",
      "amount": 554.0
    },
    {
      "name": "Protein",
      "amount": 11.0
    },
    {
      "name": "Carbs",
      "amount": 32.1
    },
    {
      "name": "Fiber",
      "amount": 1.1
    },
    {
      "name": "Fat",
      "amount": 46.04
    },
    {
      "name": "Alcohol",
      "amount": 0.0
    },
    {
      "name": "Water",
      "amount": 2.12
    },
    {
      "name": "Ash",
      "amount": 8.75
    },
    {
      "name": "Calcium",
      "amount": 289.0
    },
    {
      "name": "Copper",
      "amount": 0.3
    },
    {
      "name": "Iron",
      "amount": 2.1
    },
    {
      "name": "Magnesium",
      "amount": 18.0
    },
    {
      "name": "Manganese",
      "amount": 0.1
    },
    {
      "name": "Phosphorus",
      "amount": 293.0
    },
    {
      "name": "Potassium",
      "amount": 291.0
    },
    {
      "name": "Sodium",
      "amount": 3650.0
    },
    {
      "name": "Zinc",
      "amount": 1.6
    },
    {
      "name": "Vitamin A",
      "amount": 1700.0
    },
    {
      "name": "Retinol",
      "amount": 510.0
    },
    {
      "name": "Folate",
      "amount": 49.0
    },
    {
      "name": "B1 (Thiamine)",
      "amount": 0.1
    },
    {
      "name": "B2 (Riboflavin)",
      "amount": 0.421
    },
    {
      "name": "B3 (Niacin)",
      "amount": 0.13
    },
    {
      "name": "B5 (Pantothenic Acid)",
      "amount": 2.0
    },
    {
      "name": "B6 (Pyridoxine)",
      "amount": 1.2
    },
    {
      "name": "B12 (Cyanocobalamin)",
      "amount": 1.8
    },
    {
      "name": "Vitamin C",
      "amount": 1.0
    },
    {
      "name": "Saturated",
      "amount": 27.05
    },
    {
      "name": "Monounsaturated",
      "amount": 13.85
    },
    {
      "name": "Polyunsaturated",
      "amount": 2.17
    },
    {
      "name": "Omega-3",
      "amount": 0.61
    },
    {
      "name": "Omega-6",
      "amount": 1.48
    },
    {
      "name": "Cholesterol",
      "amount": 118.0
    }
  ],
  "foodSource": "usda",
  "foodType": "deprecated"
}