{
  "name": "Sauce, NESTLE, CHEF-MATE Hot Dog Chili Sauce, ready-to-serve",
  "sourceUID": 6156,
  "legacyUID": 6156,
  "pCF": 4.0,
  "cCF": 4.0,
  "lCF": 9.0,
  "comments": [],
  "measures": [
    {
      "grams": 1.0,
      "amount": 1.0,
      "description": "g"
    },
    {
      "grams": 3062.0,
      "amount": 1.0,
      "description": "package"
    },
    {
      "grams": 63.0,
      "amount": 1.0,
      "description": "serving"
    },
    {
      "grams": 63.0,
      "amount": 0.25,
      "description": "cup"
    }
  ],
  "nutrients": [
    {
      "name": "Energy",
      "amount": 110.0
    },
    {
      "name": "Protein",
      "amount": 4.27
    },
    {
      "name": "Carbs",
      "amount": 14.65
    },
    {
      "name": "Fiber",
      "amount": 2.7
    },
    {
      "name": "Sugars",
      "amount": 1.76
    },
    {
      "name": "Fat",
      "amount": 3.78
    },
    {
      "name": "Alcohol",
      "amount": 0.0
    },
    {
      "name": "Water",
      "amount": 74.97
    },
    {
      "name": "Ash",
      "amount": 2.33
    },
    {
      "name": "Calcium",
      "amount": 31.0
    },
    {
      "name": "Copper",
      "amount": 0.11
    },
    {
      "name": "Iron",
      "amount": 1.55
    },
    {
      "name": "Magnesium",
      "amount": 20.0
    },
    {
      "name": "Manganese",
      "amount": 0.204
    },
    {
      "name": "Phosphorus",
      "amount": 63.0
    },
    {
      "name": "Potassium",
      "amount": 237.0
    },
    {
      "name": "Sodium",
      "amount": 633.0
    },
    {
      "name": "Zinc",
      "amount": 0.87
    },
    {
      "name": "Vitamin A",
      "amount": 672.0
    },
    {
      "name": "Folate",
      "amount": 35.0
    },
    {
      "name": "B1 (Thiamine)",
      "amount": 0.078
    },
    {
      "name": "B2 (Riboflavin)",
      "amount": 0.075
    },
    {
      "name": "B3 (Niacin)",
      "amount": 1.049
    },
    {
      "name": "B5 (Pantothenic Acid)",
      "amount": 0.22
    },
    {
      "name": "B6 (Pyridoxine)",
      "amount": 0.117
    },
    {
      "name": "B12 (Cyanocobalamin)",
      "amount": 0.21
    },
    {
      "name": "Vitamin C",
      "amount": 0.1
    },
    {
      "name": "Saturated",
      "amount": 1.54
    },
    {
      "name": "Monounsaturated",
      "amount": 1.537
    },
    {
      "name": "Polyunsaturated",
      "amount": 0.343
    },
    {
      "name": "Omega-3",
      "amount": 0.073
    },
    {
      "name": "Omega-6",
      "amount": 0.252
    },
    {
      "name": "Cholesterol",
      "amount": 7.0
    }
  ],
  "foodSource": "usda",
  "foodType": "deprecated"
}