{
  "name": "Sauce, homemade, white, thin",
  "sourceUID": 6165,
  "legacyUID": 6165,
  "pCF": 4.0,
  "cCF": 4.0,
  "lCF": 9.0,
  "comments": [],
  "measures": [
    {
      "grams": 1.0,
      "amount": 1.0,
      "description": "g"
    },
    {
      "grams": 250.0,
      "amount": 1.0,
      "description": "cup"
    },
    {
      "grams": 125.0,
      "amount": 0.5,
      "description": "cup"
    }
  ],
  "nutrients": [
    {
      "name": "Energy",
      "amount": 105.0
    },
    {
      "name": "Protein",
      "amount": 3.77
    },
    {
      "name": "Carbs",
      "amount": 7.4
    },
    {
      "name": "Fiber",
      "amount": 0.1
    },
    {
      "name": "Sugars",
      "amount": 4.78
    },
    {
      "name": "Fat",
      "amount": 6.73
    },
    {
      "name": "Alcohol",
      "amount": 0.0
    },
    {
      "name": "Caffeine",
      "amount": 0.0
    },
    {
      "name": "Water",
      "amount": 80.66
    },
    {
      "name": "Ash",
      "amount": 1.45
    },
    {
      "name": "Calcium",
      "amount": 126.0
    },
    {
      "name": "Copper",
      "amount": 0.013
    },
    {
      "name": "Iron",
      "amount": 0.21
    },
    {
      "name": "Magnesium",
      "amount": 15.0
    },
    {
      "name": "Manganese",
      "amount": 0.024
    },
    {
      "name": "Phosphorus",
      "amount": 101.0
    },
    {
      "name": "Potassium",
      "amount": 163.0
    },
    {
      "name": "Selenium",
      "amount": 3.3
    },
    {
      "name": "Sodium",
      "amount": 328.0
    },
    {
      "name": "Zinc",
      "amount": 0.42
    },
    {
      "name": "Vitamin A",
      "amount": 262.0
    },
    {
      "name": "Retinol",
      "amount": 72.0
    },
    {
      "name": "Alpha-carotene",
      "amount": 0.0
    },
    {
      "name": "Beta-carotene",
      "amount": 13.0
    },
    {
      "name": "Beta-cryptoxanthin",
      "amount": 0.0
    },
    {
      "name": "Lycopene",
      "amount": 0.0
    },
    {
      "name": "Lutein+Zeaxanthin",
      "amount": 1.0
    },
    {
      "name": "Folate",
      "amount": 9.0
    },
    {
      "name": "B1 (Thiamine)",
      "amount": 0.055
    },
    {
      "name": "B2 (Riboflavin)",
      "amount": 0.184
    },
    {
      "name": "B3 (Niacin)",
      "amount": 0.261
    },
    {
      "name": "B5 (Pantothenic Acid)",
      "amount": 0.339
    },
    {
      "name": "B6 (Pyridoxine)",
      "amount": 0.041
    },
    {
      "name": "B12 (Cyanocobalamin)",
      "amount": 0.3
    },
    {
      "name": "Vitamin C",
      "amount": 0.8
    },
    {
      "name": "Vitamin D",
      "amount": 49.0
    },
    {
      "name": "Vitamin E",
      "amount": 0.17
    },
    {
      "name": "Vitamin K",
      "amount": 0.6
    },
    {
      "name": "Choline",
      "amount": 14.1
    },
    {
      "name": "Saturated",
      "amount": 2.152
    },
    {
      "name": "Monounsaturated",
      "amount": 2.67
    },
    {
      "name": "Polyunsaturated",
      "amount": 1.586
    },
    {
      "name": "Omega-3",
      "amount": 0.095
    },
    {
      "name": "Omega-6",
      "amount": 1.491
    },
    {
      "name": "Cholesterol",
      "amount": 8.0
    },
    {
      "name": "Phytosterol",
      "amount": 16.0
    },
    {
      "name": "ALA",
      "amount": 0.112
    },
    {
      "name": "ARG",
      "amount": 0.118
    },
    {
      "name": "ASP",
      "amount": 0.248
    },
    {
      "name": "CYS",
      "amount": 0.03
    },
    {
      "name": "GLU",
      "amount": 0.684
    },
    {
      "name": "GLY",
      "amount": 0.069
    },
    {
      "name": "HIS",
      "amount": 0.089
    },
    {
      "name": "ILE",
      "amount": 0.198
    },
    {
      "name": "LEU",
      "amount": 0.32
    },
    {
      "name": "LYS",
      "amount": 0.259
    },
    {
      "name": "MET",
      "amount": 0.082
    },
    {
      "name": "PHE",
      "amount": 0.157
    },
    {
      "name": "PRO",
      "amount": 0.316
    },
    {
      "name": "SER",
      "amount": 0.177
    },
    {
      "name": "THR",
      "amount": 0.147
    },
    {
      "name": "TRP",
      "amount": 0.046
    },
    {
      "name": "TYR",
      "amount": 0.157
    },
    {
      "name": "VAL",
      "amount": 0.219
    }
  ],
  "foodSource": "usda",
  "foodType": "deprecated"
}