{
  "name": "USDA Commodity, salsa",
  "sourceUID": 6178,
  "legacyUID": 6178,
  "pCF": 4.0,
  "cCF": 4.0,
  "lCF": 9.0,
  "comments": [],
  "measures": [
    {
      "grams": 1.0,
      "amount": 1.0,
      "description": "g"
    }
  ],
  "nutrients": [
    {
      "name": "Energy",
      "amount": 36.0
    },
    {
      "name": "Protein",
      "amount": 1.5
    },
    {
      "name": "Carbs",
      "amount": 7.0
    },
    {
      "name": "Fiber",
      "amount": 1.4
    },
    {
      "name": "Fat",
      "amount": 0.2
    },
    {
      "name": "Alcohol",
      "amount": 0.0
    },
    {
      "name": "Water",
      "amount": 89.7
    },
    {
      "name": "Ash",
      "amount": 1.6
    },
    {
      "name": "Calcium",
      "amount": 12.0
    },
    {
      "name": "Copper",
      "amount": 0.096
    },
    {
      "name": "Iron",
      "amount": 2.24
    },
    {
      "name": "Magnesium",
      "amount": 16.0
    },
    {
      "name": "Phosphorus",
      "amount": 30.0
    },
    {
      "name": "Potassium",
      "amount": 270.0
    },
    {
      "name": "Selenium",
      "amount": 0.4
    },
    {
      "name": "Sodium",
      "amount": 430.0
    },
    {
      "name": "Zinc",
      "amount": 0.17
    },
    {
      "name": "Vitamin A",
      "amount": 550.0
    },
    {
      "name": "Retinol",
      "amount": 0.0
    },
    {
      "name": "Folate",
      "amount": 19.0
    },
    {
      "name": "B1 (Thiamine)",
      "amount": 0.05
    },
    {
      "name": "B2 (Riboflavin)",
      "amount": 0.03
    },
    {
      "name": "B3 (Niacin)",
      "amount": 1.08
    },
    {
      "name": "B6 (Pyridoxine)",
      "amount": 0.149
    },
    {
      "name": "B12 (Cyanocobalamin)",
      "amount": 0.0
    },
    {
      "name": "Vitamin C",
      "amount": 4.0
    },
    {
      "name": "Saturated",
      "amount": 0.029
    },
    {
      "name": "Monounsaturated",
      "amount": 0.016
    },
    {
      "name": "Polyunsaturated",
      "amount": 0.107
    },
    {
      "name": "Omega-3",
      "amount": 0.001
    },
    {
      "name": "Omega-6",
      "amount": 0.106
    },
    {
      "name": "Cholesterol",
      "amount": 0.0
    }
  ],
  "foodSource": "usda",
  "foodType": "deprecated"
}