{
  "name": "Sauce, NESTLE, LJ MINOR Italian Sauce, ready-to-serve",
  "sourceUID": 6181,
  "legacyUID": 6181,
  "pCF": 4.0,
  "cCF": 4.0,
  "lCF": 9.0,
  "comments": [],
  "measures": [
    {
      "grams": 1.0,
      "amount": 1.0,
      "description": "g"
    },
    {
      "grams": 128.0,
      "amount": 1.0,
      "description": "cup"
    },
    {
      "grams": 1956.0,
      "amount": 1.0,
      "description": "package"
    },
    {
      "grams": 62.0,
      "amount": 1.0,
      "description": "serving"
    },
    {
      "grams": 62.0,
      "amount": 0.25,
      "description": "cup"
    }
  ],
  "nutrients": [
    {
      "name": "Energy",
      "amount": 98.0
    },
    {
      "name": "Protein",
      "amount": 1.68
    },
    {
      "name": "Carbs",
      "amount": 18.49
    },
    {
      "name": "Fiber",
      "amount": 1.4
    },
    {
      "name": "Sugars",
      "amount": 5.6
    },
    {
      "name": "Fat",
      "amount": 1.9
    },
    {
      "name": "Alcohol",
      "amount": 0.0
    },
    {
      "name": "Water",
      "amount": 75.9
    },
    {
      "name": "Ash",
      "amount": 2.04
    },
    {
      "name": "Calcium",
      "amount": 55.0
    },
    {
      "name": "Copper",
      "amount": 0.242
    },
    {
      "name": "Iron",
      "amount": 0.62
    },
    {
      "name": "Magnesium",
      "amount": 32.0
    },
    {
      "name": "Manganese",
      "amount": 0.409
    },
    {
      "name": "Phosphorus",
      "amount": 69.0
    },
    {
      "name": "Potassium",
      "amount": 608.0
    },
    {
      "name": "Sodium",
      "amount": 490.0
    },
    {
      "name": "Zinc",
      "amount": 0.42
    },
    {
      "name": "Vitamin A",
      "amount": 394.0
    },
    {
      "name": "Folate",
      "amount": 26.0
    },
    {
      "name": "B1 (Thiamine)",
      "amount": 0.123
    },
    {
      "name": "B2 (Riboflavin)",
      "amount": 0.073
    },
    {
      "name": "B3 (Niacin)",
      "amount": 1.822
    },
    {
      "name": "B5 (Pantothenic Acid)",
      "amount": 0.554
    },
    {
      "name": "B6 (Pyridoxine)",
      "amount": 0.276
    },
    {
      "name": "B12 (Cyanocobalamin)",
      "amount": 0.0
    },
    {
      "name": "Vitamin C",
      "amount": 6.7
    },
    {
      "name": "Saturated",
      "amount": 0.26
    },
    {
      "name": "Monounsaturated",
      "amount": 1.192
    },
    {
      "name": "Polyunsaturated",
      "amount": 0.271
    },
    {
      "name": "Omega-3",
      "amount": 0.016
    },
    {
      "name": "Omega-6",
      "amount": 0.256
    },
    {
      "name": "Cholesterol",
      "amount": 0.0
    }
  ],
  "foodSource": "usda",
  "foodType": "deprecated"
}