{
  "name": "Soup, PROGRESSO HEALTHY CLASSICS BEEF BARLEY, canned, ready-to-serve",
  "sourceUID": 6199,
  "legacyUID": 6199,
  "pCF": 4.0,
  "cCF": 4.0,
  "lCF": 9.0,
  "comments": [],
  "measures": [
    {
      "grams": 1.0,
      "amount": 1.0,
      "description": "g"
    },
    {
      "grams": 241.0,
      "amount": 1.0,
      "description": "cup"
    }
  ],
  "nutrients": [
    {
      "name": "Energy",
      "amount": 59.0
    },
    {
      "name": "Protein",
      "amount": 4.7
    },
    {
      "name": "Carbs",
      "amount": 8.3
    },
    {
      "name": "Fiber",
      "amount": 1.3
    },
    {
      "name": "Fat",
      "amount": 0.8
    },
    {
      "name": "Water",
      "amount": 85.0
    },
    {
      "name": "Ash",
      "amount": 0.93
    },
    {
      "name": "Calcium",
      "amount": 12.0
    },
    {
      "name": "Copper",
      "amount": 0.063
    },
    {
      "name": "Iron",
      "amount": 0.77
    },
    {
      "name": "Magnesium",
      "amount": 13.0
    },
    {
      "name": "Manganese",
      "amount": 0.152
    },
    {
      "name": "Phosphorus",
      "amount": 49.0
    },
    {
      "name": "Potassium",
      "amount": 152.0
    },
    {
      "name": "Sodium",
      "amount": 195.0
    },
    {
      "name": "Zinc",
      "amount": 0.64
    },
    {
      "name": "Vitamin A",
      "amount": 970.0
    },
    {
      "name": "Folate",
      "amount": 10.0
    },
    {
      "name": "B1 (Thiamine)",
      "amount": 0.053
    },
    {
      "name": "B2 (Riboflavin)",
      "amount": 0.052
    },
    {
      "name": "B3 (Niacin)",
      "amount": 1.211
    },
    {
      "name": "B5 (Pantothenic Acid)",
      "amount": 0.122
    },
    {
      "name": "B6 (Pyridoxine)",
      "amount": 0.077
    },
    {
      "name": "B12 (Cyanocobalamin)",
      "amount": 0.15
    },
    {
      "name": "Vitamin C",
      "amount": 1.5
    },
    {
      "name": "Saturated",
      "amount": 0.31
    },
    {
      "name": "Monounsaturated",
      "amount": 0.286
    },
    {
      "name": "Polyunsaturated",
      "amount": 0.104
    },
    {
      "name": "Omega-3",
      "amount": 0.008
    },
    {
      "name": "Omega-6",
      "amount": 0.093
    },
    {
      "name": "Cholesterol",
      "amount": 8.0
    }
  ],
  "foodSource": "usda",
  "foodType": "deprecated"
}