{
  "name": "CAMPBELL'S, HEALTHY REQUEST, cream of chicken soup, condensed",
  "sourceUID": 6195,
  "legacyUID": 6195,
  "pCF": 4.0,
  "cCF": 4.0,
  "lCF": 9.0,
  "comments": [],
  "measures": [
    {
      "grams": 1.0,
      "amount": 1.0,
      "description": "g"
    },
    {
      "grams": 124.0,
      "amount": 0.5,
      "description": "cup condensed"
    }
  ],
  "nutrients": [
    {
      "name": "Energy",
      "amount": 50.0
    },
    {
      "name": "Protein",
      "amount": 3.0
    },
    {
      "name": "Carbs",
      "amount": 7.5
    },
    {
      "name": "Fiber",
      "amount": 0.4
    },
    {
      "name": "Sugars",
      "amount": 0.8
    },
    {
      "name": "Fat",
      "amount": 1.5
    },
    {
      "name": "Water",
      "amount": 87.3
    },
    {
      "name": "Ash",
      "amount": 1.0
    },
    {
      "name": "Calcium",
      "amount": 8.0
    },
    {
      "name": "Iron",
      "amount": 0.2
    },
    {
      "name": "Magnesium",
      "amount": 6.0
    },
    {
      "name": "Phosphorus",
      "amount": 31.0
    },
    {
      "name": "Potassium",
      "amount": 590.0
    },
    {
      "name": "Sodium",
      "amount": 347.0
    },
    {
      "name": "Zinc",
      "amount": 0.07
    },
    {
      "name": "Vitamin A",
      "amount": 571.0
    },
    {
      "name": "Vitamin C",
      "amount": 0.2
    },
    {
      "name": "Saturated",
      "amount": 0.4
    },
    {
      "name": "Monounsaturated",
      "amount": 0.4
    },
    {
      "name": "Polyunsaturated",
      "amount": 0.6
    },
    {
      "name": "Trans-Fats",
      "amount": 0.0
    },
    {
      "name": "Cholesterol",
      "amount": 4.0
    }
  ],
  "foodSource": "usda",
  "foodType": "deprecated"
}