{
  "name": "Soup, PROGRESSO HEALTHY CLASSICS TOMATO GARDEN, canned, ready-to-serve",
  "sourceUID": 6191,
  "legacyUID": 6191,
  "pCF": 4.0,
  "cCF": 4.0,
  "lCF": 9.0,
  "comments": [],
  "measures": [
    {
      "grams": 1.0,
      "amount": 1.0,
      "description": "g"
    },
    {
      "grams": 245.0,
      "amount": 1.0,
      "description": "cup"
    }
  ],
  "nutrients": [
    {
      "name": "Energy",
      "amount": 40.0
    },
    {
      "name": "Protein",
      "amount": 1.42
    },
    {
      "name": "Carbs",
      "amount": 8.88
    },
    {
      "name": "Fiber",
      "amount": 1.6
    },
    {
      "name": "Sugars",
      "amount": 2.14
    },
    {
      "name": "Fat",
      "amount": 0.4
    },
    {
      "name": "Alcohol",
      "amount": 0.0
    },
    {
      "name": "Caffeine",
      "amount": 0.0
    },
    {
      "name": "Water",
      "amount": 88.0
    },
    {
      "name": "Ash",
      "amount": 1.3
    },
    {
      "name": "Calcium",
      "amount": 23.0
    },
    {
      "name": "Copper",
      "amount": 0.051
    },
    {
      "name": "Iron",
      "amount": 0.67
    },
    {
      "name": "Magnesium",
      "amount": 12.0
    },
    {
      "name": "Manganese",
      "amount": 0.091
    },
    {
      "name": "Phosphorus",
      "amount": 27.0
    },
    {
      "name": "Potassium",
      "amount": 124.0
    },
    {
      "name": "Selenium",
      "amount": 1.8
    },
    {
      "name": "Sodium",
      "amount": 196.0
    },
    {
      "name": "Zinc",
      "amount": 0.19
    },
    {
      "name": "Vitamin A",
      "amount": 550.0
    },
    {
      "name": "Retinol",
      "amount": 0.0
    },
    {
      "name": "Alpha-carotene",
      "amount": 49.0
    },
    {
      "name": "Beta-carotene",
      "amount": 303.0
    },
    {
      "name": "Beta-cryptoxanthin",
      "amount": 5.0
    },
    {
      "name": "Lycopene",
      "amount": 4016.0
    },
    {
      "name": "Lutein+Zeaxanthin",
      "amount": 396.0
    },
    {
      "name": "Folate",
      "amount": 10.0
    },
    {
      "name": "B1 (Thiamine)",
      "amount": 0.07
    },
    {
      "name": "B2 (Riboflavin)",
      "amount": 0.039
    },
    {
      "name": "B3 (Niacin)",
      "amount": 0.65
    },
    {
      "name": "B5 (Pantothenic Acid)",
      "amount": 0.187
    },
    {
      "name": "B6 (Pyridoxine)",
      "amount": 0.045
    },
    {
      "name": "B12 (Cyanocobalamin)",
      "amount": 0.0
    },
    {
      "name": "Vitamin C",
      "amount": 1.8
    },
    {
      "name": "Vitamin E",
      "amount": 0.72
    },
    {
      "name": "Vitamin K",
      "amount": 4.7
    },
    {
      "name": "Saturated",
      "amount": 0.07
    },
    {
      "name": "Monounsaturated",
      "amount": 0.206
    },
    {
      "name": "Polyunsaturated",
      "amount": 0.147
    },
    {
      "name": "Omega-3",
      "amount": 0.008
    },
    {
      "name": "Omega-6",
      "amount": 0.139
    },
    {
      "name": "Cholesterol",
      "amount": 0.0
    }
  ],
  "foodSource": "usda",
  "foodType": "deprecated"
}