{
  "name": "Soup, PROGRESSO HEALTHY CLASSICS BEEF VEGETABLE, canned, ready-to-serve",
  "sourceUID": 6198,
  "legacyUID": 6198,
  "pCF": 4.0,
  "cCF": 4.0,
  "lCF": 9.0,
  "comments": [],
  "measures": [
    {
      "grams": 1.0,
      "amount": 1.0,
      "description": "g"
    }
  ],
  "nutrients": [
    {
      "name": "Energy",
      "amount": 64.0
    },
    {
      "name": "Protein",
      "amount": 4.18
    },
    {
      "name": "Carbs",
      "amount": 10.25
    },
    {
      "name": "Fiber",
      "amount": 2.4
    },
    {
      "name": "Fat",
      "amount": 0.64
    },
    {
      "name": "Alcohol",
      "amount": 0.0
    },
    {
      "name": "Water",
      "amount": 85.0
    },
    {
      "name": "Ash",
      "amount": 0.98
    },
    {
      "name": "Calcium",
      "amount": 6.0
    },
    {
      "name": "Copper",
      "amount": 0.103
    },
    {
      "name": "Iron",
      "amount": 0.74
    },
    {
      "name": "Magnesium",
      "amount": 13.0
    },
    {
      "name": "Manganese",
      "amount": 0.121
    },
    {
      "name": "Phosphorus",
      "amount": 41.0
    },
    {
      "name": "Potassium",
      "amount": 251.0
    },
    {
      "name": "Sodium",
      "amount": 168.0
    },
    {
      "name": "Zinc",
      "amount": 0.53
    },
    {
      "name": "Vitamin A",
      "amount": 862.0
    },
    {
      "name": "Folate",
      "amount": 10.0
    },
    {
      "name": "B1 (Thiamine)",
      "amount": 0.045
    },
    {
      "name": "B2 (Riboflavin)",
      "amount": 0.048
    },
    {
      "name": "B3 (Niacin)",
      "amount": 1.168
    },
    {
      "name": "B5 (Pantothenic Acid)",
      "amount": 0.191
    },
    {
      "name": "B6 (Pyridoxine)",
      "amount": 0.103
    },
    {
      "name": "B12 (Cyanocobalamin)",
      "amount": 0.13
    },
    {
      "name": "Vitamin C",
      "amount": 1.9
    },
    {
      "name": "Saturated",
      "amount": 0.25
    },
    {
      "name": "Monounsaturated",
      "amount": 0.236
    },
    {
      "name": "Polyunsaturated",
      "amount": 0.072
    },
    {
      "name": "Omega-3",
      "amount": 0.007
    },
    {
      "name": "Omega-6",
      "amount": 0.063
    },
    {
      "name": "Cholesterol",
      "amount": 6.0
    }
  ],
  "foodSource": "usda",
  "foodType": "deprecated"
}