{
  "name": "Soup, PROGRESSO HEALTHY CLASSICS GARLIC AND PASTA, canned, ready-to-serve",
  "sourceUID": 6197,
  "legacyUID": 6197,
  "pCF": 4.0,
  "cCF": 4.0,
  "lCF": 9.0,
  "comments": [],
  "measures": [
    {
      "grams": 1.0,
      "amount": 1.0,
      "description": "g"
    },
    {
      "grams": 243.0,
      "amount": 1.0,
      "description": "cup"
    }
  ],
  "nutrients": [
    {
      "name": "Energy",
      "amount": 41.0
    },
    {
      "name": "Protein",
      "amount": 1.81
    },
    {
      "name": "Carbs",
      "amount": 8.36
    },
    {
      "name": "Fiber",
      "amount": 1.2
    },
    {
      "name": "Sugars",
      "amount": 0.86
    },
    {
      "name": "Fat",
      "amount": 0.53
    },
    {
      "name": "Alcohol",
      "amount": 0.0
    },
    {
      "name": "Caffeine",
      "amount": 0.0
    },
    {
      "name": "Water",
      "amount": 88.0
    },
    {
      "name": "Ash",
      "amount": 1.3
    },
    {
      "name": "Calcium",
      "amount": 21.0
    },
    {
      "name": "Copper",
      "amount": 0.039
    },
    {
      "name": "Iron",
      "amount": 0.36
    },
    {
      "name": "Magnesium",
      "amount": 14.0
    },
    {
      "name": "Manganese",
      "amount": 0.105
    },
    {
      "name": "Phosphorus",
      "amount": 36.0
    },
    {
      "name": "Potassium",
      "amount": 123.0
    },
    {
      "name": "Selenium",
      "amount": 4.1
    },
    {
      "name": "Sodium",
      "amount": 185.0
    },
    {
      "name": "Zinc",
      "amount": 0.23
    },
    {
      "name": "Vitamin A",
      "amount": 1270.0
    },
    {
      "name": "Retinol",
      "amount": 0.0
    },
    {
      "name": "Alpha-carotene",
      "amount": 214.0
    },
    {
      "name": "Beta-carotene",
      "amount": 594.0
    },
    {
      "name": "Beta-cryptoxanthin",
      "amount": 122.0
    },
    {
      "name": "Lycopene",
      "amount": 0.0
    },
    {
      "name": "Lutein+Zeaxanthin",
      "amount": 108.0
    },
    {
      "name": "Folate",
      "amount": 26.0
    },
    {
      "name": "B1 (Thiamine)",
      "amount": 0.096
    },
    {
      "name": "B2 (Riboflavin)",
      "amount": 0.052
    },
    {
      "name": "B3 (Niacin)",
      "amount": 0.839
    },
    {
      "name": "B5 (Pantothenic Acid)",
      "amount": 0.238
    },
    {
      "name": "B6 (Pyridoxine)",
      "amount": 0.041
    },
    {
      "name": "B12 (Cyanocobalamin)",
      "amount": 0.0
    },
    {
      "name": "Vitamin C",
      "amount": 0.0
    },
    {
      "name": "Vitamin E",
      "amount": 0.19
    },
    {
      "name": "Vitamin K",
      "amount": 3.1
    },
    {
      "name": "Saturated",
      "amount": 0.13
    },
    {
      "name": "Monounsaturated",
      "amount": 0.147
    },
    {
      "name": "Polyunsaturated",
      "amount": 0.192
    },
    {
      "name": "Omega-3",
      "amount": 0.017
    },
    {
      "name": "Omega-6",
      "amount": 0.174
    },
    {
      "name": "Cholesterol",
      "amount": 2.0
    }
  ],
  "foodSource": "usda",
  "foodType": "deprecated"
}