{
  "name": "Soup, PROGRESSO HEALTHY CLASSICS CHICKEN NOODLE, canned, ready-to-serve",
  "sourceUID": 6200,
  "legacyUID": 6200,
  "pCF": 4.0,
  "cCF": 4.0,
  "lCF": 9.0,
  "comments": [],
  "measures": [
    {
      "grams": 1.0,
      "amount": 1.0,
      "description": "g"
    },
    {
      "grams": 237.0,
      "amount": 1.0,
      "description": "cup"
    }
  ],
  "nutrients": [
    {
      "name": "Energy",
      "amount": 32.0
    },
    {
      "name": "Protein",
      "amount": 2.42
    },
    {
      "name": "Carbs",
      "amount": 3.98
    },
    {
      "name": "Fiber",
      "amount": 0.5
    },
    {
      "name": "Fat",
      "amount": 0.69
    },
    {
      "name": "Water",
      "amount": 91.5
    },
    {
      "name": "Ash",
      "amount": 0.8
    },
    {
      "name": "Calcium",
      "amount": 8.0
    },
    {
      "name": "Copper",
      "amount": 0.054
    },
    {
      "name": "Iron",
      "amount": 0.47
    },
    {
      "name": "Magnesium",
      "amount": 4.0
    },
    {
      "name": "Manganese",
      "amount": 0.107
    },
    {
      "name": "Phosphorus",
      "amount": 36.0
    },
    {
      "name": "Potassium",
      "amount": 88.0
    },
    {
      "name": "Sodium",
      "amount": 194.0
    },
    {
      "name": "Zinc",
      "amount": 0.17
    },
    {
      "name": "Vitamin A",
      "amount": 388.0
    },
    {
      "name": "Folate",
      "amount": 14.0
    },
    {
      "name": "B1 (Thiamine)",
      "amount": 0.047
    },
    {
      "name": "B2 (Riboflavin)",
      "amount": 0.047
    },
    {
      "name": "B3 (Niacin)",
      "amount": 1.453
    },
    {
      "name": "B5 (Pantothenic Acid)",
      "amount": 0.087
    },
    {
      "name": "B6 (Pyridoxine)",
      "amount": 0.022
    },
    {
      "name": "B12 (Cyanocobalamin)",
      "amount": 0.09
    },
    {
      "name": "Vitamin C",
      "amount": 0.3
    },
    {
      "name": "Saturated",
      "amount": 0.176
    },
    {
      "name": "Monounsaturated",
      "amount": 0.247
    },
    {
      "name": "Polyunsaturated",
      "amount": 0.161
    },
    {
      "name": "Omega-3",
      "amount": 0.012
    },
    {
      "name": "Omega-6",
      "amount": 0.133
    },
    {
      "name": "Cholesterol",
      "amount": 8.0
    }
  ],
  "foodSource": "usda",
  "foodType": "deprecated"
}