{
  "name": "Soup, PROGRESSO HEALTHY CLASSICS LENTIL, canned, ready-to-serve",
  "sourceUID": 6204,
  "legacyUID": 6204,
  "pCF": 4.0,
  "cCF": 4.0,
  "lCF": 9.0,
  "comments": [],
  "measures": [
    {
      "grams": 1.0,
      "amount": 1.0,
      "description": "g"
    },
    {
      "grams": 242.0,
      "amount": 1.0,
      "description": "cup"
    }
  ],
  "nutrients": [
    {
      "name": "Energy",
      "amount": 52.0
    },
    {
      "name": "Protein",
      "amount": 3.22
    },
    {
      "name": "Carbs",
      "amount": 8.39
    },
    {
      "name": "Fiber",
      "amount": 2.3
    },
    {
      "name": "Fat",
      "amount": 0.62
    },
    {
      "name": "Alcohol",
      "amount": 0.0
    },
    {
      "name": "Water",
      "amount": 88.02
    },
    {
      "name": "Ash",
      "amount": 0.97
    },
    {
      "name": "Calcium",
      "amount": 17.0
    },
    {
      "name": "Copper",
      "amount": 0.089
    },
    {
      "name": "Iron",
      "amount": 1.1
    },
    {
      "name": "Magnesium",
      "amount": 17.0
    },
    {
      "name": "Manganese",
      "amount": 0.224
    },
    {
      "name": "Phosphorus",
      "amount": 53.0
    },
    {
      "name": "Potassium",
      "amount": 139.0
    },
    {
      "name": "Sodium",
      "amount": 183.0
    },
    {
      "name": "Zinc",
      "amount": 0.43
    },
    {
      "name": "Vitamin A",
      "amount": 393.0
    },
    {
      "name": "Folate",
      "amount": 42.0
    },
    {
      "name": "B1 (Thiamine)",
      "amount": 0.045
    },
    {
      "name": "B2 (Riboflavin)",
      "amount": 0.036
    },
    {
      "name": "B3 (Niacin)",
      "amount": 0.291
    },
    {
      "name": "B5 (Pantothenic Acid)",
      "amount": 0.226
    },
    {
      "name": "B6 (Pyridoxine)",
      "amount": 0.067
    },
    {
      "name": "B12 (Cyanocobalamin)",
      "amount": 0.0
    },
    {
      "name": "Vitamin C",
      "amount": 0.4
    },
    {
      "name": "Saturated",
      "amount": 0.11
    },
    {
      "name": "Monounsaturated",
      "amount": 0.337
    },
    {
      "name": "Polyunsaturated",
      "amount": 0.1
    },
    {
      "name": "Omega-3",
      "amount": 0.02
    },
    {
      "name": "Omega-6",
      "amount": 0.08
    },
    {
      "name": "Cholesterol",
      "amount": 0.0
    }
  ],
  "foodSource": "usda",
  "foodType": "deprecated"
}