{
  "name": "Soup, PROGRESSO HEALTHY CLASSICS VEGETABLE, canned, ready-to-serve",
  "sourceUID": 6207,
  "legacyUID": 6207,
  "pCF": 4.0,
  "cCF": 4.0,
  "lCF": 9.0,
  "comments": [],
  "measures": [
    {
      "grams": 1.0,
      "amount": 1.0,
      "description": "g"
    },
    {
      "grams": 238.0,
      "amount": 1.0,
      "description": "cup"
    }
  ],
  "nutrients": [
    {
      "name": "Energy",
      "amount": 34.0
    },
    {
      "name": "Protein",
      "amount": 1.76
    },
    {
      "name": "Carbs",
      "amount": 5.56
    },
    {
      "name": "Fiber",
      "amount": 0.6
    },
    {
      "name": "Fat",
      "amount": 0.54
    },
    {
      "name": "Alcohol",
      "amount": 0.0
    },
    {
      "name": "Water",
      "amount": 91.0
    },
    {
      "name": "Ash",
      "amount": 0.63
    },
    {
      "name": "Calcium",
      "amount": 13.0
    },
    {
      "name": "Copper",
      "amount": 0.052
    },
    {
      "name": "Iron",
      "amount": 0.64
    },
    {
      "name": "Magnesium",
      "amount": 9.0
    },
    {
      "name": "Manganese",
      "amount": 0.124
    },
    {
      "name": "Phosphorus",
      "amount": 31.0
    },
    {
      "name": "Potassium",
      "amount": 122.0
    },
    {
      "name": "Sodium",
      "amount": 196.0
    },
    {
      "name": "Zinc",
      "amount": 0.16
    },
    {
      "name": "Vitamin A",
      "amount": 1343.0
    },
    {
      "name": "Folate",
      "amount": 12.0
    },
    {
      "name": "B1 (Thiamine)",
      "amount": 0.033
    },
    {
      "name": "B2 (Riboflavin)",
      "amount": 0.029
    },
    {
      "name": "B3 (Niacin)",
      "amount": 0.767
    },
    {
      "name": "B5 (Pantothenic Acid)",
      "amount": 0.104
    },
    {
      "name": "B6 (Pyridoxine)",
      "amount": 0.031
    },
    {
      "name": "B12 (Cyanocobalamin)",
      "amount": 0.03
    },
    {
      "name": "Vitamin C",
      "amount": 0.6
    },
    {
      "name": "Saturated",
      "amount": 0.14
    },
    {
      "name": "Monounsaturated",
      "amount": 0.187
    },
    {
      "name": "Polyunsaturated",
      "amount": 0.147
    },
    {
      "name": "Omega-3",
      "amount": 0.017
    },
    {
      "name": "Omega-6",
      "amount": 0.129
    },
    {
      "name": "Cholesterol",
      "amount": 2.0
    }
  ],
  "foodSource": "usda",
  "foodType": "deprecated"
}