{
  "name": "CAMPBELL'S, 98% Fat Free Cream of Broccoli Soup, condensed",
  "sourceUID": 6209,
  "legacyUID": 6209,
  "pCF": 4.0,
  "cCF": 4.0,
  "lCF": 9.0,
  "comments": [],
  "measures": [
    {
      "grams": 1.0,
      "amount": 1.0,
      "description": "g"
    },
    {
      "grams": 124.0,
      "amount": 0.5,
      "description": "cup condensed"
    }
  ],
  "nutrients": [
    {
      "name": "Energy",
      "amount": 56.0
    },
    {
      "name": "Protein",
      "amount": 1.61
    },
    {
      "name": "Carbs",
      "amount": 8.06
    },
    {
      "name": "Fiber",
      "amount": 1.6
    },
    {
      "name": "Sugars",
      "amount": 0.81
    },
    {
      "name": "Fat",
      "amount": 1.61
    },
    {
      "name": "Water",
      "amount": 86.6
    },
    {
      "name": "Ash",
      "amount": 2.11
    },
    {
      "name": "Calcium",
      "amount": 16.0
    },
    {
      "name": "Iron",
      "amount": 0.0
    },
    {
      "name": "Sodium",
      "amount": 565.0
    },
    {
      "name": "Vitamin A",
      "amount": 81.0
    },
    {
      "name": "Vitamin C",
      "amount": 0.0
    },
    {
      "name": "Saturated",
      "amount": 0.403
    },
    {
      "name": "Trans-Fats",
      "amount": 0.0
    },
    {
      "name": "Cholesterol",
      "amount": 4.0
    }
  ],
  "foodSource": "usda",
  "foodType": "deprecated"
}