{
  "name": "Soup, PROGRESSO HEALTHY CLASSICS MINESTRONE, canned, ready-to-serve",
  "sourceUID": 6206,
  "legacyUID": 6206,
  "pCF": 4.0,
  "cCF": 4.0,
  "lCF": 9.0,
  "comments": [],
  "measures": [
    {
      "grams": 1.0,
      "amount": 1.0,
      "description": "g"
    },
    {
      "grams": 241.0,
      "amount": 1.0,
      "description": "cup"
    }
  ],
  "nutrients": [
    {
      "name": "Energy",
      "amount": 51.0
    },
    {
      "name": "Protein",
      "amount": 1.98
    },
    {
      "name": "Carbs",
      "amount": 8.44
    },
    {
      "name": "Fiber",
      "amount": 0.5
    },
    {
      "name": "Fat",
      "amount": 1.05
    },
    {
      "name": "Alcohol",
      "amount": 0.0
    },
    {
      "name": "Water",
      "amount": 86.67
    },
    {
      "name": "Ash",
      "amount": 0.89
    },
    {
      "name": "Calcium",
      "amount": 16.0
    },
    {
      "name": "Copper",
      "amount": 0.072
    },
    {
      "name": "Iron",
      "amount": 0.7
    },
    {
      "name": "Magnesium",
      "amount": 13.0
    },
    {
      "name": "Manganese",
      "amount": 0.152
    },
    {
      "name": "Phosphorus",
      "amount": 36.0
    },
    {
      "name": "Potassium",
      "amount": 127.0
    },
    {
      "name": "Sodium",
      "amount": 195.0
    },
    {
      "name": "Zinc",
      "amount": 0.27
    },
    {
      "name": "Vitamin A",
      "amount": 563.0
    },
    {
      "name": "Folate",
      "amount": 25.0
    },
    {
      "name": "B1 (Thiamine)",
      "amount": 0.062
    },
    {
      "name": "B2 (Riboflavin)",
      "amount": 0.033
    },
    {
      "name": "B3 (Niacin)",
      "amount": 0.429
    },
    {
      "name": "B5 (Pantothenic Acid)",
      "amount": 0.124
    },
    {
      "name": "B6 (Pyridoxine)",
      "amount": 0.057
    },
    {
      "name": "B12 (Cyanocobalamin)",
      "amount": 0.0
    },
    {
      "name": "Vitamin C",
      "amount": 0.3
    },
    {
      "name": "Saturated",
      "amount": 0.17
    },
    {
      "name": "Monounsaturated",
      "amount": 0.385
    },
    {
      "name": "Polyunsaturated",
      "amount": 0.409
    },
    {
      "name": "Omega-3",
      "amount": 0.364
    },
    {
      "name": "Omega-6",
      "amount": 0.0
    },
    {
      "name": "Cholesterol",
      "amount": 0.0
    }
  ],
  "foodSource": "usda",
  "foodType": "deprecated"
}