{
  "name": "Soup, PROGRESSO HEALTHY CLASSICS CREAM OF BROCCOLI, canned, ready-to-serve",
  "sourceUID": 6203,
  "legacyUID": 6203,
  "pCF": 4.0,
  "cCF": 4.0,
  "lCF": 9.0,
  "comments": [],
  "measures": [
    {
      "grams": 1.0,
      "amount": 1.0,
      "description": "g"
    },
    {
      "grams": 244.0,
      "amount": 1.0,
      "description": "cup"
    }
  ],
  "nutrients": [
    {
      "name": "Energy",
      "amount": 36.0
    },
    {
      "name": "Protein",
      "amount": 0.97
    },
    {
      "name": "Carbs",
      "amount": 5.46
    },
    {
      "name": "Fiber",
      "amount": 1.0
    },
    {
      "name": "Fat",
      "amount": 1.15
    },
    {
      "name": "Water",
      "amount": 92.0
    },
    {
      "name": "Ash",
      "amount": 0.63
    },
    {
      "name": "Calcium",
      "amount": 17.0
    },
    {
      "name": "Copper",
      "amount": 0.015
    },
    {
      "name": "Iron",
      "amount": 0.5
    },
    {
      "name": "Magnesium",
      "amount": 6.0
    },
    {
      "name": "Manganese",
      "amount": 0.054
    },
    {
      "name": "Phosphorus",
      "amount": 16.0
    },
    {
      "name": "Potassium",
      "amount": 66.0
    },
    {
      "name": "Sodium",
      "amount": 237.0
    },
    {
      "name": "Zinc",
      "amount": 0.11
    },
    {
      "name": "Vitamin A",
      "amount": 120.0
    },
    {
      "name": "Folate",
      "amount": 12.0
    },
    {
      "name": "B1 (Thiamine)",
      "amount": 0.012
    },
    {
      "name": "B2 (Riboflavin)",
      "amount": 0.024
    },
    {
      "name": "B3 (Niacin)",
      "amount": 0.13
    },
    {
      "name": "B5 (Pantothenic Acid)",
      "amount": 0.111
    },
    {
      "name": "B6 (Pyridoxine)",
      "amount": 0.03
    },
    {
      "name": "B12 (Cyanocobalamin)",
      "amount": 0.0
    },
    {
      "name": "Vitamin C",
      "amount": 2.4
    },
    {
      "name": "Saturated",
      "amount": 0.27
    },
    {
      "name": "Monounsaturated",
      "amount": 0.377
    },
    {
      "name": "Polyunsaturated",
      "amount": 0.235
    },
    {
      "name": "Omega-3",
      "amount": 0.052
    },
    {
      "name": "Omega-6",
      "amount": 0.183
    },
    {
      "name": "Cholesterol",
      "amount": 2.0
    }
  ],
  "foodSource": "usda",
  "foodType": "deprecated"
}