{
  "name": "Soup, PROGRESSO HEALTHY CLASSICS NEW ENGLAND CLAM CHOWDER, canned, ready-to-serve",
  "sourceUID": 6205,
  "legacyUID": 6205,
  "pCF": 4.0,
  "cCF": 4.0,
  "lCF": 9.0,
  "comments": [],
  "measures": [
    {
      "grams": 1.0,
      "amount": 1.0,
      "description": "g"
    },
    {
      "grams": 244.0,
      "amount": 1.0,
      "description": "cup"
    }
  ],
  "nutrients": [
    {
      "name": "Energy",
      "amount": 48.0
    },
    {
      "name": "Protein",
      "amount": 2.13
    },
    {
      "name": "Carbs",
      "amount": 8.11
    },
    {
      "name": "Fiber",
      "amount": 0.5
    },
    {
      "name": "Fat",
      "amount": 0.81
    },
    {
      "name": "Alcohol",
      "amount": 0.0
    },
    {
      "name": "Water",
      "amount": 89.15
    },
    {
      "name": "Ash",
      "amount": 0.76
    },
    {
      "name": "Calcium",
      "amount": 7.0
    },
    {
      "name": "Copper",
      "amount": 0.071
    },
    {
      "name": "Iron",
      "amount": 0.37
    },
    {
      "name": "Magnesium",
      "amount": 5.0
    },
    {
      "name": "Manganese",
      "amount": 0.067
    },
    {
      "name": "Phosphorus",
      "amount": 24.0
    },
    {
      "name": "Potassium",
      "amount": 116.0
    },
    {
      "name": "Sodium",
      "amount": 217.0
    },
    {
      "name": "Zinc",
      "amount": 0.17
    },
    {
      "name": "Vitamin A",
      "amount": 100.0
    },
    {
      "name": "Folate",
      "amount": 12.0
    },
    {
      "name": "B1 (Thiamine)",
      "amount": 0.022
    },
    {
      "name": "B2 (Riboflavin)",
      "amount": 0.036
    },
    {
      "name": "B3 (Niacin)",
      "amount": 0.353
    },
    {
      "name": "B5 (Pantothenic Acid)",
      "amount": 0.102
    },
    {
      "name": "B6 (Pyridoxine)",
      "amount": 0.035
    },
    {
      "name": "B12 (Cyanocobalamin)",
      "amount": 2.53
    },
    {
      "name": "Vitamin C",
      "amount": 2.1
    },
    {
      "name": "Saturated",
      "amount": 0.21
    },
    {
      "name": "Monounsaturated",
      "amount": 0.274
    },
    {
      "name": "Polyunsaturated",
      "amount": 0.174
    },
    {
      "name": "Omega-3",
      "amount": 0.027
    },
    {
      "name": "Omega-6",
      "amount": 0.142
    },
    {
      "name": "Cholesterol",
      "amount": 2.0
    }
  ],
  "foodSource": "usda",
  "foodType": "deprecated"
}