{
  "name": "Soup, PROGRESSO HEALTHY CLASSICS CHICKEN RICE WITH VEGETABLES, canned, ready-to-serve",
  "sourceUID": 6202,
  "legacyUID": 6202,
  "pCF": 4.0,
  "cCF": 4.0,
  "lCF": 9.0,
  "comments": [],
  "measures": [
    {
      "grams": 1.0,
      "amount": 1.0,
      "description": "g"
    },
    {
      "grams": 239.0,
      "amount": 1.0,
      "description": "cup"
    }
  ],
  "nutrients": [
    {
      "name": "Energy",
      "amount": 37.0
    },
    {
      "name": "Protein",
      "amount": 2.62
    },
    {
      "name": "Carbs",
      "amount": 5.23
    },
    {
      "name": "Fiber",
      "amount": 0.3
    },
    {
      "name": "Fat",
      "amount": 0.62
    },
    {
      "name": "Water",
      "amount": 91.0
    },
    {
      "name": "Ash",
      "amount": 0.6
    },
    {
      "name": "Calcium",
      "amount": 10.0
    },
    {
      "name": "Copper",
      "amount": 0.041
    },
    {
      "name": "Iron",
      "amount": 0.5
    },
    {
      "name": "Magnesium",
      "amount": 10.0
    },
    {
      "name": "Manganese",
      "amount": 0.099
    },
    {
      "name": "Phosphorus",
      "amount": 37.0
    },
    {
      "name": "Potassium",
      "amount": 115.0
    },
    {
      "name": "Sodium",
      "amount": 192.0
    },
    {
      "name": "Zinc",
      "amount": 0.18
    },
    {
      "name": "Vitamin A",
      "amount": 688.0
    },
    {
      "name": "Folate",
      "amount": 15.0
    },
    {
      "name": "B1 (Thiamine)",
      "amount": 0.052
    },
    {
      "name": "B2 (Riboflavin)",
      "amount": 0.03
    },
    {
      "name": "B3 (Niacin)",
      "amount": 1.084
    },
    {
      "name": "B5 (Pantothenic Acid)",
      "amount": 0.211
    },
    {
      "name": "B6 (Pyridoxine)",
      "amount": 0.03
    },
    {
      "name": "B12 (Cyanocobalamin)",
      "amount": 0.04
    },
    {
      "name": "Vitamin C",
      "amount": 0.3
    },
    {
      "name": "Saturated",
      "amount": 0.18
    },
    {
      "name": "Monounsaturated",
      "amount": 0.211
    },
    {
      "name": "Polyunsaturated",
      "amount": 0.201
    },
    {
      "name": "Omega-3",
      "amount": 0.011
    },
    {
      "name": "Omega-6",
      "amount": 0.185
    },
    {
      "name": "Cholesterol",
      "amount": 7.0
    }
  ],
  "foodSource": "usda",
  "foodType": "deprecated"
}