{
  "name": "CAMPBELL'S, 25% Less Sodium Chicken Noodle Soup, condensed",
  "sourceUID": 6212,
  "legacyUID": 6212,
  "pCF": 4.0,
  "cCF": 4.0,
  "lCF": 9.0,
  "comments": [],
  "measures": [
    {
      "grams": 1.0,
      "amount": 1.0,
      "description": "g"
    },
    {
      "grams": 126.0,
      "amount": 0.5,
      "description": "cup condensed"
    }
  ],
  "nutrients": [
    {
      "name": "Energy",
      "amount": 49.0
    },
    {
      "name": "Protein",
      "amount": 2.9
    },
    {
      "name": "Carbs",
      "amount": 6.3
    },
    {
      "name": "Fiber",
      "amount": 0.8
    },
    {
      "name": "Sugars",
      "amount": 0.6
    },
    {
      "name": "Fat",
      "amount": 1.29
    },
    {
      "name": "Water",
      "amount": 87.8
    },
    {
      "name": "Ash",
      "amount": 1.7
    },
    {
      "name": "Calcium",
      "amount": 12.0
    },
    {
      "name": "Iron",
      "amount": 0.6
    },
    {
      "name": "Magnesium",
      "amount": 9.0
    },
    {
      "name": "Phosphorus",
      "amount": 35.0
    },
    {
      "name": "Potassium",
      "amount": 66.0
    },
    {
      "name": "Sodium",
      "amount": 446.0
    },
    {
      "name": "Zinc",
      "amount": 0.2
    },
    {
      "name": "Vitamin A",
      "amount": 176.0
    },
    {
      "name": "Vitamin C",
      "amount": 0.0
    },
    {
      "name": "Saturated",
      "amount": 0.4
    },
    {
      "name": "Monounsaturated",
      "amount": 0.6
    },
    {
      "name": "Polyunsaturated",
      "amount": 0.3
    },
    {
      "name": "Trans-Fats",
      "amount": 0.0
    },
    {
      "name": "Cholesterol",
      "amount": 12.0
    }
  ],
  "foodSource": "usda",
  "foodType": "deprecated"
}