{
  "name": "CAMPBELL'S, 25% Less Sodium Cream of Mushroom Soup, condensed",
  "sourceUID": 6214,
  "legacyUID": 6214,
  "pCF": 4.0,
  "cCF": 4.0,
  "lCF": 9.0,
  "comments": [],
  "measures": [
    {
      "grams": 1.0,
      "amount": 1.0,
      "description": "g"
    },
    {
      "grams": 124.0,
      "amount": 0.5,
      "description": "cup condensed"
    }
  ],
  "nutrients": [
    {
      "name": "Energy",
      "amount": 89.0
    },
    {
      "name": "Protein",
      "amount": 1.61
    },
    {
      "name": "Carbs",
      "amount": 6.45
    },
    {
      "name": "Fiber",
      "amount": 1.6
    },
    {
      "name": "Sugars",
      "amount": 0.81
    },
    {
      "name": "Fat",
      "amount": 6.45
    },
    {
      "name": "Water",
      "amount": 84.2
    },
    {
      "name": "Ash",
      "amount": 1.3
    },
    {
      "name": "Calcium",
      "amount": 0.0
    },
    {
      "name": "Iron",
      "amount": 0.0
    },
    {
      "name": "Potassium",
      "amount": 105.0
    },
    {
      "name": "Sodium",
      "amount": 524.0
    },
    {
      "name": "Saturated",
      "amount": 0.806
    },
    {
      "name": "Monounsaturated",
      "amount": 2.419
    },
    {
      "name": "Polyunsaturated",
      "amount": 3.226
    },
    {
      "name": "Trans-Fats",
      "amount": 0.0
    },
    {
      "name": "Cholesterol",
      "amount": 4.0
    }
  ],
  "foodSource": "usda",
  "foodType": "deprecated"
}