{
  "name": "CAMPBELL'S Red and White, 25% Less Sodium Tomato Soup, condensed",
  "sourceUID": 6213,
  "legacyUID": 6213,
  "pCF": 4.0,
  "cCF": 4.0,
  "lCF": 9.0,
  "comments": [],
  "measures": [
    {
      "grams": 1.0,
      "amount": 1.0,
      "description": "g"
    },
    {
      "grams": 124.0,
      "amount": 1.0,
      "description": "serving 1/2 cup"
    }
  ],
  "nutrients": [
    {
      "name": "Energy",
      "amount": 73.0
    },
    {
      "name": "Protein",
      "amount": 1.61
    },
    {
      "name": "Carbs",
      "amount": 16.13
    },
    {
      "name": "Fiber",
      "amount": 0.8
    },
    {
      "name": "Sugars",
      "amount": 9.68
    },
    {
      "name": "Fat",
      "amount": 0.0
    },
    {
      "name": "Water",
      "amount": 80.6
    },
    {
      "name": "Ash",
      "amount": 1.66
    },
    {
      "name": "Calcium",
      "amount": 0.0
    },
    {
      "name": "Iron",
      "amount": 0.29
    },
    {
      "name": "Potassium",
      "amount": 290.0
    },
    {
      "name": "Sodium",
      "amount": 387.0
    },
    {
      "name": "Vitamin A",
      "amount": 403.0
    },
    {
      "name": "Vitamin C",
      "amount": 4.8
    },
    {
      "name": "Saturated",
      "amount": 0.0
    },
    {
      "name": "Polyunsaturated",
      "amount": 0.0
    },
    {
      "name": "Trans-Fats",
      "amount": 0.0
    }
  ],
  "foodSource": "usda",
  "foodType": "deprecated"
}