{
  "name": "CAMPBELL'S, 98% Fat Free Cream of Chicken Soup, condensed",
  "sourceUID": 6219,
  "legacyUID": 6219,
  "pCF": 4.0,
  "cCF": 4.0,
  "lCF": 9.0,
  "comments": [],
  "measures": [
    {
      "grams": 1.0,
      "amount": 1.0,
      "description": "g"
    },
    {
      "grams": 124.0,
      "amount": 0.5,
      "description": "cup condensed"
    }
  ],
  "nutrients": [
    {
      "name": "Energy",
      "amount": 55.0
    },
    {
      "name": "Protein",
      "amount": 1.8
    },
    {
      "name": "Carbs",
      "amount": 7.46
    },
    {
      "name": "Fiber",
      "amount": 0.4
    },
    {
      "name": "Sugars",
      "amount": 0.5
    },
    {
      "name": "Fat",
      "amount": 2.02
    },
    {
      "name": "Water",
      "amount": 87.09
    },
    {
      "name": "Ash",
      "amount": 1.63
    },
    {
      "name": "Calcium",
      "amount": 11.0
    },
    {
      "name": "Iron",
      "amount": 0.23
    },
    {
      "name": "Magnesium",
      "amount": 6.0
    },
    {
      "name": "Phosphorus",
      "amount": 23.0
    },
    {
      "name": "Potassium",
      "amount": 33.0
    },
    {
      "name": "Sodium",
      "amount": 575.0
    },
    {
      "name": "Zinc",
      "amount": 0.17
    },
    {
      "name": "Vitamin A",
      "amount": 415.0
    },
    {
      "name": "Vitamin C",
      "amount": 0.2
    },
    {
      "name": "Saturated",
      "amount": 0.56
    },
    {
      "name": "Monounsaturated",
      "amount": 0.57
    },
    {
      "name": "Polyunsaturated",
      "amount": 0.76
    },
    {
      "name": "Trans-Fats",
      "amount": 0.0
    },
    {
      "name": "Cholesterol",
      "amount": 4.0
    }
  ],
  "foodSource": "usda",
  "foodType": "deprecated"
}