{
  "name": "CAMPBELL'S, 98% Fat Free Broccoli Cheese Soup, condensed",
  "sourceUID": 6215,
  "legacyUID": 6215,
  "pCF": 4.0,
  "cCF": 4.0,
  "lCF": 9.0,
  "comments": [],
  "measures": [
    {
      "grams": 1.0,
      "amount": 1.0,
      "description": "g"
    },
    {
      "grams": 124.0,
      "amount": 0.5,
      "description": "cup condensed"
    }
  ],
  "nutrients": [
    {
      "name": "Energy",
      "amount": 56.0
    },
    {
      "name": "Protein",
      "amount": 1.61
    },
    {
      "name": "Carbs",
      "amount": 9.68
    },
    {
      "name": "Fiber",
      "amount": 0.8
    },
    {
      "name": "Sugars",
      "amount": 2.42
    },
    {
      "name": "Fat",
      "amount": 1.21
    },
    {
      "name": "Water",
      "amount": 86.6
    },
    {
      "name": "Ash",
      "amount": 1.0
    },
    {
      "name": "Calcium",
      "amount": 32.0
    },
    {
      "name": "Iron",
      "amount": 0.0
    },
    {
      "name": "Potassium",
      "amount": 573.0
    },
    {
      "name": "Sodium",
      "amount": 387.0
    },
    {
      "name": "Zinc",
      "amount": 8.47
    },
    {
      "name": "Vitamin A",
      "amount": 806.0
    },
    {
      "name": "Vitamin C",
      "amount": 0.0
    },
    {
      "name": "Saturated",
      "amount": 0.806
    },
    {
      "name": "Monounsaturated",
      "amount": 0.0
    },
    {
      "name": "Polyunsaturated",
      "amount": 0.0
    },
    {
      "name": "Trans-Fats",
      "amount": 0.0
    },
    {
      "name": "Cholesterol",
      "amount": 4.0
    }
  ],
  "foodSource": "usda",
  "foodType": "deprecated"
}