{
  "name": "PREGO Pasta, Chunky Garden Mushroom Supreme Italian Sauce, ready-to-serve",
  "sourceUID": 6221,
  "legacyUID": 6221,
  "pCF": 4.0,
  "cCF": 4.0,
  "lCF": 9.0,
  "comments": [],
  "measures": [
    {
      "grams": 1.0,
      "amount": 1.0,
      "description": "g"
    },
    {
      "grams": 130.0,
      "amount": 1.0,
      "description": "serving 1/2 cup"
    }
  ],
  "nutrients": [
    {
      "name": "Energy",
      "amount": 69.0
    },
    {
      "name": "Protein",
      "amount": 1.54
    },
    {
      "name": "Carbs",
      "amount": 10.0
    },
    {
      "name": "Fiber",
      "amount": 2.3
    },
    {
      "name": "Sugars",
      "amount": 7.69
    },
    {
      "name": "Fat",
      "amount": 2.31
    },
    {
      "name": "Water",
      "amount": 78.8
    },
    {
      "name": "Ash",
      "amount": 7.35
    },
    {
      "name": "Calcium",
      "amount": 0.0
    },
    {
      "name": "Iron",
      "amount": 0.55
    },
    {
      "name": "Potassium",
      "amount": 354.0
    },
    {
      "name": "Sodium",
      "amount": 354.0
    },
    {
      "name": "Vitamin A",
      "amount": 385.0
    },
    {
      "name": "Vitamin C",
      "amount": 1.8
    },
    {
      "name": "Saturated",
      "amount": 0.385
    },
    {
      "name": "Monounsaturated",
      "amount": 0.385
    },
    {
      "name": "Polyunsaturated",
      "amount": 1.154
    },
    {
      "name": "Trans-Fats",
      "amount": 0.0
    },
    {
      "name": "Cholesterol",
      "amount": 0.0
    }
  ],
  "foodSource": "usda",
  "foodType": "deprecated"
}