{
  "name": "PREGO Pasta, Diced Onion and Garlic Italian Sauce, ready-to-serve",
  "sourceUID": 6222,
  "legacyUID": 6222,
  "pCF": 4.0,
  "cCF": 4.0,
  "lCF": 9.0,
  "comments": [],
  "measures": [
    {
      "grams": 1.0,
      "amount": 1.0,
      "description": "g"
    },
    {
      "grams": 130.0,
      "amount": 1.0,
      "description": "serving 1/2 cup"
    }
  ],
  "nutrients": [
    {
      "name": "Energy",
      "amount": 92.0
    },
    {
      "name": "Protein",
      "amount": 1.54
    },
    {
      "name": "Carbs",
      "amount": 13.85
    },
    {
      "name": "Fiber",
      "amount": 2.3
    },
    {
      "name": "Sugars",
      "amount": 9.23
    },
    {
      "name": "Fat",
      "amount": 3.46
    },
    {
      "name": "Water",
      "amount": 79.7
    },
    {
      "name": "Ash",
      "amount": 1.45
    },
    {
      "name": "Calcium",
      "amount": 31.0
    },
    {
      "name": "Iron",
      "amount": 0.55
    },
    {
      "name": "Potassium",
      "amount": 338.0
    },
    {
      "name": "Sodium",
      "amount": 369.0
    },
    {
      "name": "Vitamin A",
      "amount": 577.0
    },
    {
      "name": "Vitamin C",
      "amount": 0.9
    },
    {
      "name": "Saturated",
      "amount": 1.154
    },
    {
      "name": "Trans-Fats",
      "amount": 0.0
    },
    {
      "name": "Cholesterol",
      "amount": 0.0
    }
  ],
  "foodSource": "usda",
  "foodType": "deprecated"
}