{
  "name": "PREGO Pasta, Garlic Supreme Italian Sauce, ready-to-serve",
  "sourceUID": 6225,
  "legacyUID": 6225,
  "pCF": 4.0,
  "cCF": 4.0,
  "lCF": 9.0,
  "comments": [],
  "measures": [
    {
      "grams": 1.0,
      "amount": 1.0,
      "description": "g"
    },
    {
      "grams": 130.0,
      "amount": 1.0,
      "description": "serving 1/2 cup"
    }
  ],
  "nutrients": [
    {
      "name": "Energy",
      "amount": 85.0
    },
    {
      "name": "Protein",
      "amount": 1.54
    },
    {
      "name": "Carbs",
      "amount": 13.08
    },
    {
      "name": "Fiber",
      "amount": 2.3
    },
    {
      "name": "Sugars",
      "amount": 10.0
    },
    {
      "name": "Fat",
      "amount": 3.08
    },
    {
      "name": "Water",
      "amount": 80.6
    },
    {
      "name": "Ash",
      "amount": 1.71
    },
    {
      "name": "Calcium",
      "amount": 31.0
    },
    {
      "name": "Iron",
      "amount": 0.83
    },
    {
      "name": "Potassium",
      "amount": 315.0
    },
    {
      "name": "Sodium",
      "amount": 408.0
    },
    {
      "name": "Vitamin A",
      "amount": 385.0
    },
    {
      "name": "Vitamin C",
      "amount": 0.9
    },
    {
      "name": "Saturated",
      "amount": 1.154
    },
    {
      "name": "Trans-Fats",
      "amount": 0.0
    },
    {
      "name": "Cholesterol",
      "amount": 0.0
    }
  ],
  "foodSource": "usda",
  "foodType": "deprecated"
}