{
  "name": "PREGO Pasta, Mushroom and Garlic Italian Sauce, ready-to-serve",
  "sourceUID": 6229,
  "legacyUID": 6229,
  "pCF": 4.0,
  "cCF": 4.0,
  "lCF": 9.0,
  "comments": [],
  "measures": [
    {
      "grams": 1.0,
      "amount": 1.0,
      "description": "g"
    },
    {
      "grams": 130.0,
      "amount": 1.0,
      "description": "serving 1/2 cup"
    }
  ],
  "nutrients": [
    {
      "name": "Energy",
      "amount": 62.0
    },
    {
      "name": "Protein",
      "amount": 1.54
    },
    {
      "name": "Carbs",
      "amount": 10.0
    },
    {
      "name": "Fiber",
      "amount": 2.3
    },
    {
      "name": "Sugars",
      "amount": 7.69
    },
    {
      "name": "Fat",
      "amount": 1.92
    },
    {
      "name": "Water",
      "amount": 84.0
    },
    {
      "name": "Ash",
      "amount": 2.38
    },
    {
      "name": "Calcium",
      "amount": 15.0
    },
    {
      "name": "Iron",
      "amount": 0.55
    },
    {
      "name": "Potassium",
      "amount": 331.0
    },
    {
      "name": "Sodium",
      "amount": 362.0
    },
    {
      "name": "Vitamin A",
      "amount": 385.0
    },
    {
      "name": "Vitamin C",
      "amount": 0.9
    },
    {
      "name": "Saturated",
      "amount": 0.0
    },
    {
      "name": "Trans-Fats",
      "amount": 0.0
    },
    {
      "name": "Cholesterol",
      "amount": 0.0
    }
  ],
  "foodSource": "usda",
  "foodType": "deprecated"
}