{
  "name": "P REGO Pasta, Roasted Garlic and Herb Italian Sauce, ready-to-serve",
  "sourceUID": 6235,
  "legacyUID": 6235,
  "pCF": 4.0,
  "cCF": 4.0,
  "lCF": 9.0,
  "comments": [],
  "measures": [
    {
      "grams": 1.0,
      "amount": 1.0,
      "description": "g"
    },
    {
      "grams": 130.0,
      "amount": 1.0,
      "description": "serving 1/2 cup"
    }
  ],
  "nutrients": [
    {
      "name": "Energy",
      "amount": 69.0
    },
    {
      "name": "Protein",
      "amount": 1.54
    },
    {
      "name": "Carbs",
      "amount": 10.0
    },
    {
      "name": "Fiber",
      "amount": 2.3
    },
    {
      "name": "Sugars",
      "amount": 6.92
    },
    {
      "name": "Fat",
      "amount": 2.31
    },
    {
      "name": "Water",
      "amount": 83.5
    },
    {
      "name": "Ash",
      "amount": 2.5
    },
    {
      "name": "Calcium",
      "amount": 15.0
    },
    {
      "name": "Iron",
      "amount": 0.55
    },
    {
      "name": "Potassium",
      "amount": 308.0
    },
    {
      "name": "Sodium",
      "amount": 354.0
    },
    {
      "name": "Vitamin A",
      "amount": 577.0
    },
    {
      "name": "Vitamin C",
      "amount": 1.8
    },
    {
      "name": "Saturated",
      "amount": 0.0
    },
    {
      "name": "Trans-Fats",
      "amount": 0.0
    },
    {
      "name": "Cholesterol",
      "amount": 0.0
    }
  ],
  "foodSource": "usda",
  "foodType": "deprecated"
}