{
  "name": "PREGO Pasta, Organic Tomato and Basil Italian Sauce, ready-to-serve",
  "sourceUID": 6233,
  "legacyUID": 6233,
  "pCF": 4.0,
  "cCF": 4.0,
  "lCF": 9.0,
  "comments": [],
  "measures": [
    {
      "grams": 1.0,
      "amount": 1.0,
      "description": "g"
    },
    {
      "grams": 125.0,
      "amount": 1.0,
      "description": "serving 1/2 cup"
    }
  ],
  "nutrients": [
    {
      "name": "Energy",
      "amount": 72.0
    },
    {
      "name": "Protein",
      "amount": 1.6
    },
    {
      "name": "Carbs",
      "amount": 10.4
    },
    {
      "name": "Fiber",
      "amount": 3.2
    },
    {
      "name": "Sugars",
      "amount": 7.2
    },
    {
      "name": "Fat",
      "amount": 2.4
    },
    {
      "name": "Water",
      "amount": 83.0
    },
    {
      "name": "Ash",
      "amount": 2.5
    },
    {
      "name": "Calcium",
      "amount": 32.0
    },
    {
      "name": "Iron",
      "amount": 0.58
    },
    {
      "name": "Potassium",
      "amount": 320.0
    },
    {
      "name": "Sodium",
      "amount": 376.0
    },
    {
      "name": "Vitamin A",
      "amount": 600.0
    },
    {
      "name": "Vitamin C",
      "amount": 4.8
    },
    {
      "name": "Saturated",
      "amount": 0.385
    },
    {
      "name": "Trans-Fats",
      "amount": 0.0
    },
    {
      "name": "Cholesterol",
      "amount": 0.0
    }
  ],
  "foodSource": "usda",
  "foodType": "deprecated"
}