{
  "name": "PREGO Pasta, Mushroom and Parmesan Italian Sauce, ready-to-serve",
  "sourceUID": 6231,
  "legacyUID": 6231,
  "pCF": 4.0,
  "cCF": 4.0,
  "lCF": 9.0,
  "comments": [],
  "measures": [
    {
      "grams": 1.0,
      "amount": 1.0,
      "description": "g"
    },
    {
      "grams": 125.0,
      "amount": 1.0,
      "description": "serving 1/2 cup"
    }
  ],
  "nutrients": [
    {
      "name": "Energy",
      "amount": 104.0
    },
    {
      "name": "Protein",
      "amount": 2.4
    },
    {
      "name": "Carbs",
      "amount": 17.6
    },
    {
      "name": "Fiber",
      "amount": 2.4
    },
    {
      "name": "Sugars",
      "amount": 10.4
    },
    {
      "name": "Fat",
      "amount": 2.8
    },
    {
      "name": "Water",
      "amount": 76.6
    },
    {
      "name": "Ash",
      "amount": 0.6
    },
    {
      "name": "Calcium",
      "amount": 48.0
    },
    {
      "name": "Iron",
      "amount": 0.86
    },
    {
      "name": "Potassium",
      "amount": 376.0
    },
    {
      "name": "Sodium",
      "amount": 384.0
    },
    {
      "name": "Vitamin A",
      "amount": 600.0
    },
    {
      "name": "Vitamin C",
      "amount": 1.0
    },
    {
      "name": "Saturated",
      "amount": 1.2
    },
    {
      "name": "Trans-Fats",
      "amount": 0.0
    },
    {
      "name": "Cholesterol",
      "amount": 4.0
    }
  ],
  "foodSource": "usda",
  "foodType": "deprecated"
}