{
  "name": "PREGO Pasta, Roasted Garlic Parmesan Italian Sauce, ready-to-serve",
  "sourceUID": 6236,
  "legacyUID": 6236,
  "pCF": 4.0,
  "cCF": 4.0,
  "lCF": 9.0,
  "comments": [],
  "measures": [
    {
      "grams": 1.0,
      "amount": 1.0,
      "description": "g"
    },
    {
      "grams": 130.0,
      "amount": 1.0,
      "description": "serving 1/2 cup"
    }
  ],
  "nutrients": [
    {
      "name": "Energy",
      "amount": 77.0
    },
    {
      "name": "Protein",
      "amount": 2.31
    },
    {
      "name": "Carbs",
      "amount": 10.0
    },
    {
      "name": "Fiber",
      "amount": 2.3
    },
    {
      "name": "Sugars",
      "amount": 7.69
    },
    {
      "name": "Fat",
      "amount": 0.77
    },
    {
      "name": "Water",
      "amount": 83.7
    },
    {
      "name": "Ash",
      "amount": 2.9
    },
    {
      "name": "Calcium",
      "amount": 31.0
    },
    {
      "name": "Iron",
      "amount": 0.55
    },
    {
      "name": "Potassium",
      "amount": 308.0
    },
    {
      "name": "Sodium",
      "amount": 369.0
    },
    {
      "name": "Vitamin A",
      "amount": 577.0
    },
    {
      "name": "Vitamin C",
      "amount": 0.9
    },
    {
      "name": "Saturated",
      "amount": 0.385
    },
    {
      "name": "Trans-Fats",
      "amount": 0.0
    },
    {
      "name": "Cholesterol",
      "amount": 4.0
    }
  ],
  "foodSource": "usda",
  "foodType": "deprecated"
}