{
  "name": "PREGO Pasta, Heart Smart- Ricotta Parmesan Italian Sauce, ready-to-serve",
  "sourceUID": 6234,
  "legacyUID": 6234,
  "pCF": 4.0,
  "cCF": 4.0,
  "lCF": 9.0,
  "comments": [],
  "measures": [
    {
      "grams": 1.0,
      "amount": 1.0,
      "description": "g"
    },
    {
      "grams": 125.0,
      "amount": 1.0,
      "description": "serving 1/2 cup"
    }
  ],
  "nutrients": [
    {
      "name": "Energy",
      "amount": 72.0
    },
    {
      "name": "Protein",
      "amount": 2.4
    },
    {
      "name": "Carbs",
      "amount": 10.4
    },
    {
      "name": "Fiber",
      "amount": 2.4
    },
    {
      "name": "Sugars",
      "amount": 8.0
    },
    {
      "name": "Fat",
      "amount": 2.0
    },
    {
      "name": "Water",
      "amount": 83.0
    },
    {
      "name": "Ash",
      "amount": 2.0
    },
    {
      "name": "Calcium",
      "amount": 48.0
    },
    {
      "name": "Iron",
      "amount": 0.58
    },
    {
      "name": "Potassium",
      "amount": 328.0
    },
    {
      "name": "Sodium",
      "amount": 288.0
    },
    {
      "name": "Vitamin A",
      "amount": 400.0
    },
    {
      "name": "Vitamin C",
      "amount": 1.9
    },
    {
      "name": "Saturated",
      "amount": 0.8
    },
    {
      "name": "Trans-Fats",
      "amount": 0.0
    },
    {
      "name": "Cholesterol",
      "amount": 4.0
    }
  ],
  "foodSource": "usda",
  "foodType": "deprecated"
}