{
  "name": "CAMPBELL'S CHUNKY Microwavable Bowls, Chicken and Dumplings Soup, ready-to-serve",
  "sourceUID": 6242,
  "legacyUID": 6242,
  "pCF": 4.0,
  "cCF": 4.0,
  "lCF": 9.0,
  "comments": [],
  "measures": [
    {
      "grams": 1.0,
      "amount": 1.0,
      "description": "g"
    },
    {
      "grams": 245.0,
      "amount": 1.0,
      "description": "serving 1 cup"
    }
  ],
  "nutrients": [
    {
      "name": "Energy",
      "amount": 78.0
    },
    {
      "name": "Protein",
      "amount": 3.27
    },
    {
      "name": "Carbs",
      "amount": 7.35
    },
    {
      "name": "Fiber",
      "amount": 1.2
    },
    {
      "name": "Sugars",
      "amount": 0.82
    },
    {
      "name": "Fat",
      "amount": 3.67
    },
    {
      "name": "Water",
      "amount": 84.7
    },
    {
      "name": "Ash",
      "amount": 1.01
    },
    {
      "name": "Calcium",
      "amount": 8.0
    },
    {
      "name": "Iron",
      "amount": 0.0
    },
    {
      "name": "Sodium",
      "amount": 363.0
    },
    {
      "name": "Vitamin A",
      "amount": 1020.0
    },
    {
      "name": "Vitamin C",
      "amount": 0.0
    },
    {
      "name": "Saturated",
      "amount": 0.816
    },
    {
      "name": "Trans-Fats",
      "amount": 0.0
    },
    {
      "name": "Cholesterol",
      "amount": 10.0
    }
  ],
  "foodSource": "usda",
  "foodType": "deprecated"
}