{
  "name": "PREGO Pasta, Zesty Mushroom Italian Sauce, ready-to-serve",
  "sourceUID": 6240,
  "legacyUID": 6240,
  "pCF": 4.0,
  "cCF": 4.0,
  "lCF": 9.0,
  "comments": [],
  "measures": [
    {
      "grams": 1.0,
      "amount": 1.0,
      "description": "g"
    },
    {
      "grams": 130.0,
      "amount": 1.0,
      "description": "serving 1/2 cup"
    }
  ],
  "nutrients": [
    {
      "name": "Energy",
      "amount": 85.0
    },
    {
      "name": "Protein",
      "amount": 1.54
    },
    {
      "name": "Carbs",
      "amount": 13.85
    },
    {
      "name": "Fiber",
      "amount": 2.3
    },
    {
      "name": "Sugars",
      "amount": 9.23
    },
    {
      "name": "Fat",
      "amount": 2.69
    },
    {
      "name": "Water",
      "amount": 80.2
    },
    {
      "name": "Ash",
      "amount": 1.72
    },
    {
      "name": "Calcium",
      "amount": 15.0
    },
    {
      "name": "Iron",
      "amount": 0.28
    },
    {
      "name": "Potassium",
      "amount": 354.0
    },
    {
      "name": "Sodium",
      "amount": 408.0
    },
    {
      "name": "Vitamin A",
      "amount": 385.0
    },
    {
      "name": "Vitamin C",
      "amount": 0.0
    },
    {
      "name": "Saturated",
      "amount": 0.769
    },
    {
      "name": "Trans-Fats",
      "amount": 0.0
    },
    {
      "name": "Cholesterol",
      "amount": 0.0
    }
  ],
  "foodSource": "usda",
  "foodType": "deprecated"
}