{
  "name": "CAMPBELL'S CHUNKY Microwavable Bowls, Beef with Country Vegetables Soup, ready-to-serve",
  "sourceUID": 6241,
  "legacyUID": 6241,
  "pCF": 4.0,
  "cCF": 4.0,
  "lCF": 9.0,
  "comments": [],
  "measures": [
    {
      "grams": 1.0,
      "amount": 1.0,
      "description": "g"
    },
    {
      "grams": 245.0,
      "amount": 1.0,
      "description": "serving 1 cup"
    }
  ],
  "nutrients": [
    {
      "name": "Energy",
      "amount": 61.0
    },
    {
      "name": "Protein",
      "amount": 4.08
    },
    {
      "name": "Carbs",
      "amount": 8.57
    },
    {
      "name": "Fiber",
      "amount": 2.0
    },
    {
      "name": "Sugars",
      "amount": 1.22
    },
    {
      "name": "Fat",
      "amount": 1.22
    },
    {
      "name": "Water",
      "amount": 85.3
    },
    {
      "name": "Ash",
      "amount": 0.82
    },
    {
      "name": "Calcium",
      "amount": 8.0
    },
    {
      "name": "Iron",
      "amount": 0.29
    },
    {
      "name": "Sodium",
      "amount": 367.0
    },
    {
      "name": "Vitamin A",
      "amount": 2041.0
    },
    {
      "name": "Vitamin C",
      "amount": 0.5
    },
    {
      "name": "Saturated",
      "amount": 0.612
    },
    {
      "name": "Trans-Fats",
      "amount": 0.0
    },
    {
      "name": "Cholesterol",
      "amount": 8.0
    }
  ],
  "foodSource": "usda",
  "foodType": "deprecated"
}