{
  "name": "CAMPBELL'S CHUNKY Microwavable Bowls, Grilled Chicken with Vegetables and Pasta Soup, ready-to-serve",
  "sourceUID": 6247,
  "legacyUID": 6247,
  "pCF": 4.0,
  "cCF": 4.0,
  "lCF": 9.0,
  "comments": [],
  "measures": [
    {
      "grams": 1.0,
      "amount": 1.0,
      "description": "g"
    },
    {
      "grams": 245.0,
      "amount": 1.0,
      "description": "serving 1 cup"
    }
  ],
  "nutrients": [
    {
      "name": "Energy",
      "amount": 45.0
    },
    {
      "name": "Protein",
      "amount": 2.86
    },
    {
      "name": "Carbs",
      "amount": 5.71
    },
    {
      "name": "Fiber",
      "amount": 1.2
    },
    {
      "name": "Sugars",
      "amount": 0.82
    },
    {
      "name": "Fat",
      "amount": 1.02
    },
    {
      "name": "Water",
      "amount": 88.7
    },
    {
      "name": "Ash",
      "amount": 1.71
    },
    {
      "name": "Calcium",
      "amount": 8.0
    },
    {
      "name": "Iron",
      "amount": 0.0
    },
    {
      "name": "Sodium",
      "amount": 347.0
    },
    {
      "name": "Vitamin A",
      "amount": 1020.0
    },
    {
      "name": "Vitamin C",
      "amount": 0.5
    },
    {
      "name": "Saturated",
      "amount": 0.204
    },
    {
      "name": "Trans-Fats",
      "amount": 0.0
    },
    {
      "name": "Cholesterol",
      "amount": 6.0
    }
  ],
  "foodSource": "usda",
  "foodType": "deprecated"
}