{
  "name": "CAMPBELL'S CHUNKY Microwavable Bowls, Grilled Chicken and Sausage Gumbo, ready-to-serve",
  "sourceUID": 6245,
  "legacyUID": 6245,
  "pCF": 4.0,
  "cCF": 4.0,
  "lCF": 9.0,
  "comments": [],
  "measures": [
    {
      "grams": 1.0,
      "amount": 1.0,
      "description": "g"
    },
    {
      "grams": 245.0,
      "amount": 1.0,
      "description": "serving 1 cup"
    }
  ],
  "nutrients": [
    {
      "name": "Energy",
      "amount": 57.0
    },
    {
      "name": "Protein",
      "amount": 2.86
    },
    {
      "name": "Carbs",
      "amount": 7.35
    },
    {
      "name": "Fiber",
      "amount": 0.4
    },
    {
      "name": "Sugars",
      "amount": 2.04
    },
    {
      "name": "Fat",
      "amount": 1.63
    },
    {
      "name": "Water",
      "amount": 87.8
    },
    {
      "name": "Ash",
      "amount": 0.7
    },
    {
      "name": "Calcium",
      "amount": 16.0
    },
    {
      "name": "Iron",
      "amount": 0.15
    },
    {
      "name": "Sodium",
      "amount": 318.0
    },
    {
      "name": "Vitamin A",
      "amount": 163.0
    },
    {
      "name": "Vitamin C",
      "amount": 0.0
    },
    {
      "name": "Saturated",
      "amount": 0.816
    },
    {
      "name": "Trans-Fats",
      "amount": 0.0
    },
    {
      "name": "Cholesterol",
      "amount": 6.0
    }
  ],
  "foodSource": "usda",
  "foodType": "deprecated"
}