{
  "name": "CAMPBELL'S CHUNKY Microwavable Bowls, New England Clam Chowder, ready-to-serve",
  "sourceUID": 6250,
  "legacyUID": 6250,
  "pCF": 4.0,
  "cCF": 4.0,
  "lCF": 9.0,
  "comments": [],
  "measures": [
    {
      "grams": 1.0,
      "amount": 1.0,
      "description": "g"
    },
    {
      "grams": 245.0,
      "amount": 1.0,
      "description": "serving 1 cup"
    }
  ],
  "nutrients": [
    {
      "name": "Energy",
      "amount": 82.0
    },
    {
      "name": "Protein",
      "amount": 2.45
    },
    {
      "name": "Carbs",
      "amount": 6.94
    },
    {
      "name": "Fiber",
      "amount": 1.2
    },
    {
      "name": "Sugars",
      "amount": 0.41
    },
    {
      "name": "Fat",
      "amount": 4.9
    },
    {
      "name": "Water",
      "amount": 84.2
    },
    {
      "name": "Ash",
      "amount": 1.11
    },
    {
      "name": "Calcium",
      "amount": 33.0
    },
    {
      "name": "Iron",
      "amount": 0.73
    },
    {
      "name": "Sodium",
      "amount": 355.0
    },
    {
      "name": "Vitamin A",
      "amount": 0.0
    },
    {
      "name": "Vitamin C",
      "amount": 0.0
    },
    {
      "name": "Saturated",
      "amount": 1.02
    },
    {
      "name": "Trans-Fats",
      "amount": 0.0
    },
    {
      "name": "Cholesterol",
      "amount": 4.0
    }
  ],
  "foodSource": "usda",
  "foodType": "deprecated"
}