{
  "name": "Sauce, LA VICTORIA, LA VICTORIA Red Taco Sauce, Medium",
  "sourceUID": 6258,
  "legacyUID": 6258,
  "pCF": 4.0,
  "cCF": 4.0,
  "lCF": 9.0,
  "comments": [],
  "measures": [
    {
      "grams": 1.0,
      "amount": 1.0,
      "description": "g"
    },
    {
      "grams": 16.0,
      "amount": 1.0,
      "description": "tbsp"
    }
  ],
  "nutrients": [
    {
      "name": "Energy",
      "amount": 42.0
    },
    {
      "name": "Protein",
      "amount": 1.34
    },
    {
      "name": "Carbs",
      "amount": 8.21
    },
    {
      "name": "Fiber",
      "amount": 0.6
    },
    {
      "name": "Sugars",
      "amount": 6.16
    },
    {
      "name": "Fat",
      "amount": 0.42
    },
    {
      "name": "Water",
      "amount": 87.62
    },
    {
      "name": "Ash",
      "amount": 2.41
    },
    {
      "name": "Calcium",
      "amount": 21.0
    },
    {
      "name": "Iron",
      "amount": 0.18
    },
    {
      "name": "Sodium",
      "amount": 655.0
    },
    {
      "name": "Vitamin A",
      "amount": 1600.0
    },
    {
      "name": "Vitamin C",
      "amount": 17.9
    },
    {
      "name": "Cholesterol",
      "amount": 0.0
    }
  ],
  "foodSource": "usda",
  "foodType": "deprecated"
}