{
  "name": "CAMPBELL'S CHUNKY Microwavable Bowls, Old Fashioned Vegetable Beef Soup, ready-to-serve",
  "sourceUID": 6251,
  "legacyUID": 6251,
  "pCF": 4.0,
  "cCF": 4.0,
  "lCF": 9.0,
  "comments": [],
  "measures": [
    {
      "grams": 1.0,
      "amount": 1.0,
      "description": "g"
    },
    {
      "grams": 245.0,
      "amount": 1.0,
      "description": "serving 1 cup"
    }
  ],
  "nutrients": [
    {
      "name": "Energy",
      "amount": 41.0
    },
    {
      "name": "Protein",
      "amount": 2.86
    },
    {
      "name": "Carbs",
      "amount": 5.71
    },
    {
      "name": "Fiber",
      "amount": 1.2
    },
    {
      "name": "Sugars",
      "amount": 1.63
    },
    {
      "name": "Fat",
      "amount": 0.61
    },
    {
      "name": "Water",
      "amount": 89.0
    },
    {
      "name": "Ash",
      "amount": 1.41
    },
    {
      "name": "Calcium",
      "amount": 16.0
    },
    {
      "name": "Iron",
      "amount": 0.44
    },
    {
      "name": "Sodium",
      "amount": 359.0
    },
    {
      "name": "Vitamin A",
      "amount": 1224.0
    },
    {
      "name": "Vitamin C",
      "amount": 0.0
    },
    {
      "name": "Saturated",
      "amount": 0.204
    },
    {
      "name": "Trans-Fats",
      "amount": 0.0
    },
    {
      "name": "Cholesterol",
      "amount": 4.0
    }
  ],
  "foodSource": "usda",
  "foodType": "deprecated"
}