{
  "name": "CAMPBELL'S CHUNKY Microwavable Bowls, Sirloin Burger with Country Vegetables Soup, ready-to-serve",
  "sourceUID": 6252,
  "legacyUID": 6252,
  "pCF": 4.0,
  "cCF": 4.0,
  "lCF": 9.0,
  "comments": [],
  "measures": [
    {
      "grams": 1.0,
      "amount": 1.0,
      "description": "g"
    },
    {
      "grams": 245.0,
      "amount": 1.0,
      "description": "serving 1 cup"
    }
  ],
  "nutrients": [
    {
      "name": "Energy",
      "amount": 57.0
    },
    {
      "name": "Protein",
      "amount": 3.27
    },
    {
      "name": "Carbs",
      "amount": 7.35
    },
    {
      "name": "Fiber",
      "amount": 1.2
    },
    {
      "name": "Sugars",
      "amount": 1.63
    },
    {
      "name": "Fat",
      "amount": 1.43
    },
    {
      "name": "Water",
      "amount": 85.3
    },
    {
      "name": "Ash",
      "amount": 2.4
    },
    {
      "name": "Calcium",
      "amount": 8.0
    },
    {
      "name": "Iron",
      "amount": 0.44
    },
    {
      "name": "Sodium",
      "amount": 327.0
    },
    {
      "name": "Vitamin A",
      "amount": 1020.0
    },
    {
      "name": "Vitamin C",
      "amount": 0.0
    },
    {
      "name": "Saturated",
      "amount": 0.612
    },
    {
      "name": "Trans-Fats",
      "amount": 0.0
    },
    {
      "name": "Cholesterol",
      "amount": 6.0
    }
  ],
  "foodSource": "usda",
  "foodType": "deprecated"
}