{
  "name": "Sauce, LA VICTORIA, LA VICTORIA Salsa Ranchera, Hot",
  "sourceUID": 6263,
  "legacyUID": 6263,
  "pCF": 4.0,
  "cCF": 4.0,
  "lCF": 9.0,
  "comments": [],
  "measures": [
    {
      "grams": 1.0,
      "amount": 1.0,
      "description": "g"
    },
    {
      "grams": 30.0,
      "amount": 2.0,
      "description": "tbsp"
    }
  ],
  "nutrients": [
    {
      "name": "Energy",
      "amount": 30.0
    },
    {
      "name": "Protein",
      "amount": 1.29
    },
    {
      "name": "Carbs",
      "amount": 5.44
    },
    {
      "name": "Fiber",
      "amount": 0.2
    },
    {
      "name": "Sugars",
      "amount": 2.65
    },
    {
      "name": "Fat",
      "amount": 0.3
    },
    {
      "name": "Water",
      "amount": 91.0
    },
    {
      "name": "Ash",
      "amount": 1.97
    },
    {
      "name": "Calcium",
      "amount": 16.0
    },
    {
      "name": "Iron",
      "amount": 0.14
    },
    {
      "name": "Sodium",
      "amount": 563.0
    },
    {
      "name": "Vitamin A",
      "amount": 1190.0
    },
    {
      "name": "Vitamin C",
      "amount": 4.3
    },
    {
      "name": "Cholesterol",
      "amount": 0.0
    }
  ],
  "foodSource": "usda",
  "foodType": "deprecated"
}