{
  "name": "Sauce, LA VICTORIA, LA VICTORIA Salsa Suprema, Medium",
  "sourceUID": 6268,
  "legacyUID": 6268,
  "pCF": 4.0,
  "cCF": 4.0,
  "lCF": 9.0,
  "comments": [],
  "measures": [
    {
      "grams": 1.0,
      "amount": 1.0,
      "description": "g"
    },
    {
      "grams": 30.0,
      "amount": 2.0,
      "description": "tbsp"
    }
  ],
  "nutrients": [
    {
      "name": "Energy",
      "amount": 26.0
    },
    {
      "name": "Protein",
      "amount": 1.16
    },
    {
      "name": "Carbs",
      "amount": 4.65
    },
    {
      "name": "Fiber",
      "amount": 0.8
    },
    {
      "name": "Sugars",
      "amount": 3.24
    },
    {
      "name": "Fat",
      "amount": 0.26
    },
    {
      "name": "Water",
      "amount": 91.88
    },
    {
      "name": "Ash",
      "amount": 2.05
    },
    {
      "name": "Calcium",
      "amount": 9.0
    },
    {
      "name": "Iron",
      "amount": 0.06
    },
    {
      "name": "Sodium",
      "amount": 550.0
    },
    {
      "name": "Vitamin A",
      "amount": 324.0
    },
    {
      "name": "Vitamin C",
      "amount": 5.1
    },
    {
      "name": "Cholesterol",
      "amount": 0.0
    }
  ],
  "foodSource": "usda",
  "foodType": "deprecated"
}