{
  "name": "Sauce, LA VICTORIA, LA VICTORIA Salsa Picante, Medium",
  "sourceUID": 6266,
  "legacyUID": 6266,
  "pCF": 4.0,
  "cCF": 4.0,
  "lCF": 9.0,
  "comments": [],
  "measures": [
    {
      "grams": 1.0,
      "amount": 1.0,
      "description": "g"
    },
    {
      "grams": 30.0,
      "amount": 2.0,
      "description": "tbsp"
    }
  ],
  "nutrients": [
    {
      "name": "Energy",
      "amount": 28.0
    },
    {
      "name": "Protein",
      "amount": 1.22
    },
    {
      "name": "Carbs",
      "amount": 4.97
    },
    {
      "name": "Fiber",
      "amount": 0.5
    },
    {
      "name": "Sugars",
      "amount": 3.02
    },
    {
      "name": "Fat",
      "amount": 0.34
    },
    {
      "name": "Water",
      "amount": 91.53
    },
    {
      "name": "Ash",
      "amount": 1.94
    },
    {
      "name": "Calcium",
      "amount": 14.0
    },
    {
      "name": "Iron",
      "amount": 0.06
    },
    {
      "name": "Sodium",
      "amount": 499.0
    },
    {
      "name": "Vitamin A",
      "amount": 465.0
    },
    {
      "name": "Vitamin C",
      "amount": 8.2
    },
    {
      "name": "Cholesterol",
      "amount": 0.0
    }
  ],
  "foodSource": "usda",
  "foodType": "deprecated"
}