{
  "name": "Sauce, LA VICTORIA, LA VICTORIA Salsa Victoria, Hot",
  "sourceUID": 6262,
  "legacyUID": 6262,
  "pCF": 4.0,
  "cCF": 4.0,
  "lCF": 9.0,
  "comments": [],
  "measures": [
    {
      "grams": 1.0,
      "amount": 1.0,
      "description": "g"
    },
    {
      "grams": 30.0,
      "amount": 2.0,
      "description": "tbsp"
    }
  ],
  "nutrients": [
    {
      "name": "Energy",
      "amount": 24.0
    },
    {
      "name": "Protein",
      "amount": 0.92
    },
    {
      "name": "Carbs",
      "amount": 4.43
    },
    {
      "name": "Fiber",
      "amount": 0.7
    },
    {
      "name": "Sugars",
      "amount": 2.07
    },
    {
      "name": "Fat",
      "amount": 0.27
    },
    {
      "name": "Water",
      "amount": 92.41
    },
    {
      "name": "Ash",
      "amount": 1.97
    },
    {
      "name": "Calcium",
      "amount": 8.0
    },
    {
      "name": "Iron",
      "amount": 0.04
    },
    {
      "name": "Sodium",
      "amount": 541.0
    },
    {
      "name": "Vitamin A",
      "amount": 172.0
    },
    {
      "name": "Vitamin C",
      "amount": 11.9
    },
    {
      "name": "Cholesterol",
      "amount": 0.0
    }
  ],
  "foodSource": "usda",
  "foodType": "deprecated"
}