{
  "name": "Sauce, LA VICTORIA, LA VICTORIA Salsa Suprema, Mild",
  "sourceUID": 6267,
  "legacyUID": 6267,
  "pCF": 4.0,
  "cCF": 4.0,
  "lCF": 9.0,
  "comments": [],
  "measures": [
    {
      "grams": 1.0,
      "amount": 1.0,
      "description": "g"
    },
    {
      "grams": 30.0,
      "amount": 2.0,
      "description": "tbsp"
    }
  ],
  "nutrients": [
    {
      "name": "Energy",
      "amount": 27.0
    },
    {
      "name": "Protein",
      "amount": 0.79
    },
    {
      "name": "Carbs",
      "amount": 5.4
    },
    {
      "name": "Fiber",
      "amount": 0.6
    },
    {
      "name": "Sugars",
      "amount": 3.07
    },
    {
      "name": "Fat",
      "amount": 0.3
    },
    {
      "name": "Water",
      "amount": 91.47
    },
    {
      "name": "Ash",
      "amount": 2.04
    },
    {
      "name": "Calcium",
      "amount": 15.0
    },
    {
      "name": "Iron",
      "amount": 0.17
    },
    {
      "name": "Sodium",
      "amount": 587.0
    },
    {
      "name": "Vitamin A",
      "amount": 608.0
    },
    {
      "name": "Vitamin C",
      "amount": 14.3
    },
    {
      "name": "Cholesterol",
      "amount": 0.0
    }
  ],
  "foodSource": "usda",
  "foodType": "deprecated"
}