{
  "name": "Sauce, LA VICTORIA, Salsa Brava, Hot",
  "sourceUID": 6261,
  "legacyUID": 6261,
  "pCF": 4.0,
  "cCF": 4.0,
  "lCF": 9.0,
  "comments": [],
  "measures": [
    {
      "grams": 1.0,
      "amount": 1.0,
      "description": "g"
    },
    {
      "grams": 5.0,
      "amount": 1.0,
      "description": "tbsp"
    }
  ],
  "nutrients": [
    {
      "name": "Energy",
      "amount": 40.0
    },
    {
      "name": "Protein",
      "amount": 1.36
    },
    {
      "name": "Carbs",
      "amount": 6.16
    },
    {
      "name": "Fiber",
      "amount": 0.3
    },
    {
      "name": "Sugars",
      "amount": 3.33
    },
    {
      "name": "Fat",
      "amount": 1.11
    },
    {
      "name": "Water",
      "amount": 88.67
    },
    {
      "name": "Ash",
      "amount": 2.7
    },
    {
      "name": "Calcium",
      "amount": 20.0
    },
    {
      "name": "Iron",
      "amount": 0.57
    },
    {
      "name": "Sodium",
      "amount": 648.0
    },
    {
      "name": "Vitamin A",
      "amount": 2050.0
    },
    {
      "name": "Vitamin C",
      "amount": 7.2
    },
    {
      "name": "Cholesterol",
      "amount": 0.0
    }
  ],
  "foodSource": "usda",
  "foodType": "deprecated"
}