{
  "name": "Sauce, LA VICTORIA, LA VICTORIA Green Chile Salsa, Mild",
  "sourceUID": 6269,
  "legacyUID": 6269,
  "pCF": 4.0,
  "cCF": 4.0,
  "lCF": 9.0,
  "comments": [],
  "measures": [
    {
      "grams": 1.0,
      "amount": 1.0,
      "description": "g"
    },
    {
      "grams": 30.0,
      "amount": 2.0,
      "description": "tbsp"
    }
  ],
  "nutrients": [
    {
      "name": "Energy",
      "amount": 25.0
    },
    {
      "name": "Protein",
      "amount": 1.3
    },
    {
      "name": "Carbs",
      "amount": 4.3
    },
    {
      "name": "Fiber",
      "amount": 0.4
    },
    {
      "name": "Sugars",
      "amount": 1.52
    },
    {
      "name": "Fat",
      "amount": 0.25
    },
    {
      "name": "Water",
      "amount": 92.07
    },
    {
      "name": "Ash",
      "amount": 2.08
    },
    {
      "name": "Calcium",
      "amount": 15.0
    },
    {
      "name": "Iron",
      "amount": 0.91
    },
    {
      "name": "Sodium",
      "amount": 574.0
    },
    {
      "name": "Vitamin A",
      "amount": 455.0
    },
    {
      "name": "Vitamin C",
      "amount": 13.4
    }
  ],
  "foodSource": "usda",
  "foodType": "deprecated"
}