{
  "name": "Sauce, LA VICTORIA, LA VICTORIA Salsa Picante, Mild",
  "sourceUID": 6265,
  "legacyUID": 6265,
  "pCF": 4.0,
  "cCF": 4.0,
  "lCF": 9.0,
  "comments": [],
  "measures": [
    {
      "grams": 1.0,
      "amount": 1.0,
      "description": "g"
    },
    {
      "grams": 30.0,
      "amount": 2.0,
      "description": "tbsp"
    }
  ],
  "nutrients": [
    {
      "name": "Energy",
      "amount": 27.0
    },
    {
      "name": "Protein",
      "amount": 1.19
    },
    {
      "name": "Carbs",
      "amount": 4.82
    },
    {
      "name": "Fiber",
      "amount": 0.3
    },
    {
      "name": "Sugars",
      "amount": 2.95
    },
    {
      "name": "Fat",
      "amount": 0.29
    },
    {
      "name": "Water",
      "amount": 91.53
    },
    {
      "name": "Ash",
      "amount": 2.17
    },
    {
      "name": "Calcium",
      "amount": 15.0
    },
    {
      "name": "Iron",
      "amount": 0.11
    },
    {
      "name": "Sodium",
      "amount": 596.0
    },
    {
      "name": "Vitamin A",
      "amount": 413.0
    },
    {
      "name": "Vitamin C",
      "amount": 6.1
    },
    {
      "name": "Cholesterol",
      "amount": 0.0
    }
  ],
  "foodSource": "usda",
  "foodType": "deprecated"
}