{
  "name": "Sauce, LA VICTORIA, LA VICTORIA Green Taco Sauce, Medium",
  "sourceUID": 6260,
  "legacyUID": 6260,
  "pCF": 4.0,
  "cCF": 4.0,
  "lCF": 9.0,
  "comments": [],
  "measures": [
    {
      "grams": 1.0,
      "amount": 1.0,
      "description": "g"
    },
    {
      "grams": 15.0,
      "amount": 1.0,
      "description": "tbsp"
    }
  ],
  "nutrients": [
    {
      "name": "Energy",
      "amount": 30.0
    },
    {
      "name": "Protein",
      "amount": 0.79
    },
    {
      "name": "Carbs",
      "amount": 5.82
    },
    {
      "name": "Fiber",
      "amount": 0.6
    },
    {
      "name": "Sugars",
      "amount": 2.39
    },
    {
      "name": "Fat",
      "amount": 0.36
    },
    {
      "name": "Water",
      "amount": 90.98
    },
    {
      "name": "Ash",
      "amount": 2.05
    },
    {
      "name": "Calcium",
      "amount": 8.0
    },
    {
      "name": "Iron",
      "amount": 0.05
    },
    {
      "name": "Sodium",
      "amount": 634.0
    },
    {
      "name": "Vitamin A",
      "amount": 79.0
    },
    {
      "name": "Vitamin C",
      "amount": 4.8
    },
    {
      "name": "Cholesterol",
      "amount": 0.0
    }
  ],
  "foodSource": "usda",
  "foodType": "deprecated"
}