{
  "name": "Sauce, LA VICTORIA, Red Salsa Jalapena",
  "sourceUID": 6274,
  "legacyUID": 6274,
  "pCF": 4.0,
  "cCF": 4.0,
  "lCF": 9.0,
  "comments": [],
  "measures": [
    {
      "grams": 1.0,
      "amount": 1.0,
      "description": "g"
    },
    {
      "grams": 30.0,
      "amount": 2.0,
      "description": "tbsp"
    }
  ],
  "nutrients": [
    {
      "name": "Energy",
      "amount": 40.0
    },
    {
      "name": "Protein",
      "amount": 1.45
    },
    {
      "name": "Carbs",
      "amount": 7.24
    },
    {
      "name": "Fiber",
      "amount": 1.3
    },
    {
      "name": "Sugars",
      "amount": 3.97
    },
    {
      "name": "Fat",
      "amount": 0.59
    },
    {
      "name": "Water",
      "amount": 88.74
    },
    {
      "name": "Ash",
      "amount": 1.98
    },
    {
      "name": "Calcium",
      "amount": 21.0
    },
    {
      "name": "Iron",
      "amount": 0.17
    },
    {
      "name": "Sodium",
      "amount": 487.0
    },
    {
      "name": "Vitamin A",
      "amount": 2480.0
    },
    {
      "name": "Vitamin C",
      "amount": 32.1
    },
    {
      "name": "Cholesterol",
      "amount": 0.0
    }
  ],
  "foodSource": "usda",
  "foodType": "deprecated"
}