{
  "name": "Sauce, LA VICTORIA, LA VICTORIA Enchilada Sauce",
  "sourceUID": 6275,
  "legacyUID": 6275,
  "pCF": 4.0,
  "cCF": 4.0,
  "lCF": 9.0,
  "comments": [],
  "measures": [
    {
      "grams": 1.0,
      "amount": 1.0,
      "description": "g"
    },
    {
      "grams": 60.0,
      "amount": 0.25,
      "description": "cup"
    }
  ],
  "nutrients": [
    {
      "name": "Energy",
      "amount": 33.0
    },
    {
      "name": "Protein",
      "amount": 0.32
    },
    {
      "name": "Carbs",
      "amount": 4.62
    },
    {
      "name": "Fiber",
      "amount": 0.7
    },
    {
      "name": "Sugars",
      "amount": 1.04
    },
    {
      "name": "Fat",
      "amount": 1.45
    },
    {
      "name": "Water",
      "amount": 91.87
    },
    {
      "name": "Ash",
      "amount": 1.74
    },
    {
      "name": "Calcium",
      "amount": 12.0
    },
    {
      "name": "Iron",
      "amount": 0.12
    },
    {
      "name": "Sodium",
      "amount": 658.0
    },
    {
      "name": "Vitamin A",
      "amount": 2310.0
    },
    {
      "name": "Vitamin C",
      "amount": 4.4
    },
    {
      "name": "Cholesterol",
      "amount": 0.0
    }
  ],
  "foodSource": "usda",
  "foodType": "deprecated"
}