{
  "name": "Sauce, LA VICTORIA, LA VICTORIA Thick 'N Chunky Salsa, Medium",
  "sourceUID": 6271,
  "legacyUID": 6271,
  "pCF": 4.0,
  "cCF": 4.0,
  "lCF": 9.0,
  "comments": [],
  "measures": [
    {
      "grams": 1.0,
      "amount": 1.0,
      "description": "g"
    },
    {
      "grams": 30.0,
      "amount": 2.0,
      "description": "tbsp"
    }
  ],
  "nutrients": [
    {
      "name": "Energy",
      "amount": 25.0
    },
    {
      "name": "Protein",
      "amount": 1.19
    },
    {
      "name": "Carbs",
      "amount": 4.39
    },
    {
      "name": "Fiber",
      "amount": 0.9
    },
    {
      "name": "Sugars",
      "amount": 3.12
    },
    {
      "name": "Fat",
      "amount": 0.34
    },
    {
      "name": "Water",
      "amount": 92.07
    },
    {
      "name": "Ash",
      "amount": 2.01
    },
    {
      "name": "Calcium",
      "amount": 19.0
    },
    {
      "name": "Iron",
      "amount": 0.15
    },
    {
      "name": "Sodium",
      "amount": 525.0
    },
    {
      "name": "Vitamin A",
      "amount": 576.0
    },
    {
      "name": "Vitamin C",
      "amount": 14.3
    },
    {
      "name": "Cholesterol",
      "amount": 0.0
    }
  ],
  "foodSource": "usda",
  "foodType": "deprecated"
}