{
  "name": "Sauce, LA VICTORIA, LA VICTORIA Thick 'N Chunky Salsa, Mild",
  "sourceUID": 6270,
  "legacyUID": 6270,
  "pCF": 4.0,
  "cCF": 4.0,
  "lCF": 9.0,
  "comments": [],
  "measures": [
    {
      "grams": 1.0,
      "amount": 1.0,
      "description": "g"
    },
    {
      "grams": 30.0,
      "amount": 2.0,
      "description": "tbsp"
    }
  ],
  "nutrients": [
    {
      "name": "Energy",
      "amount": 26.0
    },
    {
      "name": "Protein",
      "amount": 0.88
    },
    {
      "name": "Carbs",
      "amount": 4.88
    },
    {
      "name": "Fiber",
      "amount": 0.8
    },
    {
      "name": "Sugars",
      "amount": 3.58
    },
    {
      "name": "Fat",
      "amount": 0.29
    },
    {
      "name": "Water",
      "amount": 92.08
    },
    {
      "name": "Ash",
      "amount": 1.87
    },
    {
      "name": "Calcium",
      "amount": 18.0
    },
    {
      "name": "Iron",
      "amount": 0.12
    },
    {
      "name": "Sodium",
      "amount": 519.0
    },
    {
      "name": "Vitamin A",
      "amount": 767.0
    },
    {
      "name": "Vitamin C",
      "amount": 14.4
    },
    {
      "name": "Cholesterol",
      "amount": 0.0
    }
  ],
  "foodSource": "usda",
  "foodType": "deprecated"
}