{
  "name": "Sauce, LA VICTORIA, Green Salsa Jalapena",
  "sourceUID": 6273,
  "legacyUID": 6273,
  "pCF": 4.0,
  "cCF": 4.0,
  "lCF": 9.0,
  "comments": [],
  "measures": [
    {
      "grams": 1.0,
      "amount": 1.0,
      "description": "g"
    },
    {
      "grams": 30.0,
      "amount": 2.0,
      "description": "tbsp"
    }
  ],
  "nutrients": [
    {
      "name": "Energy",
      "amount": 32.0
    },
    {
      "name": "Protein",
      "amount": 0.92
    },
    {
      "name": "Carbs",
      "amount": 4.7
    },
    {
      "name": "Fiber",
      "amount": 0.9
    },
    {
      "name": "Sugars",
      "amount": 2.0
    },
    {
      "name": "Fat",
      "amount": 1.09
    },
    {
      "name": "Water",
      "amount": 91.28
    },
    {
      "name": "Ash",
      "amount": 2.01
    },
    {
      "name": "Calcium",
      "amount": 16.0
    },
    {
      "name": "Iron",
      "amount": 0.4
    },
    {
      "name": "Sodium",
      "amount": 600.0
    },
    {
      "name": "Vitamin A",
      "amount": 282.0
    },
    {
      "name": "Vitamin C",
      "amount": 12.0
    },
    {
      "name": "Cholesterol",
      "amount": 0.0
    }
  ],
  "foodSource": "usda",
  "foodType": "deprecated"
}