{
  "name": "Sauce, LA VICTORIA, LA VICTORIA Thick 'N Chunky Salsa, Hot",
  "sourceUID": 6272,
  "legacyUID": 6272,
  "pCF": 4.0,
  "cCF": 4.0,
  "lCF": 9.0,
  "comments": [],
  "measures": [
    {
      "grams": 1.0,
      "amount": 1.0,
      "description": "g"
    },
    {
      "grams": 30.0,
      "amount": 2.0,
      "description": "tbsp"
    }
  ],
  "nutrients": [
    {
      "name": "Energy",
      "amount": 28.0
    },
    {
      "name": "Protein",
      "amount": 1.53
    },
    {
      "name": "Carbs",
      "amount": 4.63
    },
    {
      "name": "Fiber",
      "amount": 0.5
    },
    {
      "name": "Sugars",
      "amount": 3.33
    },
    {
      "name": "Fat",
      "amount": 0.35
    },
    {
      "name": "Water",
      "amount": 91.7
    },
    {
      "name": "Ash",
      "amount": 1.79
    },
    {
      "name": "Calcium",
      "amount": 11.0
    },
    {
      "name": "Iron",
      "amount": 0.08
    },
    {
      "name": "Sodium",
      "amount": 436.0
    },
    {
      "name": "Vitamin A",
      "amount": 523.0
    },
    {
      "name": "Vitamin C",
      "amount": 5.1
    },
    {
      "name": "Cholesterol",
      "amount": 0.0
    }
  ],
  "foodSource": "usda",
  "foodType": "deprecated"
}