{
  "name": "Sauce, LA VICTORIA, Cheddar Cheese Sauce",
  "sourceUID": 6277,
  "legacyUID": 6277,
  "pCF": 4.0,
  "cCF": 4.0,
  "lCF": 9.0,
  "comments": [],
  "measures": [
    {
      "grams": 1.0,
      "amount": 1.0,
      "description": "g"
    },
    {
      "grams": 65.0,
      "amount": 0.25,
      "description": "cup"
    }
  ],
  "nutrients": [
    {
      "name": "Energy",
      "amount": 161.0
    },
    {
      "name": "Protein",
      "amount": 1.86
    },
    {
      "name": "Carbs",
      "amount": 9.07
    },
    {
      "name": "Fiber",
      "amount": 0.0
    },
    {
      "name": "Sugars",
      "amount": 2.93
    },
    {
      "name": "Fat",
      "amount": 13.05
    },
    {
      "name": "Water",
      "amount": 72.87
    },
    {
      "name": "Ash",
      "amount": 3.15
    },
    {
      "name": "Calcium",
      "amount": 92.0
    },
    {
      "name": "Iron",
      "amount": 0.77
    },
    {
      "name": "Sodium",
      "amount": 971.0
    },
    {
      "name": "Vitamin A",
      "amount": 172.0
    },
    {
      "name": "Vitamin C",
      "amount": 0.0
    },
    {
      "name": "Saturated",
      "amount": 3.459
    },
    {
      "name": "Monounsaturated",
      "amount": 5.838
    },
    {
      "name": "Polyunsaturated",
      "amount": 2.84
    },
    {
      "name": "Cholesterol",
      "amount": 3.0
    }
  ],
  "foodSource": "usda",
  "foodType": "deprecated"
}