{
  "name": "Sauce, LA VICTORIA, Nacho Cheese Sauce with Jalapeno Peppers, Medium",
  "sourceUID": 6278,
  "legacyUID": 6278,
  "pCF": 4.0,
  "cCF": 4.0,
  "lCF": 9.0,
  "comments": [],
  "measures": [
    {
      "grams": 1.0,
      "amount": 1.0,
      "description": "g"
    },
    {
      "grams": 72.0,
      "amount": 0.25,
      "description": "cup"
    }
  ],
  "nutrients": [
    {
      "name": "Energy",
      "amount": 170.0
    },
    {
      "name": "Protein",
      "amount": 1.82
    },
    {
      "name": "Carbs",
      "amount": 10.26
    },
    {
      "name": "Fiber",
      "amount": 0.3
    },
    {
      "name": "Sugars",
      "amount": 2.6
    },
    {
      "name": "Fat",
      "amount": 13.49
    },
    {
      "name": "Water",
      "amount": 71.88
    },
    {
      "name": "Ash",
      "amount": 2.55
    },
    {
      "name": "Calcium",
      "amount": 89.0
    },
    {
      "name": "Iron",
      "amount": 1.2
    },
    {
      "name": "Sodium",
      "amount": 765.0
    },
    {
      "name": "Vitamin A",
      "amount": 54.0
    },
    {
      "name": "Vitamin C",
      "amount": 1.6
    },
    {
      "name": "Saturated",
      "amount": 3.739
    },
    {
      "name": "Monounsaturated",
      "amount": 6.323
    },
    {
      "name": "Polyunsaturated",
      "amount": 2.484
    },
    {
      "name": "Cholesterol",
      "amount": 5.0
    }
  ],
  "foodSource": "usda",
  "foodType": "deprecated"
}