{
  "name": "Soup, LIPTON, SOUP SECRETS EXTRA NOODLE, Mix, Dry",
  "sourceUID": 6279,
  "legacyUID": 6279,
  "pCF": 4.0,
  "cCF": 4.0,
  "lCF": 9.0,
  "comments": [],
  "measures": [
    {
      "grams": 1.0,
      "amount": 1.0,
      "description": "g"
    },
    {
      "grams": 23.0,
      "amount": 1.0,
      "description": "serving"
    }
  ],
  "nutrients": [
    {
      "name": "Energy",
      "amount": 374.0
    },
    {
      "name": "Protein",
      "amount": 14.06
    },
    {
      "name": "Carbs",
      "amount": 65.1
    },
    {
      "name": "Fiber",
      "amount": 2.5
    },
    {
      "name": "Sugars",
      "amount": 6.52
    },
    {
      "name": "Fat",
      "amount": 6.77
    },
    {
      "name": "Water",
      "amount": 4.26
    },
    {
      "name": "Ash",
      "amount": 9.79
    },
    {
      "name": "Calcium",
      "amount": 15.0
    },
    {
      "name": "Iron",
      "amount": 3.72
    },
    {
      "name": "Sodium",
      "amount": 2961.0
    },
    {
      "name": "Vitamin A",
      "amount": 73.0
    },
    {
      "name": "Folate",
      "amount": 147.0
    },
    {
      "name": "B1 (Thiamine)",
      "amount": 1.486
    },
    {
      "name": "B2 (Riboflavin)",
      "amount": 0.603
    },
    {
      "name": "B3 (Niacin)",
      "amount": 7.666
    },
    {
      "name": "Vitamin C",
      "amount": 0.2
    },
    {
      "name": "Saturated",
      "amount": 2.479
    },
    {
      "name": "Cholesterol",
      "amount": 101.0
    }
  ],
  "foodSource": "usda",
  "foodType": "deprecated"
}