{
  "name": "Sauce, LA VICTORIA, Mole Poblano",
  "sourceUID": 6276,
  "legacyUID": 6276,
  "pCF": 4.0,
  "cCF": 4.0,
  "lCF": 9.0,
  "comments": [],
  "measures": [
    {
      "grams": 1.0,
      "amount": 1.0,
      "description": "g"
    },
    {
      "grams": 57.0,
      "amount": 2.0,
      "description": "oz"
    }
  ],
  "nutrients": [
    {
      "name": "Energy",
      "amount": 421.0
    },
    {
      "name": "Protein",
      "amount": 14.5
    },
    {
      "name": "Carbs",
      "amount": 49.82
    },
    {
      "name": "Fiber",
      "amount": 16.1
    },
    {
      "name": "Sugars",
      "amount": 19.32
    },
    {
      "name": "Fat",
      "amount": 18.14
    },
    {
      "name": "Water",
      "amount": 6.22
    },
    {
      "name": "Ash",
      "amount": 11.32
    },
    {
      "name": "Calcium",
      "amount": 102.0
    },
    {
      "name": "Iron",
      "amount": 2.79
    },
    {
      "name": "Sodium",
      "amount": 3240.0
    },
    {
      "name": "Vitamin A",
      "amount": 20600.0
    },
    {
      "name": "Vitamin C",
      "amount": 0.0
    },
    {
      "name": "Cholesterol",
      "amount": 0.0
    }
  ],
  "foodSource": "usda",
  "foodType": "deprecated"
}