{
  "name": "Soup, LIPTON, CUP-A-SOUP HEARTY CHICKEN SUPREME, Mix, Dry",
  "sourceUID": 6287,
  "legacyUID": 6287,
  "pCF": 4.0,
  "cCF": 4.0,
  "lCF": 9.0,
  "comments": [],
  "measures": [
    {
      "grams": 1.0,
      "amount": 1.0,
      "description": "g"
    },
    {
      "grams": 21.0,
      "amount": 1.0,
      "description": "serving"
    }
  ],
  "nutrients": [
    {
      "name": "Energy",
      "amount": 429.0
    },
    {
      "name": "Protein",
      "amount": 5.02
    },
    {
      "name": "Carbs",
      "amount": 64.87
    },
    {
      "name": "Fiber",
      "amount": 3.1
    },
    {
      "name": "Sugars",
      "amount": 9.68
    },
    {
      "name": "Fat",
      "amount": 17.86
    },
    {
      "name": "Water",
      "amount": 4.0
    },
    {
      "name": "Ash",
      "amount": 8.25
    },
    {
      "name": "Calcium",
      "amount": 109.0
    },
    {
      "name": "Iron",
      "amount": 0.89
    },
    {
      "name": "Sodium",
      "amount": 3023.0
    },
    {
      "name": "Vitamin A",
      "amount": 118.0
    },
    {
      "name": "Folate",
      "amount": 0.0
    },
    {
      "name": "B1 (Thiamine)",
      "amount": 0.272
    },
    {
      "name": "B2 (Riboflavin)",
      "amount": 0.253
    },
    {
      "name": "B3 (Niacin)",
      "amount": 2.834
    },
    {
      "name": "Vitamin C",
      "amount": 0.6
    },
    {
      "name": "Saturated",
      "amount": 6.623
    },
    {
      "name": "Cholesterol",
      "amount": 3.0
    }
  ],
  "foodSource": "usda",
  "foodType": "deprecated"
}