{
  "name": "Soup, LIPTON, SOUP SECRETS GIGGLE NOODLE, Mix, Dry",
  "sourceUID": 6283,
  "legacyUID": 6283,
  "pCF": 4.0,
  "cCF": 4.0,
  "lCF": 9.0,
  "comments": [],
  "measures": [
    {
      "grams": 1.0,
      "amount": 1.0,
      "description": "g"
    },
    {
      "grams": 19.0,
      "amount": 1.0,
      "description": "serving"
    }
  ],
  "nutrients": [
    {
      "name": "Energy",
      "amount": 387.0
    },
    {
      "name": "Protein",
      "amount": 13.28
    },
    {
      "name": "Carbs",
      "amount": 60.34
    },
    {
      "name": "Fiber",
      "amount": 2.2
    },
    {
      "name": "Sugars",
      "amount": 6.87
    },
    {
      "name": "Fat",
      "amount": 11.19
    },
    {
      "name": "Water",
      "amount": 3.89
    },
    {
      "name": "Ash",
      "amount": 11.3
    },
    {
      "name": "Calcium",
      "amount": 19.0
    },
    {
      "name": "Iron",
      "amount": 3.44
    },
    {
      "name": "Sodium",
      "amount": 3874.0
    },
    {
      "name": "Vitamin A",
      "amount": 99.0
    },
    {
      "name": "Folate",
      "amount": 133.0
    },
    {
      "name": "B1 (Thiamine)",
      "amount": 1.361
    },
    {
      "name": "B2 (Riboflavin)",
      "amount": 0.515
    },
    {
      "name": "B3 (Niacin)",
      "amount": 6.799
    },
    {
      "name": "Vitamin C",
      "amount": 0.3
    },
    {
      "name": "Saturated",
      "amount": 3.624
    },
    {
      "name": "Cholesterol",
      "amount": 94.0
    }
  ],
  "foodSource": "usda",
  "foodType": "deprecated"
}