{
  "name": "Soup, LIPTON, CUP-A-SOUP HEARTY CHICKEN NOODLE, Mix, Dry",
  "sourceUID": 6288,
  "legacyUID": 6288,
  "pCF": 4.0,
  "cCF": 4.0,
  "lCF": 9.0,
  "comments": [],
  "measures": [
    {
      "grams": 1.0,
      "amount": 1.0,
      "description": "g"
    },
    {
      "grams": 16.0,
      "amount": 1.0,
      "description": "envelope"
    }
  ],
  "nutrients": [
    {
      "name": "Energy",
      "amount": 384.0
    },
    {
      "name": "Protein",
      "amount": 16.07
    },
    {
      "name": "Carbs",
      "amount": 63.53
    },
    {
      "name": "Fiber",
      "amount": 1.9
    },
    {
      "name": "Sugars",
      "amount": 1.2
    },
    {
      "name": "Fat",
      "amount": 7.29
    },
    {
      "name": "Water",
      "amount": 4.0
    },
    {
      "name": "Ash",
      "amount": 9.11
    },
    {
      "name": "Calcium",
      "amount": 37.0
    },
    {
      "name": "Iron",
      "amount": 3.07
    },
    {
      "name": "Sodium",
      "amount": 3696.0
    },
    {
      "name": "Vitamin A",
      "amount": 257.0
    },
    {
      "name": "Folate",
      "amount": 106.0
    },
    {
      "name": "B1 (Thiamine)",
      "amount": 0.771
    },
    {
      "name": "B2 (Riboflavin)",
      "amount": 0.395
    },
    {
      "name": "B3 (Niacin)",
      "amount": 7.878
    },
    {
      "name": "Vitamin C",
      "amount": 0.8
    },
    {
      "name": "Saturated",
      "amount": 2.667
    },
    {
      "name": "Cholesterol",
      "amount": 89.0
    }
  ],
  "foodSource": "usda",
  "foodType": "deprecated"
}