{
  "name": "Soup, LIPTON, SOUP SECRETS SPIRAL PASTA SOUP, Mix, Dry",
  "sourceUID": 6280,
  "legacyUID": 6280,
  "pCF": 4.0,
  "cCF": 4.0,
  "lCF": 9.0,
  "comments": [],
  "measures": [
    {
      "grams": 1.0,
      "amount": 1.0,
      "description": "g"
    },
    {
      "grams": 18.0,
      "amount": 1.0,
      "description": "serving"
    }
  ],
  "nutrients": [
    {
      "name": "Energy",
      "amount": 353.0
    },
    {
      "name": "Protein",
      "amount": 12.22
    },
    {
      "name": "Carbs",
      "amount": 63.63
    },
    {
      "name": "Fiber",
      "amount": 2.3
    },
    {
      "name": "Sugars",
      "amount": 8.63
    },
    {
      "name": "Fat",
      "amount": 4.88
    },
    {
      "name": "Water",
      "amount": 4.0
    },
    {
      "name": "Ash",
      "amount": 15.27
    },
    {
      "name": "Calcium",
      "amount": 30.0
    },
    {
      "name": "Iron",
      "amount": 2.38
    },
    {
      "name": "Sodium",
      "amount": 3651.0
    },
    {
      "name": "Vitamin A",
      "amount": 94.0
    },
    {
      "name": "Folate",
      "amount": 136.0
    },
    {
      "name": "B1 (Thiamine)",
      "amount": 1.289
    },
    {
      "name": "B2 (Riboflavin)",
      "amount": 0.492
    },
    {
      "name": "B3 (Niacin)",
      "amount": 6.553
    },
    {
      "name": "Vitamin C",
      "amount": 0.3
    },
    {
      "name": "Saturated",
      "amount": 1.6
    },
    {
      "name": "Cholesterol",
      "amount": 10.0
    }
  ],
  "foodSource": "usda",
  "foodType": "deprecated"
}