{
  "name": "Soup, LIPTON, SOUP SECRETS NOODLE WITH REAL CHICKEN BROTH, Mix, Dry",
  "sourceUID": 6284,
  "legacyUID": 6284,
  "pCF": 4.0,
  "cCF": 4.0,
  "lCF": 9.0,
  "comments": [],
  "measures": [
    {
      "grams": 1.0,
      "amount": 1.0,
      "description": "g"
    },
    {
      "grams": 16.0,
      "amount": 1.0,
      "description": "serving"
    }
  ],
  "nutrients": [
    {
      "name": "Energy",
      "amount": 388.0
    },
    {
      "name": "Protein",
      "amount": 12.83
    },
    {
      "name": "Carbs",
      "amount": 57.37
    },
    {
      "name": "Fiber",
      "amount": 2.1
    },
    {
      "name": "Sugars",
      "amount": 7.52
    },
    {
      "name": "Fat",
      "amount": 12.04
    },
    {
      "name": "Water",
      "amount": 3.62
    },
    {
      "name": "Ash",
      "amount": 14.14
    },
    {
      "name": "Calcium",
      "amount": 21.0
    },
    {
      "name": "Iron",
      "amount": 3.29
    },
    {
      "name": "Sodium",
      "amount": 4524.0
    },
    {
      "name": "Vitamin A",
      "amount": 114.0
    },
    {
      "name": "Folate",
      "amount": 124.0
    },
    {
      "name": "B1 (Thiamine)",
      "amount": 1.337
    },
    {
      "name": "B2 (Riboflavin)",
      "amount": 0.498
    },
    {
      "name": "B3 (Niacin)",
      "amount": 6.537
    },
    {
      "name": "Vitamin C",
      "amount": 0.4
    },
    {
      "name": "Saturated",
      "amount": 3.878
    },
    {
      "name": "Cholesterol",
      "amount": 90.0
    }
  ],
  "foodSource": "usda",
  "foodType": "deprecated"
}