{
  "name": "Soup, LIPTON, SOUP SECRETS RING-O-NOODLE",
  "sourceUID": 6282,
  "legacyUID": 6282,
  "pCF": 4.0,
  "cCF": 4.0,
  "lCF": 9.0,
  "comments": [],
  "measures": [
    {
      "grams": 1.0,
      "amount": 1.0,
      "description": "g"
    },
    {
      "grams": 17.0,
      "amount": 1.0,
      "description": "serving"
    }
  ],
  "nutrients": [
    {
      "name": "Energy",
      "amount": 388.0
    },
    {
      "name": "Protein",
      "amount": 12.96
    },
    {
      "name": "Carbs",
      "amount": 58.28
    },
    {
      "name": "Fiber",
      "amount": 2.1
    },
    {
      "name": "Sugars",
      "amount": 7.23
    },
    {
      "name": "Fat",
      "amount": 11.65
    },
    {
      "name": "Water",
      "amount": 4.0
    },
    {
      "name": "Ash",
      "amount": 13.11
    },
    {
      "name": "Calcium",
      "amount": 20.0
    },
    {
      "name": "Iron",
      "amount": 3.32
    },
    {
      "name": "Sodium",
      "amount": 4259.0
    },
    {
      "name": "Vitamin A",
      "amount": 105.0
    },
    {
      "name": "Folate",
      "amount": 128.0
    },
    {
      "name": "B1 (Thiamine)",
      "amount": 1.332
    },
    {
      "name": "B2 (Riboflavin)",
      "amount": 0.5
    },
    {
      "name": "B3 (Niacin)",
      "amount": 6.594
    },
    {
      "name": "Vitamin C",
      "amount": 0.4
    },
    {
      "name": "Saturated",
      "amount": 3.761
    },
    {
      "name": "Cholesterol",
      "amount": 92.0
    }
  ],
  "foodSource": "usda",
  "foodType": "deprecated"
}