{
  "name": "Soup, LIPTON, CUP-A-SOUP CHICKEN NOODLE WITH MEAT",
  "sourceUID": 6289,
  "legacyUID": 6289,
  "pCF": 4.0,
  "cCF": 4.0,
  "lCF": 9.0,
  "comments": [],
  "measures": [
    {
      "grams": 1.0,
      "amount": 1.0,
      "description": "g"
    },
    {
      "grams": 100.0,
      "amount": 1.0,
      "description": "serving"
    }
  ],
  "nutrients": [
    {
      "name": "Energy",
      "amount": 381.0
    },
    {
      "name": "Protein",
      "amount": 15.76
    },
    {
      "name": "Carbs",
      "amount": 61.85
    },
    {
      "name": "Fiber",
      "amount": 2.3
    },
    {
      "name": "Sugars",
      "amount": 1.58
    },
    {
      "name": "Fat",
      "amount": 8.02
    },
    {
      "name": "Water",
      "amount": 4.0
    },
    {
      "name": "Ash",
      "amount": 10.37
    },
    {
      "name": "Calcium",
      "amount": 44.0
    },
    {
      "name": "Iron",
      "amount": 3.09
    },
    {
      "name": "Sodium",
      "amount": 4177.0
    },
    {
      "name": "Vitamin A",
      "amount": 777.0
    },
    {
      "name": "Folate",
      "amount": 98.0
    },
    {
      "name": "B1 (Thiamine)",
      "amount": 0.765
    },
    {
      "name": "B2 (Riboflavin)",
      "amount": 0.407
    },
    {
      "name": "B3 (Niacin)",
      "amount": 7.647
    },
    {
      "name": "Vitamin C",
      "amount": 1.5
    },
    {
      "name": "Saturated",
      "amount": 2.917
    },
    {
      "name": "Cholesterol",
      "amount": 88.0
    }
  ],
  "foodSource": "usda",
  "foodType": "deprecated"
}