{
  "name": "Soup, LIPTON, SOUP SECRETS CHICKEN NOODLE, Mix, Dry",
  "sourceUID": 6281,
  "legacyUID": 6281,
  "pCF": 4.0,
  "cCF": 4.0,
  "lCF": 9.0,
  "comments": [],
  "measures": [
    {
      "grams": 1.0,
      "amount": 1.0,
      "description": "g"
    },
    {
      "grams": 20.0,
      "amount": 1.0,
      "description": "serving"
    }
  ],
  "nutrients": [
    {
      "name": "Energy",
      "amount": 385.0
    },
    {
      "name": "Protein",
      "amount": 17.31
    },
    {
      "name": "Carbs",
      "amount": 56.52
    },
    {
      "name": "Fiber",
      "amount": 2.0
    },
    {
      "name": "Sugars",
      "amount": 7.99
    },
    {
      "name": "Fat",
      "amount": 9.91
    },
    {
      "name": "Water",
      "amount": 4.0
    },
    {
      "name": "Ash",
      "amount": 12.26
    },
    {
      "name": "Calcium",
      "amount": 48.0
    },
    {
      "name": "Iron",
      "amount": 3.41
    },
    {
      "name": "Sodium",
      "amount": 3452.0
    },
    {
      "name": "Vitamin A",
      "amount": 115.0
    },
    {
      "name": "Folate",
      "amount": 0.0
    },
    {
      "name": "B1 (Thiamine)",
      "amount": 1.192
    },
    {
      "name": "B2 (Riboflavin)",
      "amount": 0.423
    },
    {
      "name": "B3 (Niacin)",
      "amount": 8.108
    },
    {
      "name": "Vitamin C",
      "amount": 0.3
    },
    {
      "name": "Saturated",
      "amount": 2.936
    },
    {
      "name": "Cholesterol",
      "amount": 75.0
    }
  ],
  "foodSource": "usda",
  "foodType": "deprecated"
}