{
  "name": "Soup, LIPTON, CUP-A-SOUP BROCCOLI & CHEESE, Mix, Dry",
  "sourceUID": 6286,
  "legacyUID": 6286,
  "pCF": 4.0,
  "cCF": 4.0,
  "lCF": 9.0,
  "comments": [],
  "measures": [
    {
      "grams": 1.0,
      "amount": 1.0,
      "description": "g"
    },
    {
      "grams": 16.0,
      "amount": 1.0,
      "description": "serving"
    }
  ],
  "nutrients": [
    {
      "name": "Energy",
      "amount": 418.0
    },
    {
      "name": "Protein",
      "amount": 11.35
    },
    {
      "name": "Carbs",
      "amount": 55.64
    },
    {
      "name": "Fiber",
      "amount": 4.5
    },
    {
      "name": "Sugars",
      "amount": 13.43
    },
    {
      "name": "Fat",
      "amount": 18.3
    },
    {
      "name": "Water",
      "amount": 4.0
    },
    {
      "name": "Ash",
      "amount": 10.71
    },
    {
      "name": "Calcium",
      "amount": 290.0
    },
    {
      "name": "Iron",
      "amount": 0.98
    },
    {
      "name": "Sodium",
      "amount": 3408.0
    },
    {
      "name": "Vitamin A",
      "amount": 295.0
    },
    {
      "name": "Folate",
      "amount": 23.0
    },
    {
      "name": "B1 (Thiamine)",
      "amount": 0.028
    },
    {
      "name": "B2 (Riboflavin)",
      "amount": 0.053
    },
    {
      "name": "B3 (Niacin)",
      "amount": 0.372
    },
    {
      "name": "Vitamin C",
      "amount": 18.8
    },
    {
      "name": "Saturated",
      "amount": 4.974
    },
    {
      "name": "Cholesterol",
      "amount": 18.0
    }
  ],
  "foodSource": "usda",
  "foodType": "deprecated"
}