{
  "name": "Soup, LIPTON, FAT FREE CUP-A-SOUP CHICKEN BROTH, Mix, Dry",
  "sourceUID": 6297,
  "legacyUID": 6297,
  "pCF": 4.0,
  "cCF": 4.0,
  "lCF": 9.0,
  "comments": [],
  "measures": [
    {
      "grams": 1.0,
      "amount": 1.0,
      "description": "g"
    },
    {
      "grams": 6.0,
      "amount": 1.0,
      "description": "serving"
    }
  ],
  "nutrients": [
    {
      "name": "Energy",
      "amount": 307.0
    },
    {
      "name": "Protein",
      "amount": 20.1
    },
    {
      "name": "Carbs",
      "amount": 54.02
    },
    {
      "name": "Fiber",
      "amount": 0.1
    },
    {
      "name": "Sugars",
      "amount": 3.77
    },
    {
      "name": "Fat",
      "amount": 2.28
    },
    {
      "name": "Water",
      "amount": 4.0
    },
    {
      "name": "Ash",
      "amount": 19.6
    },
    {
      "name": "Calcium",
      "amount": 32.0
    },
    {
      "name": "Iron",
      "amount": 1.52
    },
    {
      "name": "Sodium",
      "amount": 7359.0
    },
    {
      "name": "Vitamin A",
      "amount": 11.0
    },
    {
      "name": "Folate",
      "amount": 0.0
    },
    {
      "name": "B1 (Thiamine)",
      "amount": 0.008
    },
    {
      "name": "B2 (Riboflavin)",
      "amount": 0.054
    },
    {
      "name": "B3 (Niacin)",
      "amount": 2.794
    },
    {
      "name": "Vitamin C",
      "amount": 0.4
    },
    {
      "name": "Saturated",
      "amount": 0.427
    },
    {
      "name": "Cholesterol",
      "amount": 1.0
    }
  ],
  "foodSource": "usda",
  "foodType": "deprecated"
}