{
  "name": "Soup, LIPTON, FAT FREE CUP-A-SOUP CHICKEN/PASTA, Mix, Dry",
  "sourceUID": 6298,
  "legacyUID": 6298,
  "pCF": 4.0,
  "cCF": 4.0,
  "lCF": 9.0,
  "comments": [],
  "measures": [
    {
      "grams": 1.0,
      "amount": 1.0,
      "description": "g"
    },
    {
      "grams": 13.0,
      "amount": 1.0,
      "description": "serving"
    }
  ],
  "nutrients": [
    {
      "name": "Energy",
      "amount": 340.0
    },
    {
      "name": "Protein",
      "amount": 16.3
    },
    {
      "name": "Carbs",
      "amount": 64.0
    },
    {
      "name": "Fiber",
      "amount": 1.2
    },
    {
      "name": "Sugars",
      "amount": 1.4
    },
    {
      "name": "Fat",
      "amount": 2.6
    },
    {
      "name": "Water",
      "amount": 4.0
    },
    {
      "name": "Ash",
      "amount": 13.1
    },
    {
      "name": "Calcium",
      "amount": 22.0
    },
    {
      "name": "Iron",
      "amount": 2.93
    },
    {
      "name": "Sodium",
      "amount": 3457.0
    },
    {
      "name": "Vitamin A",
      "amount": 8317.0
    },
    {
      "name": "Folate",
      "amount": 108.0
    },
    {
      "name": "B1 (Thiamine)",
      "amount": 0.608
    },
    {
      "name": "B2 (Riboflavin)",
      "amount": 0.247
    },
    {
      "name": "B3 (Niacin)",
      "amount": 5.288
    },
    {
      "name": "Vitamin C",
      "amount": 0.5
    },
    {
      "name": "Saturated",
      "amount": 0.363
    },
    {
      "name": "Cholesterol",
      "amount": 0.0
    }
  ],
  "foodSource": "usda",
  "foodType": "deprecated"
}