{
  "name": "Soup, LIPTON, CUP-A-SOUP GREEN PEA, Mix, Dry",
  "sourceUID": 6294,
  "legacyUID": 6294,
  "pCF": 4.0,
  "cCF": 4.0,
  "lCF": 9.0,
  "comments": [],
  "measures": [
    {
      "grams": 1.0,
      "amount": 1.0,
      "description": "g"
    },
    {
      "grams": 21.0,
      "amount": 1.0,
      "description": "serving"
    }
  ],
  "nutrients": [
    {
      "name": "Energy",
      "amount": 358.0
    },
    {
      "name": "Protein",
      "amount": 21.2
    },
    {
      "name": "Carbs",
      "amount": 58.61
    },
    {
      "name": "Fiber",
      "amount": 14.9
    },
    {
      "name": "Sugars",
      "amount": 4.18
    },
    {
      "name": "Fat",
      "amount": 5.4
    },
    {
      "name": "Water",
      "amount": 4.0
    },
    {
      "name": "Ash",
      "amount": 10.79
    },
    {
      "name": "Calcium",
      "amount": 3.0
    },
    {
      "name": "Iron",
      "amount": 3.03
    },
    {
      "name": "Sodium",
      "amount": 2476.0
    },
    {
      "name": "Vitamin A",
      "amount": 0.0
    },
    {
      "name": "Folate",
      "amount": 0.0
    },
    {
      "name": "B1 (Thiamine)",
      "amount": 0.047
    },
    {
      "name": "B2 (Riboflavin)",
      "amount": 0.103
    },
    {
      "name": "B3 (Niacin)",
      "amount": 1.005
    },
    {
      "name": "Vitamin C",
      "amount": 0.2
    },
    {
      "name": "Saturated",
      "amount": 0.862
    },
    {
      "name": "Cholesterol",
      "amount": 0.0
    }
  ],
  "foodSource": "usda",
  "foodType": "deprecated"
}