{
  "name": "Soup, LIPTON, CUP-A-SOUP TOMATO, Mix, Dry",
  "sourceUID": 6293,
  "legacyUID": 6293,
  "pCF": 4.0,
  "cCF": 4.0,
  "lCF": 9.0,
  "comments": [],
  "measures": [
    {
      "grams": 1.0,
      "amount": 1.0,
      "description": "g"
    },
    {
      "grams": 26.0,
      "amount": 1.0,
      "description": "envelope"
    }
  ],
  "nutrients": [
    {
      "name": "Energy",
      "amount": 366.0
    },
    {
      "name": "Protein",
      "amount": 8.84
    },
    {
      "name": "Carbs",
      "amount": 76.79
    },
    {
      "name": "Fiber",
      "amount": 2.2
    },
    {
      "name": "Sugars",
      "amount": 53.74
    },
    {
      "name": "Fat",
      "amount": 3.45
    },
    {
      "name": "Water",
      "amount": 4.0
    },
    {
      "name": "Ash",
      "amount": 6.92
    },
    {
      "name": "Calcium",
      "amount": 350.0
    },
    {
      "name": "Iron",
      "amount": 1.25
    },
    {
      "name": "Sodium",
      "amount": 1948.0
    },
    {
      "name": "Vitamin A",
      "amount": 779.0
    },
    {
      "name": "Folate",
      "amount": 22.0
    },
    {
      "name": "B1 (Thiamine)",
      "amount": 0.64
    },
    {
      "name": "B2 (Riboflavin)",
      "amount": 1.307
    },
    {
      "name": "B3 (Niacin)",
      "amount": 3.688
    },
    {
      "name": "Vitamin C",
      "amount": 14.9
    },
    {
      "name": "Saturated",
      "amount": 1.629
    },
    {
      "name": "Cholesterol",
      "amount": 9.0
    }
  ],
  "foodSource": "usda",
  "foodType": "deprecated"
}