{
  "name": "Soup, LIPTON, CUP-A-SOUP CREAM OF CHICKEN, Mix, Dry",
  "sourceUID": 6290,
  "legacyUID": 6290,
  "pCF": 4.0,
  "cCF": 4.0,
  "lCF": 9.0,
  "comments": [],
  "measures": [
    {
      "grams": 1.0,
      "amount": 1.0,
      "description": "g"
    },
    {
      "grams": 17.0,
      "amount": 1.0,
      "description": "envelope"
    }
  ],
  "nutrients": [
    {
      "name": "Energy",
      "amount": 401.0
    },
    {
      "name": "Protein",
      "amount": 4.52
    },
    {
      "name": "Carbs",
      "amount": 68.67
    },
    {
      "name": "Fiber",
      "amount": 3.0
    },
    {
      "name": "Sugars",
      "amount": 11.98
    },
    {
      "name": "Fat",
      "amount": 12.8
    },
    {
      "name": "Water",
      "amount": 4.0
    },
    {
      "name": "Ash",
      "amount": 10.01
    },
    {
      "name": "Calcium",
      "amount": 111.0
    },
    {
      "name": "Iron",
      "amount": 0.39
    },
    {
      "name": "Sodium",
      "amount": 3739.0
    },
    {
      "name": "Vitamin A",
      "amount": 145.0
    },
    {
      "name": "Folate",
      "amount": 0.0
    },
    {
      "name": "B1 (Thiamine)",
      "amount": 0.337
    },
    {
      "name": "B2 (Riboflavin)",
      "amount": 0.313
    },
    {
      "name": "B3 (Niacin)",
      "amount": 3.505
    },
    {
      "name": "Vitamin C",
      "amount": 0.8
    },
    {
      "name": "Saturated",
      "amount": 1.916
    },
    {
      "name": "Cholesterol",
      "amount": 3.0
    }
  ],
  "foodSource": "usda",
  "foodType": "deprecated"
}