{
  "name": "Soup, LIPTON, CUP-A-SOUP RING NOODLE, Mix, Dry",
  "sourceUID": 6292,
  "legacyUID": 6292,
  "pCF": 4.0,
  "cCF": 4.0,
  "lCF": 9.0,
  "comments": [],
  "measures": [
    {
      "grams": 1.0,
      "amount": 1.0,
      "description": "g"
    },
    {
      "grams": 14.0,
      "amount": 1.0,
      "description": "serving"
    }
  ],
  "nutrients": [
    {
      "name": "Energy",
      "amount": 381.0
    },
    {
      "name": "Protein",
      "amount": 11.09
    },
    {
      "name": "Carbs",
      "amount": 66.68
    },
    {
      "name": "Fiber",
      "amount": 1.5
    },
    {
      "name": "Sugars",
      "amount": 1.27
    },
    {
      "name": "Fat",
      "amount": 7.92
    },
    {
      "name": "Water",
      "amount": 4.0
    },
    {
      "name": "Ash",
      "amount": 10.31
    },
    {
      "name": "Calcium",
      "amount": 30.0
    },
    {
      "name": "Iron",
      "amount": 3.13
    },
    {
      "name": "Sodium",
      "amount": 3976.0
    },
    {
      "name": "Vitamin A",
      "amount": 13290.0
    },
    {
      "name": "Folate",
      "amount": 120.0
    },
    {
      "name": "B1 (Thiamine)",
      "amount": 0.774
    },
    {
      "name": "B2 (Riboflavin)",
      "amount": 0.351
    },
    {
      "name": "B3 (Niacin)",
      "amount": 5.76
    },
    {
      "name": "Vitamin C",
      "amount": 1.1
    },
    {
      "name": "Saturated",
      "amount": 2.722
    },
    {
      "name": "Cholesterol",
      "amount": 83.0
    }
  ],
  "foodSource": "usda",
  "foodType": "deprecated"
}