{
  "name": "Soup, LIPTON, CUP-A-SOUP CREAM OF MUSHROOM, Mix, Dry",
  "sourceUID": 6295,
  "legacyUID": 6295,
  "pCF": 4.0,
  "cCF": 4.0,
  "lCF": 9.0,
  "comments": [],
  "measures": [
    {
      "grams": 1.0,
      "amount": 1.0,
      "description": "g"
    },
    {
      "grams": 15.0,
      "amount": 1.0,
      "description": "serving"
    }
  ],
  "nutrients": [
    {
      "name": "Energy",
      "amount": 399.0
    },
    {
      "name": "Protein",
      "amount": 5.15
    },
    {
      "name": "Carbs",
      "amount": 65.23
    },
    {
      "name": "Fiber",
      "amount": 3.3
    },
    {
      "name": "Sugars",
      "amount": 9.58
    },
    {
      "name": "Fat",
      "amount": 14.09
    },
    {
      "name": "Water",
      "amount": 4.0
    },
    {
      "name": "Ash",
      "amount": 11.53
    },
    {
      "name": "Calcium",
      "amount": 114.0
    },
    {
      "name": "Iron",
      "amount": 0.58
    },
    {
      "name": "Sodium",
      "amount": 4051.0
    },
    {
      "name": "Vitamin A",
      "amount": 6.0
    },
    {
      "name": "Folate",
      "amount": 0.0
    },
    {
      "name": "B1 (Thiamine)",
      "amount": 0.077
    },
    {
      "name": "B2 (Riboflavin)",
      "amount": 0.15
    },
    {
      "name": "B3 (Niacin)",
      "amount": 1.495
    },
    {
      "name": "Vitamin C",
      "amount": 0.8
    },
    {
      "name": "Saturated",
      "amount": 2.083
    },
    {
      "name": "Cholesterol",
      "amount": 4.0
    }
  ],
  "foodSource": "usda",
  "foodType": "deprecated"
}