{
  "name": "Soup, LIPTON, CUP-A-SOUP SPRING VEGETABLE, Mix, Dry",
  "sourceUID": 6296,
  "legacyUID": 6296,
  "pCF": 4.0,
  "cCF": 4.0,
  "lCF": 9.0,
  "comments": [],
  "measures": [
    {
      "grams": 1.0,
      "amount": 1.0,
      "description": "g"
    },
    {
      "grams": 13.0,
      "amount": 1.0,
      "description": "envelope"
    }
  ],
  "nutrients": [
    {
      "name": "Energy",
      "amount": 361.0
    },
    {
      "name": "Protein",
      "amount": 13.26
    },
    {
      "name": "Carbs",
      "amount": 63.32
    },
    {
      "name": "Fiber",
      "amount": 5.0
    },
    {
      "name": "Sugars",
      "amount": 9.4
    },
    {
      "name": "Fat",
      "amount": 7.58
    },
    {
      "name": "Water",
      "amount": 4.0
    },
    {
      "name": "Ash",
      "amount": 11.84
    },
    {
      "name": "Calcium",
      "amount": 29.0
    },
    {
      "name": "Iron",
      "amount": 2.98
    },
    {
      "name": "Sodium",
      "amount": 3820.0
    },
    {
      "name": "Vitamin A",
      "amount": 13580.0
    },
    {
      "name": "Folate",
      "amount": 104.0
    },
    {
      "name": "B1 (Thiamine)",
      "amount": 0.633
    },
    {
      "name": "B2 (Riboflavin)",
      "amount": 0.313
    },
    {
      "name": "B3 (Niacin)",
      "amount": 4.767
    },
    {
      "name": "Vitamin C",
      "amount": 4.8
    },
    {
      "name": "Saturated",
      "amount": 1.632
    },
    {
      "name": "Cholesterol",
      "amount": 60.0
    }
  ],
  "foodSource": "usda",
  "foodType": "deprecated"
}