{
  "name": "Soup, LIPTON, CUP-A-SOUP CHICKEN FLAVOR VEGETABLE",
  "sourceUID": 6291,
  "legacyUID": 6291,
  "pCF": 4.0,
  "cCF": 4.0,
  "lCF": 9.0,
  "comments": [],
  "measures": [
    {
      "grams": 1.0,
      "amount": 1.0,
      "description": "g"
    },
    {
      "grams": 14.0,
      "amount": 1.0,
      "description": "serving"
    }
  ],
  "nutrients": [
    {
      "name": "Energy",
      "amount": 374.0
    },
    {
      "name": "Protein",
      "amount": 9.87
    },
    {
      "name": "Carbs",
      "amount": 68.85
    },
    {
      "name": "Fiber",
      "amount": 2.1
    },
    {
      "name": "Sugars",
      "amount": 2.84
    },
    {
      "name": "Fat",
      "amount": 7.4
    },
    {
      "name": "Water",
      "amount": 4.0
    },
    {
      "name": "Ash",
      "amount": 9.88
    },
    {
      "name": "Calcium",
      "amount": 42.0
    },
    {
      "name": "Iron",
      "amount": 2.82
    },
    {
      "name": "Sodium",
      "amount": 3703.0
    },
    {
      "name": "Vitamin A",
      "amount": 14450.0
    },
    {
      "name": "Folate",
      "amount": 95.0
    },
    {
      "name": "B1 (Thiamine)",
      "amount": 0.549
    },
    {
      "name": "B2 (Riboflavin)",
      "amount": 0.221
    },
    {
      "name": "B3 (Niacin)",
      "amount": 3.888
    },
    {
      "name": "Vitamin C",
      "amount": 3.5
    },
    {
      "name": "Saturated",
      "amount": 2.551
    },
    {
      "name": "Cholesterol",
      "amount": 69.0
    }
  ],
  "foodSource": "usda",
  "foodType": "deprecated"
}