{
  "name": "Soup, LIPTON, KETTLE CREATIONS HOMESTYLE LENTIL, Mix, Dry",
  "sourceUID": 6299,
  "legacyUID": 6299,
  "pCF": 4.0,
  "cCF": 4.0,
  "lCF": 9.0,
  "comments": [],
  "measures": [
    {
      "grams": 1.0,
      "amount": 1.0,
      "description": "g"
    },
    {
      "grams": 36.0,
      "amount": 1.0,
      "description": "serving"
    }
  ],
  "nutrients": [
    {
      "name": "Energy",
      "amount": 354.0
    },
    {
      "name": "Protein",
      "amount": 20.71
    },
    {
      "name": "Carbs",
      "amount": 62.49
    },
    {
      "name": "Fiber",
      "amount": 14.6
    },
    {
      "name": "Sugars",
      "amount": 3.25
    },
    {
      "name": "Fat",
      "amount": 3.29
    },
    {
      "name": "Water",
      "amount": 4.0
    },
    {
      "name": "Ash",
      "amount": 9.51
    },
    {
      "name": "Calcium",
      "amount": 22.0
    },
    {
      "name": "Iron",
      "amount": 5.05
    },
    {
      "name": "Sodium",
      "amount": 2092.0
    },
    {
      "name": "Vitamin A",
      "amount": 1297.0
    },
    {
      "name": "Folate",
      "amount": 80.0
    },
    {
      "name": "B1 (Thiamine)",
      "amount": 0.094
    },
    {
      "name": "B2 (Riboflavin)",
      "amount": 0.056
    },
    {
      "name": "B3 (Niacin)",
      "amount": 0.551
    },
    {
      "name": "Vitamin C",
      "amount": 3.2
    },
    {
      "name": "Saturated",
      "amount": 0.384
    },
    {
      "name": "Cholesterol",
      "amount": 0.0
    }
  ],
  "foodSource": "usda",
  "foodType": "deprecated"
}