{
  "name": "CAMPBELL'S, Chicken with Rice Soup, condensed",
  "sourceUID": 6309,
  "legacyUID": 6309,
  "pCF": 4.0,
  "cCF": 4.0,
  "lCF": 9.0,
  "comments": [],
  "measures": [
    {
      "grams": 1.0,
      "amount": 1.0,
      "description": "g"
    },
    {
      "grams": 126.0,
      "amount": 0.5,
      "description": "cup condensed"
    }
  ],
  "nutrients": [
    {
      "name": "Energy",
      "amount": 68.0
    },
    {
      "name": "Protein",
      "amount": 1.84
    },
    {
      "name": "Carbs",
      "amount": 11.28
    },
    {
      "name": "Fiber",
      "amount": 0.9
    },
    {
      "name": "Sugars",
      "amount": 0.23
    },
    {
      "name": "Fat",
      "amount": 1.64
    },
    {
      "name": "Water",
      "amount": 83.15
    },
    {
      "name": "Ash",
      "amount": 2.0
    },
    {
      "name": "Calcium",
      "amount": 41.0
    },
    {
      "name": "Iron",
      "amount": 0.25
    },
    {
      "name": "Magnesium",
      "amount": 10.0
    },
    {
      "name": "Phosphorus",
      "amount": 42.0
    },
    {
      "name": "Potassium",
      "amount": 34.0
    },
    {
      "name": "Sodium",
      "amount": 645.0
    },
    {
      "name": "Zinc",
      "amount": 0.18
    },
    {
      "name": "Vitamin A",
      "amount": 479.0
    },
    {
      "name": "Vitamin C",
      "amount": 0.0
    },
    {
      "name": "Saturated",
      "amount": 0.52
    },
    {
      "name": "Monounsaturated",
      "amount": 0.69
    },
    {
      "name": "Polyunsaturated",
      "amount": 0.37
    },
    {
      "name": "Trans-Fats",
      "amount": 0.01
    },
    {
      "name": "Cholesterol",
      "amount": 4.0
    }
  ],
  "foodSource": "usda",
  "foodType": "deprecated"
}