{
  "name": "Soup, LIPTON, RECIPE SECRETS VEGETABLE, Mix, Dry",
  "sourceUID": 6301,
  "legacyUID": 6301,
  "pCF": 4.0,
  "cCF": 4.0,
  "lCF": 9.0,
  "comments": [],
  "measures": [
    {
      "grams": 1.0,
      "amount": 1.0,
      "description": "g"
    },
    {
      "grams": 10.0,
      "amount": 1.0,
      "description": "serving"
    }
  ],
  "nutrients": [
    {
      "name": "Energy",
      "amount": 276.0
    },
    {
      "name": "Protein",
      "amount": 8.11
    },
    {
      "name": "Carbs",
      "amount": 64.71
    },
    {
      "name": "Fiber",
      "amount": 10.2
    },
    {
      "name": "Sugars",
      "amount": 19.92
    },
    {
      "name": "Fat",
      "amount": 2.32
    },
    {
      "name": "Water",
      "amount": 4.0
    },
    {
      "name": "Ash",
      "amount": 20.86
    },
    {
      "name": "Calcium",
      "amount": 196.0
    },
    {
      "name": "Iron",
      "amount": 3.24
    },
    {
      "name": "Sodium",
      "amount": 6028.0
    },
    {
      "name": "Vitamin A",
      "amount": 202.0
    },
    {
      "name": "Folate",
      "amount": 0.0
    },
    {
      "name": "B1 (Thiamine)",
      "amount": 0.163
    },
    {
      "name": "B2 (Riboflavin)",
      "amount": 0.189
    },
    {
      "name": "B3 (Niacin)",
      "amount": 1.332
    },
    {
      "name": "Vitamin C",
      "amount": 83.6
    },
    {
      "name": "Saturated",
      "amount": 0.395
    },
    {
      "name": "Cholesterol",
      "amount": 0.0
    }
  ],
  "foodSource": "usda",
  "foodType": "deprecated"
}