{
  "name": "Soup, LIPTON, KETTLE CREATIONS CHICKEN WITH PASTA & BEAN, Mix, Dry",
  "sourceUID": 6300,
  "legacyUID": 6300,
  "pCF": 4.0,
  "cCF": 4.0,
  "lCF": 9.0,
  "comments": [],
  "measures": [
    {
      "grams": 1.0,
      "amount": 1.0,
      "description": "g"
    },
    {
      "grams": 30.0,
      "amount": 1.0,
      "description": "serving"
    }
  ],
  "nutrients": [
    {
      "name": "Energy",
      "amount": 353.0
    },
    {
      "name": "Protein",
      "amount": 15.57
    },
    {
      "name": "Carbs",
      "amount": 64.71
    },
    {
      "name": "Fiber",
      "amount": 8.6
    },
    {
      "name": "Sugars",
      "amount": 4.69
    },
    {
      "name": "Fat",
      "amount": 4.29
    },
    {
      "name": "Water",
      "amount": 4.0
    },
    {
      "name": "Ash",
      "amount": 11.43
    },
    {
      "name": "Calcium",
      "amount": 125.0
    },
    {
      "name": "Iron",
      "amount": 3.65
    },
    {
      "name": "Sodium",
      "amount": 2329.0
    },
    {
      "name": "Vitamin A",
      "amount": 1551.0
    },
    {
      "name": "Folate",
      "amount": 98.0
    },
    {
      "name": "B1 (Thiamine)",
      "amount": 0.683
    },
    {
      "name": "B2 (Riboflavin)",
      "amount": 0.461
    },
    {
      "name": "B3 (Niacin)",
      "amount": 5.264
    },
    {
      "name": "Vitamin C",
      "amount": 5.6
    },
    {
      "name": "Saturated",
      "amount": 0.924
    },
    {
      "name": "Cholesterol",
      "amount": 19.0
    }
  ],
  "foodSource": "usda",
  "foodType": "deprecated"
}