{
  "name": "Soup, LIPTON, RECIPE SECRETS SAVORY HERB WITH GARLIC, Mix, Dry",
  "sourceUID": 6305,
  "legacyUID": 6305,
  "pCF": 4.0,
  "cCF": 4.0,
  "lCF": 9.0,
  "comments": [],
  "measures": [
    {
      "grams": 1.0,
      "amount": 1.0,
      "description": "g"
    },
    {
      "grams": 9.0,
      "amount": 1.0,
      "description": "serving"
    }
  ],
  "nutrients": [
    {
      "name": "Energy",
      "amount": 343.0
    },
    {
      "name": "Protein",
      "amount": 10.54
    },
    {
      "name": "Carbs",
      "amount": 67.09
    },
    {
      "name": "Fiber",
      "amount": 3.2
    },
    {
      "name": "Sugars",
      "amount": 6.12
    },
    {
      "name": "Fat",
      "amount": 4.42
    },
    {
      "name": "Water",
      "amount": 4.0
    },
    {
      "name": "Ash",
      "amount": 13.95
    },
    {
      "name": "Calcium",
      "amount": 77.0
    },
    {
      "name": "Iron",
      "amount": 1.98
    },
    {
      "name": "Sodium",
      "amount": 5299.0
    },
    {
      "name": "Vitamin A",
      "amount": 493.0
    },
    {
      "name": "Folate",
      "amount": 0.0
    },
    {
      "name": "B1 (Thiamine)",
      "amount": 0.3
    },
    {
      "name": "B2 (Riboflavin)",
      "amount": 0.35
    },
    {
      "name": "B3 (Niacin)",
      "amount": 3.36
    },
    {
      "name": "Vitamin C",
      "amount": 18.4
    },
    {
      "name": "Saturated",
      "amount": 1.06
    },
    {
      "name": "Cholesterol",
      "amount": 16.0
    }
  ],
  "foodSource": "usda",
  "foodType": "deprecated"
}