{
  "name": "Soup, LIPTON, RECIPE SECRETS ONION MUSHROOM, Mix, Dry",
  "sourceUID": 6302,
  "legacyUID": 6302,
  "pCF": 4.0,
  "cCF": 4.0,
  "lCF": 9.0,
  "comments": [],
  "measures": [
    {
      "grams": 1.0,
      "amount": 1.0,
      "description": "g"
    },
    {
      "grams": 10.0,
      "amount": 1.0,
      "description": "serving"
    }
  ],
  "nutrients": [
    {
      "name": "Energy",
      "amount": 322.0
    },
    {
      "name": "Protein",
      "amount": 8.42
    },
    {
      "name": "Carbs",
      "amount": 57.45
    },
    {
      "name": "Fiber",
      "amount": 3.2
    },
    {
      "name": "Sugars",
      "amount": 0.58
    },
    {
      "name": "Fat",
      "amount": 7.86
    },
    {
      "name": "Water",
      "amount": 4.0
    },
    {
      "name": "Ash",
      "amount": 22.26
    },
    {
      "name": "Calcium",
      "amount": 101.0
    },
    {
      "name": "Iron",
      "amount": 1.24
    },
    {
      "name": "Sodium",
      "amount": 6257.0
    },
    {
      "name": "Vitamin A",
      "amount": 0.0
    },
    {
      "name": "Folate",
      "amount": 0.0
    },
    {
      "name": "B1 (Thiamine)",
      "amount": 2.053
    },
    {
      "name": "B2 (Riboflavin)",
      "amount": 0.214
    },
    {
      "name": "B3 (Niacin)",
      "amount": 3.029
    },
    {
      "name": "Vitamin C",
      "amount": 5.2
    },
    {
      "name": "Saturated",
      "amount": 1.069
    },
    {
      "name": "Cholesterol",
      "amount": 0.0
    }
  ],
  "foodSource": "usda",
  "foodType": "deprecated"
}