{
  "name": "Sauce, KRAFT Barbecue Sauce Hickory Smoke",
  "sourceUID": 6308,
  "legacyUID": 6308,
  "pCF": 4.0,
  "cCF": 4.0,
  "lCF": 9.0,
  "comments": [],
  "measures": [
    {
      "grams": 1.0,
      "amount": 1.0,
      "description": "g"
    },
    {
      "grams": 34.0,
      "amount": 2.0,
      "description": "tbsp"
    }
  ],
  "nutrients": [
    {
      "name": "Energy",
      "amount": 116.0
    },
    {
      "name": "Protein",
      "amount": 0.5
    },
    {
      "name": "Carbs",
      "amount": 26.2
    },
    {
      "name": "Fiber",
      "amount": 0.9
    },
    {
      "name": "Sugars",
      "amount": 21.7
    },
    {
      "name": "Fat",
      "amount": 0.3
    },
    {
      "name": "Water",
      "amount": 67.6
    },
    {
      "name": "Ash",
      "amount": 3.4
    },
    {
      "name": "Calcium",
      "amount": 15.0
    },
    {
      "name": "Iron",
      "amount": 0.62
    },
    {
      "name": "Phosphorus",
      "amount": 9.0
    },
    {
      "name": "Potassium",
      "amount": 81.0
    },
    {
      "name": "Sodium",
      "amount": 1228.0
    },
    {
      "name": "Vitamin A",
      "amount": 336.0
    },
    {
      "name": "Vitamin C",
      "amount": 0.2
    },
    {
      "name": "Saturated",
      "amount": 0.0
    },
    {
      "name": "Cholesterol",
      "amount": 0.0
    }
  ],
  "foodSource": "usda",
  "foodType": "deprecated"
}