{
  "name": "Gravy, CAMPBELL'S, country style cream",
  "sourceUID": 6318,
  "legacyUID": 6318,
  "pCF": 4.0,
  "cCF": 4.0,
  "lCF": 9.0,
  "comments": [],
  "measures": [
    {
      "grams": 1.0,
      "amount": 1.0,
      "description": "g"
    },
    {
      "grams": 59.0,
      "amount": 0.25,
      "description": "cup"
    }
  ],
  "nutrients": [
    {
      "name": "Energy",
      "amount": 76.0
    },
    {
      "name": "Protein",
      "amount": 1.69
    },
    {
      "name": "Carbs",
      "amount": 5.08
    },
    {
      "name": "Fiber",
      "amount": 0.0
    },
    {
      "name": "Sugars",
      "amount": 1.69
    },
    {
      "name": "Fat",
      "amount": 5.08
    },
    {
      "name": "Water",
      "amount": 86.8
    },
    {
      "name": "Ash",
      "amount": 1.34
    },
    {
      "name": "Calcium",
      "amount": 0.0
    },
    {
      "name": "Iron",
      "amount": 0.0
    },
    {
      "name": "Sodium",
      "amount": 322.0
    },
    {
      "name": "Vitamin A",
      "amount": 0.0
    },
    {
      "name": "Vitamin C",
      "amount": 0.0
    },
    {
      "name": "Saturated",
      "amount": 1.695
    },
    {
      "name": "Trans-Fats",
      "amount": 0.0
    },
    {
      "name": "Cholesterol",
      "amount": 8.0
    }
  ],
  "foodSource": "usda",
  "foodType": "deprecated"
}