{
  "name": "Gravy, CAMPBELL'S, beef, fat free",
  "sourceUID": 6317,
  "legacyUID": 6317,
  "pCF": 4.0,
  "cCF": 4.0,
  "lCF": 9.0,
  "comments": [],
  "measures": [
    {
      "grams": 1.0,
      "amount": 1.0,
      "description": "g"
    },
    {
      "grams": 59.0,
      "amount": 0.25,
      "description": "cup"
    }
  ],
  "nutrients": [
    {
      "name": "Energy",
      "amount": 25.0
    },
    {
      "name": "Protein",
      "amount": 1.69
    },
    {
      "name": "Carbs",
      "amount": 5.08
    },
    {
      "name": "Fiber",
      "amount": 0.0
    },
    {
      "name": "Fat",
      "amount": 0.0
    },
    {
      "name": "Water",
      "amount": 91.1
    },
    {
      "name": "Ash",
      "amount": 2.2
    },
    {
      "name": "Sodium",
      "amount": 508.0
    },
    {
      "name": "Saturated",
      "amount": 0.0
    },
    {
      "name": "Trans-Fats",
      "amount": 0.0
    },
    {
      "name": "Cholesterol",
      "amount": 0.0
    }
  ],
  "foodSource": "usda",
  "foodType": "deprecated"
}