{
  "name": "Gravy, CAMPBELL'S, country style sausage",
  "sourceUID": 6319,
  "legacyUID": 6319,
  "pCF": 4.0,
  "cCF": 4.0,
  "lCF": 9.0,
  "comments": [],
  "measures": [
    {
      "grams": 1.0,
      "amount": 1.0,
      "description": "g"
    },
    {
      "grams": 59.0,
      "amount": 0.25,
      "description": "cup"
    }
  ],
  "nutrients": [
    {
      "name": "Energy",
      "amount": 119.0
    },
    {
      "name": "Protein",
      "amount": 3.39
    },
    {
      "name": "Carbs",
      "amount": 5.08
    },
    {
      "name": "Fiber",
      "amount": 0.0
    },
    {
      "name": "Sugars",
      "amount": 1.69
    },
    {
      "name": "Fat",
      "amount": 10.17
    },
    {
      "name": "Water",
      "amount": 78.3
    },
    {
      "name": "Ash",
      "amount": 3.06
    },
    {
      "name": "Calcium",
      "amount": 0.0
    },
    {
      "name": "Iron",
      "amount": 0.0
    },
    {
      "name": "Sodium",
      "amount": 458.0
    },
    {
      "name": "Vitamin A",
      "amount": 0.0
    },
    {
      "name": "Vitamin C",
      "amount": 0.0
    },
    {
      "name": "Saturated",
      "amount": 2.542
    },
    {
      "name": "Trans-Fats",
      "amount": 0.0
    },
    {
      "name": "Cholesterol",
      "amount": 17.0
    }
  ],
  "foodSource": "usda",
  "foodType": "deprecated"
}