{
  "name": "CAMPBELL'S Red and White, Cream of Asparagus Soup, condensed",
  "sourceUID": 6312,
  "legacyUID": 6312,
  "pCF": 4.0,
  "cCF": 4.0,
  "lCF": 9.0,
  "comments": [],
  "measures": [
    {
      "grams": 1.0,
      "amount": 1.0,
      "description": "g"
    },
    {
      "grams": 124.0,
      "amount": 1.0,
      "description": "serving 1/2 cup"
    }
  ],
  "nutrients": [
    {
      "name": "Energy",
      "amount": 89.0
    },
    {
      "name": "Protein",
      "amount": 1.61
    },
    {
      "name": "Carbs",
      "amount": 7.26
    },
    {
      "name": "Fiber",
      "amount": 2.4
    },
    {
      "name": "Sugars",
      "amount": 1.61
    },
    {
      "name": "Fat",
      "amount": 5.65
    },
    {
      "name": "Water",
      "amount": 83.9
    },
    {
      "name": "Ash",
      "amount": 1.58
    },
    {
      "name": "Calcium",
      "amount": 0.0
    },
    {
      "name": "Potassium",
      "amount": 56.0
    },
    {
      "name": "Sodium",
      "amount": 669.0
    },
    {
      "name": "Vitamin A",
      "amount": 161.0
    },
    {
      "name": "Vitamin C",
      "amount": 0.0
    },
    {
      "name": "Saturated",
      "amount": 1.613
    },
    {
      "name": "Monounsaturated",
      "amount": 0.806
    },
    {
      "name": "Polyunsaturated",
      "amount": 3.226
    },
    {
      "name": "Trans-Fats",
      "amount": 0.0
    },
    {
      "name": "Cholesterol",
      "amount": 4.0
    }
  ],
  "foodSource": "usda",
  "foodType": "deprecated"
}