{
  "name": "Gravy, FRANCO-AMERICAN, beef, slow roast, fat free",
  "sourceUID": 6327,
  "legacyUID": 6327,
  "pCF": 4.0,
  "cCF": 4.0,
  "lCF": 9.0,
  "comments": [],
  "measures": [
    {
      "grams": 1.0,
      "amount": 1.0,
      "description": "g"
    },
    {
      "grams": 59.0,
      "amount": 0.25,
      "description": "cup"
    }
  ],
  "nutrients": [
    {
      "name": "Energy",
      "amount": 34.0
    },
    {
      "name": "Protein",
      "amount": 1.69
    },
    {
      "name": "Carbs",
      "amount": 5.08
    },
    {
      "name": "Fat",
      "amount": 0.0
    },
    {
      "name": "Water",
      "amount": 89.6
    },
    {
      "name": "Ash",
      "amount": 3.62
    },
    {
      "name": "Sodium",
      "amount": 508.0
    },
    {
      "name": "Saturated",
      "amount": 0.0
    },
    {
      "name": "Cholesterol",
      "amount": 8.0
    }
  ],
  "foodSource": "usda",
  "foodType": "deprecated"
}