{
  "name": "Gravy, FRANCO-AMERICAN, chicken, slow roast, fat free",
  "sourceUID": 6328,
  "legacyUID": 6328,
  "pCF": 4.0,
  "cCF": 4.0,
  "lCF": 9.0,
  "comments": [],
  "measures": [
    {
      "grams": 1.0,
      "amount": 1.0,
      "description": "g"
    },
    {
      "grams": 59.0,
      "amount": 0.25,
      "description": "cup"
    }
  ],
  "nutrients": [
    {
      "name": "Energy",
      "amount": 34.0
    },
    {
      "name": "Protein",
      "amount": 1.69
    },
    {
      "name": "Carbs",
      "amount": 6.78
    },
    {
      "name": "Fat",
      "amount": 0.0
    },
    {
      "name": "Water",
      "amount": 91.2
    },
    {
      "name": "Ash",
      "amount": 0.33
    },
    {
      "name": "Sodium",
      "amount": 424.0
    },
    {
      "name": "Vitamin A",
      "amount": 169.0
    },
    {
      "name": "Saturated",
      "amount": 0.0
    },
    {
      "name": "Cholesterol",
      "amount": 8.0
    }
  ],
  "foodSource": "usda",
  "foodType": "deprecated"
}