{
  "name": "Gravy, CAMPBELL'S, turkey, fat free",
  "sourceUID": 6323,
  "legacyUID": 6323,
  "pCF": 4.0,
  "cCF": 4.0,
  "lCF": 9.0,
  "comments": [],
  "measures": [
    {
      "grams": 1.0,
      "amount": 1.0,
      "description": "g"
    },
    {
      "grams": 60.0,
      "amount": 0.25,
      "description": "cup"
    }
  ],
  "nutrients": [
    {
      "name": "Energy",
      "amount": 33.0
    },
    {
      "name": "Protein",
      "amount": 1.67
    },
    {
      "name": "Carbs",
      "amount": 6.67
    },
    {
      "name": "Fat",
      "amount": 0.0
    },
    {
      "name": "Water",
      "amount": 90.6
    },
    {
      "name": "Ash",
      "amount": 1.07
    },
    {
      "name": "Sodium",
      "amount": 483.0
    },
    {
      "name": "Saturated",
      "amount": 0.0
    },
    {
      "name": "Cholesterol",
      "amount": 8.0
    }
  ],
  "foodSource": "usda",
  "foodType": "deprecated"
}