{
  "name": "Gravy, CAMPBELL'S, mushroom",
  "sourceUID": 6322,
  "legacyUID": 6322,
  "pCF": 4.0,
  "cCF": 4.0,
  "lCF": 9.0,
  "comments": [],
  "measures": [
    {
      "grams": 1.0,
      "amount": 1.0,
      "description": "g"
    },
    {
      "grams": 59.0,
      "amount": 0.25,
      "description": "cup"
    }
  ],
  "nutrients": [
    {
      "name": "Energy",
      "amount": 34.0
    },
    {
      "name": "Protein",
      "amount": 0.0
    },
    {
      "name": "Carbs",
      "amount": 5.08
    },
    {
      "name": "Sugars",
      "amount": 1.69
    },
    {
      "name": "Fat",
      "amount": 1.69
    },
    {
      "name": "Water",
      "amount": 91.9
    },
    {
      "name": "Ash",
      "amount": 1.32
    },
    {
      "name": "Sodium",
      "amount": 475.0
    },
    {
      "name": "Saturated",
      "amount": 0.0
    },
    {
      "name": "Cholesterol",
      "amount": 8.0
    }
  ],
  "foodSource": "usda",
  "foodType": "deprecated"
}