{
  "name": "CAMPBELL'S Red and White, Cream of Broccoli Soup, condensed",
  "sourceUID": 6333,
  "legacyUID": 6333,
  "pCF": 4.0,
  "cCF": 4.0,
  "lCF": 9.0,
  "comments": [],
  "measures": [
    {
      "grams": 1.0,
      "amount": 1.0,
      "description": "g"
    },
    {
      "grams": 124.0,
      "amount": 1.0,
      "description": "serving 1/2 cup"
    }
  ],
  "nutrients": [
    {
      "name": "Energy",
      "amount": 73.0
    },
    {
      "name": "Protein",
      "amount": 1.61
    },
    {
      "name": "Carbs",
      "amount": 9.68
    },
    {
      "name": "Fiber",
      "amount": 0.8
    },
    {
      "name": "Sugars",
      "amount": 2.42
    },
    {
      "name": "Fat",
      "amount": 4.03
    },
    {
      "name": "Water",
      "amount": 84.8
    },
    {
      "name": "Ash",
      "amount": 0.3
    },
    {
      "name": "Calcium",
      "amount": 16.0
    },
    {
      "name": "Iron",
      "amount": 0.29
    },
    {
      "name": "Potassium",
      "amount": 77.0
    },
    {
      "name": "Sodium",
      "amount": 605.0
    },
    {
      "name": "Vitamin A",
      "amount": 242.0
    },
    {
      "name": "Vitamin C",
      "amount": 1.0
    },
    {
      "name": "Saturated",
      "amount": 1.21
    },
    {
      "name": "Monounsaturated",
      "amount": 0.806
    },
    {
      "name": "Polyunsaturated",
      "amount": 2.016
    },
    {
      "name": "Trans-Fats",
      "amount": 0.0
    },
    {
      "name": "Cholesterol",
      "amount": 4.0
    }
  ],
  "foodSource": "usda",
  "foodType": "deprecated"
}