{
  "name": "CAMPBELL'S, Cream of Chicken with Herbs Soup, condensed",
  "sourceUID": 6337,
  "legacyUID": 6337,
  "pCF": 4.0,
  "cCF": 4.0,
  "lCF": 9.0,
  "comments": [],
  "measures": [
    {
      "grams": 1.0,
      "amount": 1.0,
      "description": "g"
    },
    {
      "grams": 124.0,
      "amount": 0.5,
      "description": "cup condensed"
    }
  ],
  "nutrients": [
    {
      "name": "Energy",
      "amount": 65.0
    },
    {
      "name": "Protein",
      "amount": 1.61
    },
    {
      "name": "Carbs",
      "amount": 7.26
    },
    {
      "name": "Fiber",
      "amount": 0.0
    },
    {
      "name": "Sugars",
      "amount": 0.81
    },
    {
      "name": "Fat",
      "amount": 3.23
    },
    {
      "name": "Water",
      "amount": 84.3
    },
    {
      "name": "Ash",
      "amount": 3.6
    },
    {
      "name": "Calcium",
      "amount": 0.0
    },
    {
      "name": "Sodium",
      "amount": 645.0
    },
    {
      "name": "Vitamin A",
      "amount": 403.0
    },
    {
      "name": "Vitamin C",
      "amount": 0.0
    },
    {
      "name": "Saturated",
      "amount": 1.21
    },
    {
      "name": "Monounsaturated",
      "amount": 1.21
    },
    {
      "name": "Polyunsaturated",
      "amount": 0.806
    },
    {
      "name": "Trans-Fats",
      "amount": 0.0
    },
    {
      "name": "Cholesterol",
      "amount": 8.0
    }
  ],
  "foodSource": "usda",
  "foodType": "deprecated"
}