{
  "name": "CAMPBELL'S, Cream of Chicken Soup, condensed",
  "sourceUID": 6336,
  "legacyUID": 6336,
  "pCF": 4.0,
  "cCF": 4.0,
  "lCF": 9.0,
  "comments": [],
  "measures": [
    {
      "grams": 1.0,
      "amount": 1.0,
      "description": "g"
    },
    {
      "grams": 124.0,
      "amount": 0.5,
      "description": "cup condensed"
    }
  ],
  "nutrients": [
    {
      "name": "Energy",
      "amount": 103.0
    },
    {
      "name": "Protein",
      "amount": 1.76
    },
    {
      "name": "Carbs",
      "amount": 6.03
    },
    {
      "name": "Fiber",
      "amount": 4.1
    },
    {
      "name": "Sugars",
      "amount": 0.33
    },
    {
      "name": "Fat",
      "amount": 7.98
    },
    {
      "name": "Water",
      "amount": 82.45
    },
    {
      "name": "Ash",
      "amount": 1.75
    },
    {
      "name": "Calcium",
      "amount": 13.0
    },
    {
      "name": "Iron",
      "amount": 0.27
    },
    {
      "name": "Magnesium",
      "amount": 4.0
    },
    {
      "name": "Phosphorus",
      "amount": 28.0
    },
    {
      "name": "Potassium",
      "amount": 49.0
    },
    {
      "name": "Sodium",
      "amount": 624.0
    },
    {
      "name": "Zinc",
      "amount": 0.14
    },
    {
      "name": "Vitamin A",
      "amount": 197.0
    },
    {
      "name": "Vitamin C",
      "amount": 0.0
    },
    {
      "name": "Saturated",
      "amount": 2.11
    },
    {
      "name": "Monounsaturated",
      "amount": 3.75
    },
    {
      "name": "Polyunsaturated",
      "amount": 1.74
    },
    {
      "name": "Trans-Fats",
      "amount": 0.01
    },
    {
      "name": "Cholesterol",
      "amount": 9.0
    }
  ],
  "foodSource": "usda",
  "foodType": "deprecated"
}