{
  "name": "Gravy, FRANCO-AMERICAN, turkey, slow roast",
  "sourceUID": 6331,
  "legacyUID": 6331,
  "pCF": 4.0,
  "cCF": 4.0,
  "lCF": 9.0,
  "comments": [],
  "measures": [
    {
      "grams": 1.0,
      "amount": 1.0,
      "description": "g"
    },
    {
      "grams": 59.0,
      "amount": 0.25,
      "description": "cup"
    }
  ],
  "nutrients": [
    {
      "name": "Energy",
      "amount": 42.0
    },
    {
      "name": "Protein",
      "amount": 1.69
    },
    {
      "name": "Carbs",
      "amount": 6.78
    },
    {
      "name": "Fat",
      "amount": 0.85
    },
    {
      "name": "Water",
      "amount": 88.6
    },
    {
      "name": "Ash",
      "amount": 2.08
    },
    {
      "name": "Sodium",
      "amount": 542.0
    },
    {
      "name": "Saturated",
      "amount": 0.0
    },
    {
      "name": "Cholesterol",
      "amount": 8.0
    }
  ],
  "foodSource": "usda",
  "foodType": "deprecated"
}