{
  "name": "CAMPBELL'S Red and White, Cream of Celery Soup, condensed",
  "sourceUID": 6334,
  "legacyUID": 6334,
  "pCF": 4.0,
  "cCF": 4.0,
  "lCF": 9.0,
  "comments": [],
  "measures": [
    {
      "grams": 1.0,
      "amount": 1.0,
      "description": "g"
    },
    {
      "grams": 124.0,
      "amount": 1.0,
      "description": "serving 1/2 cup"
    }
  ],
  "nutrients": [
    {
      "name": "Energy",
      "amount": 73.0
    },
    {
      "name": "Protein",
      "amount": 0.81
    },
    {
      "name": "Carbs",
      "amount": 7.26
    },
    {
      "name": "Fiber",
      "amount": 2.4
    },
    {
      "name": "Sugars",
      "amount": 0.81
    },
    {
      "name": "Fat",
      "amount": 4.84
    },
    {
      "name": "Water",
      "amount": 84.4
    },
    {
      "name": "Ash",
      "amount": 2.7
    },
    {
      "name": "Calcium",
      "amount": 16.0
    },
    {
      "name": "Iron",
      "amount": 0.0
    },
    {
      "name": "Potassium",
      "amount": 460.0
    },
    {
      "name": "Sodium",
      "amount": 516.0
    },
    {
      "name": "Vitamin A",
      "amount": 242.0
    },
    {
      "name": "Vitamin C",
      "amount": 0.0
    },
    {
      "name": "Saturated",
      "amount": 0.806
    },
    {
      "name": "Monounsaturated",
      "amount": 2.823
    },
    {
      "name": "Polyunsaturated",
      "amount": 1.21
    },
    {
      "name": "Trans-Fats",
      "amount": 0.0
    },
    {
      "name": "Cholesterol",
      "amount": 4.0
    }
  ],
  "foodSource": "usda",
  "foodType": "deprecated"
}