{
  "name": "CAMPBELL'S Red and White, Cream of Shrimp Soup, condensed",
  "sourceUID": 6342,
  "legacyUID": 6342,
  "pCF": 4.0,
  "cCF": 4.0,
  "lCF": 9.0,
  "comments": [],
  "measures": [
    {
      "grams": 1.0,
      "amount": 1.0,
      "description": "g"
    },
    {
      "grams": 124.0,
      "amount": 1.0,
      "description": "serving 1/ 2 cup"
    }
  ],
  "nutrients": [
    {
      "name": "Energy",
      "amount": 81.0
    },
    {
      "name": "Protein",
      "amount": 2.42
    },
    {
      "name": "Carbs",
      "amount": 6.45
    },
    {
      "name": "Fiber",
      "amount": 0.0
    },
    {
      "name": "Sugars",
      "amount": 0.0
    },
    {
      "name": "Fat",
      "amount": 4.84
    },
    {
      "name": "Water",
      "amount": 85.8
    },
    {
      "name": "Ash",
      "amount": 0.5
    },
    {
      "name": "Calcium",
      "amount": 0.0
    },
    {
      "name": "Iron",
      "amount": 0.0
    },
    {
      "name": "Potassium",
      "amount": 24.0
    },
    {
      "name": "Sodium",
      "amount": 694.0
    },
    {
      "name": "Vitamin A",
      "amount": 0.0
    },
    {
      "name": "Vitamin C",
      "amount": 0.0
    },
    {
      "name": "Saturated",
      "amount": 1.613
    },
    {
      "name": "Monounsaturated",
      "amount": 0.806
    },
    {
      "name": "Polyunsaturated",
      "amount": 2.419
    },
    {
      "name": "Trans-Fats",
      "amount": 0.0
    },
    {
      "name": "Cholesterol",
      "amount": 16.0
    }
  ],
  "foodSource": "usda",
  "foodType": "deprecated"
}