{
  "name": "CAMPBELL'S, Cream of Potato Soup, condensed",
  "sourceUID": 6341,
  "legacyUID": 6341,
  "pCF": 4.0,
  "cCF": 4.0,
  "lCF": 9.0,
  "comments": [],
  "measures": [
    {
      "grams": 1.0,
      "amount": 1.0,
      "description": "g"
    },
    {
      "grams": 124.0,
      "amount": 0.5,
      "description": "cup condensed"
    }
  ],
  "nutrients": [
    {
      "name": "Energy",
      "amount": 71.0
    },
    {
      "name": "Protein",
      "amount": 1.51
    },
    {
      "name": "Carbs",
      "amount": 13.25
    },
    {
      "name": "Fiber",
      "amount": 1.3
    },
    {
      "name": "Sugars",
      "amount": 1.44
    },
    {
      "name": "Fat",
      "amount": 1.35
    },
    {
      "name": "Water",
      "amount": 82.0
    },
    {
      "name": "Ash",
      "amount": 1.82
    },
    {
      "name": "Calcium",
      "amount": 17.0
    },
    {
      "name": "Iron",
      "amount": 0.34
    },
    {
      "name": "Magnesium",
      "amount": 13.0
    },
    {
      "name": "Phosphorus",
      "amount": 41.0
    },
    {
      "name": "Potassium",
      "amount": 165.0
    },
    {
      "name": "Sodium",
      "amount": 604.0
    },
    {
      "name": "Zinc",
      "amount": 0.15
    },
    {
      "name": "Vitamin A",
      "amount": 0.0
    },
    {
      "name": "Vitamin C",
      "amount": 0.2
    },
    {
      "name": "Saturated",
      "amount": 0.34
    },
    {
      "name": "Monounsaturated",
      "amount": 0.28
    },
    {
      "name": "Polyunsaturated",
      "amount": 0.63
    },
    {
      "name": "Trans-Fats",
      "amount": 0.01
    },
    {
      "name": "Cholesterol",
      "amount": 1.0
    }
  ],
  "foodSource": "usda",
  "foodType": "deprecated"
}