{
  "name": "CAMPBELL'S Red and White, Creamy Chicken Noodle Soup, condensed",
  "sourceUID": 6343,
  "legacyUID": 6343,
  "pCF": 4.0,
  "cCF": 4.0,
  "lCF": 9.0,
  "comments": [],
  "measures": [
    {
      "grams": 1.0,
      "amount": 1.0,
      "description": "g"
    },
    {
      "grams": 124.0,
      "amount": 1.0,
      "description": "serving 1/2 cup"
    }
  ],
  "nutrients": [
    {
      "name": "Energy",
      "amount": 97.0
    },
    {
      "name": "Protein",
      "amount": 3.23
    },
    {
      "name": "Carbs",
      "amount": 8.87
    },
    {
      "name": "Fiber",
      "amount": 3.2
    },
    {
      "name": "Sugars",
      "amount": 0.81
    },
    {
      "name": "Fat",
      "amount": 5.65
    },
    {
      "name": "Water",
      "amount": 79.1
    },
    {
      "name": "Ash",
      "amount": 3.16
    },
    {
      "name": "Calcium",
      "amount": 16.0
    },
    {
      "name": "Iron",
      "amount": 0.29
    },
    {
      "name": "Potassium",
      "amount": 56.0
    },
    {
      "name": "Sodium",
      "amount": 702.0
    },
    {
      "name": "Vitamin A",
      "amount": 806.0
    },
    {
      "name": "Vitamin C",
      "amount": 0.0
    },
    {
      "name": "Saturated",
      "amount": 1.21
    },
    {
      "name": "Monounsaturated",
      "amount": 1.21
    },
    {
      "name": "Polyunsaturated",
      "amount": 2.419
    },
    {
      "name": "Trans-Fats",
      "amount": 0.0
    },
    {
      "name": "Cholesterol",
      "amount": 12.0
    }
  ],
  "foodSource": "usda",
  "foodType": "deprecated"
}