{
  "name": "CAMPBELL'S Red and White, Cream of Onion Soup, condensed",
  "sourceUID": 6340,
  "legacyUID": 6340,
  "pCF": 4.0,
  "cCF": 4.0,
  "lCF": 9.0,
  "comments": [],
  "measures": [
    {
      "grams": 1.0,
      "amount": 1.0,
      "description": "g"
    },
    {
      "grams": 124.0,
      "amount": 1.0,
      "description": "serving 1/2 cup"
    }
  ],
  "nutrients": [
    {
      "name": "Energy",
      "amount": 81.0
    },
    {
      "name": "Protein",
      "amount": 0.81
    },
    {
      "name": "Carbs",
      "amount": 8.06
    },
    {
      "name": "Fiber",
      "amount": 2.4
    },
    {
      "name": "Sugars",
      "amount": 3.23
    },
    {
      "name": "Fat",
      "amount": 4.84
    },
    {
      "name": "Water",
      "amount": 82.2
    },
    {
      "name": "Ash",
      "amount": 4.09
    },
    {
      "name": "Calcium",
      "amount": 0.0
    },
    {
      "name": "Iron",
      "amount": 0.0
    },
    {
      "name": "Potassium",
      "amount": 48.0
    },
    {
      "name": "Sodium",
      "amount": 645.0
    },
    {
      "name": "Vitamin A",
      "amount": 161.0
    },
    {
      "name": "Vitamin C",
      "amount": 0.0
    },
    {
      "name": "Saturated",
      "amount": 1.21
    },
    {
      "name": "Monounsaturated",
      "amount": 1.21
    },
    {
      "name": "Polyunsaturated",
      "amount": 2.419
    },
    {
      "name": "Trans-Fats",
      "amount": 0.0
    },
    {
      "name": "Cholesterol",
      "amount": 4.0
    }
  ],
  "foodSource": "usda",
  "foodType": "deprecated"
}