{
  "name": "CAMPBELL'S Red and White, Curly Noodle Soup, condensed",
  "sourceUID": 6346,
  "legacyUID": 6346,
  "pCF": 4.0,
  "cCF": 4.0,
  "lCF": 9.0,
  "comments": [],
  "measures": [
    {
      "grams": 1.0,
      "amount": 1.0,
      "description": "g"
    },
    {
      "grams": 126.0,
      "amount": 1.0,
      "description": "serving 1/2 cup"
    }
  ],
  "nutrients": [
    {
      "name": "Energy",
      "amount": 63.0
    },
    {
      "name": "Protein",
      "amount": 3.17
    },
    {
      "name": "Carbs",
      "amount": 8.73
    },
    {
      "name": "Fiber",
      "amount": 0.8
    },
    {
      "name": "Sugars",
      "amount": 0.79
    },
    {
      "name": "Fat",
      "amount": 1.59
    },
    {
      "name": "Water",
      "amount": 85.4
    },
    {
      "name": "Ash",
      "amount": 1.11
    },
    {
      "name": "Calcium",
      "amount": 16.0
    },
    {
      "name": "Iron",
      "amount": 0.57
    },
    {
      "name": "Sodium",
      "amount": 381.0
    },
    {
      "name": "Vitamin A",
      "amount": 595.0
    },
    {
      "name": "Vitamin C",
      "amount": 0.0
    },
    {
      "name": "Saturated",
      "amount": 0.397
    },
    {
      "name": "Trans-Fats",
      "amount": 0.0
    },
    {
      "name": "Cholesterol",
      "amount": 12.0
    }
  ],
  "foodSource": "usda",
  "foodType": "deprecated"
}