{
  "name": "CAMPBELL'S Red and White, GOLDFISH Pasta with Chicken in Chicken Broth, condensed",
  "sourceUID": 6357,
  "legacyUID": 6357,
  "pCF": 4.0,
  "cCF": 4.0,
  "lCF": 9.0,
  "comments": [],
  "measures": [
    {
      "grams": 1.0,
      "amount": 1.0,
      "description": "g"
    },
    {
      "grams": 126.0,
      "amount": 1.0,
      "description": "serving 1/2 cup"
    }
  ],
  "nutrients": [
    {
      "name": "Energy",
      "amount": 63.0
    },
    {
      "name": "Protein",
      "amount": 2.38
    },
    {
      "name": "Carbs",
      "amount": 9.52
    },
    {
      "name": "Fiber",
      "amount": 0.8
    },
    {
      "name": "Sugars",
      "amount": 0.79
    },
    {
      "name": "Fat",
      "amount": 1.59
    },
    {
      "name": "Water",
      "amount": 85.7
    },
    {
      "name": "Ash",
      "amount": 0.8
    },
    {
      "name": "Iron",
      "amount": 0.29
    },
    {
      "name": "Potassium",
      "amount": 429.0
    },
    {
      "name": "Sodium",
      "amount": 381.0
    },
    {
      "name": "Vitamin A",
      "amount": 397.0
    },
    {
      "name": "Vitamin C",
      "amount": 0.0
    },
    {
      "name": "Saturated",
      "amount": 0.397
    },
    {
      "name": "Monounsaturated",
      "amount": 0.794
    },
    {
      "name": "Polyunsaturated",
      "amount": 0.397
    },
    {
      "name": "Trans-Fats",
      "amount": 0.0
    },
    {
      "name": "Cholesterol",
      "amount": 4.0
    }
  ],
  "foodSource": "usda",
  "foodType": "deprecated"
}