{
  "name": "CAMPBELL'S Red and White, Golden Mushroom Soup, condensed",
  "sourceUID": 6355,
  "legacyUID": 6355,
  "pCF": 4.0,
  "cCF": 4.0,
  "lCF": 9.0,
  "comments": [],
  "measures": [
    {
      "grams": 1.0,
      "amount": 1.0,
      "description": "g"
    },
    {
      "grams": 124.0,
      "amount": 1.0,
      "description": "serving 1/2 cup"
    }
  ],
  "nutrients": [
    {
      "name": "Energy",
      "amount": 65.0
    },
    {
      "name": "Protein",
      "amount": 1.61
    },
    {
      "name": "Carbs",
      "amount": 8.06
    },
    {
      "name": "Fiber",
      "amount": 0.8
    },
    {
      "name": "Sugars",
      "amount": 0.81
    },
    {
      "name": "Fat",
      "amount": 2.82
    },
    {
      "name": "Water",
      "amount": 87.2
    },
    {
      "name": "Ash",
      "amount": 0.72
    },
    {
      "name": "Calcium",
      "amount": 0.0
    },
    {
      "name": "Potassium",
      "amount": 548.0
    },
    {
      "name": "Sodium",
      "amount": 524.0
    },
    {
      "name": "Vitamin A",
      "amount": 403.0
    },
    {
      "name": "Vitamin C",
      "amount": 0.0
    },
    {
      "name": "Saturated",
      "amount": 0.806
    },
    {
      "name": "Monounsaturated",
      "amount": 0.403
    },
    {
      "name": "Polyunsaturated",
      "amount": 1.21
    },
    {
      "name": "Trans-Fats",
      "amount": 0.0
    },
    {
      "name": "Cholesterol",
      "amount": 0.0
    }
  ],
  "foodSource": "usda",
  "foodType": "deprecated"
}