{
  "name": "CAMPBELL'S Red and White, Fiesta Nacho Cheese Soup, condensed",
  "sourceUID": 6353,
  "legacyUID": 6353,
  "pCF": 4.0,
  "cCF": 4.0,
  "lCF": 9.0,
  "comments": [],
  "measures": [
    {
      "grams": 1.0,
      "amount": 1.0,
      "description": "g"
    },
    {
      "grams": 124.0,
      "amount": 1.0,
      "description": "serving 1/2 cup"
    }
  ],
  "nutrients": [
    {
      "name": "Energy",
      "amount": 97.0
    },
    {
      "name": "Protein",
      "amount": 2.42
    },
    {
      "name": "Carbs",
      "amount": 8.06
    },
    {
      "name": "Fiber",
      "amount": 0.8
    },
    {
      "name": "Sugars",
      "amount": 1.61
    },
    {
      "name": "Fat",
      "amount": 6.45
    },
    {
      "name": "Water",
      "amount": 80.3
    },
    {
      "name": "Ash",
      "amount": 2.76
    },
    {
      "name": "Calcium",
      "amount": 65.0
    },
    {
      "name": "Iron",
      "amount": 0.0
    },
    {
      "name": "Potassium",
      "amount": 81.0
    },
    {
      "name": "Sodium",
      "amount": 637.0
    },
    {
      "name": "Vitamin A",
      "amount": 403.0
    },
    {
      "name": "Vitamin C",
      "amount": 0.0
    },
    {
      "name": "Saturated",
      "amount": 2.419
    },
    {
      "name": "Monounsaturated",
      "amount": 1.613
    },
    {
      "name": "Polyunsaturated",
      "amount": 1.613
    },
    {
      "name": "Trans-Fats",
      "amount": 0.0
    },
    {
      "name": "Cholesterol",
      "amount": 8.0
    }
  ],
  "foodSource": "usda",
  "foodType": "deprecated"
}