{
  "name": "CAMPBELL'S Red and White, DOUBLE NOODLE in Chicken Broth Soup, condensed",
  "sourceUID": 6350,
  "legacyUID": 6350,
  "pCF": 4.0,
  "cCF": 4.0,
  "lCF": 9.0,
  "comments": [],
  "measures": [
    {
      "grams": 1.0,
      "amount": 1.0,
      "description": "g"
    },
    {
      "grams": 126.0,
      "amount": 1.0,
      "description": "serving 1/ 2 cup"
    }
  ],
  "nutrients": [
    {
      "name": "Energy",
      "amount": 87.0
    },
    {
      "name": "Protein",
      "amount": 2.38
    },
    {
      "name": "Carbs",
      "amount": 15.87
    },
    {
      "name": "Fiber",
      "amount": 0.8
    },
    {
      "name": "Sugars",
      "amount": 0.79
    },
    {
      "name": "Fat",
      "amount": 1.59
    },
    {
      "name": "Water",
      "amount": 79.5
    },
    {
      "name": "Ash",
      "amount": 0.66
    },
    {
      "name": "Calcium",
      "amount": 0.0
    },
    {
      "name": "Iron",
      "amount": 0.57
    },
    {
      "name": "Potassium",
      "amount": 667.0
    },
    {
      "name": "Sodium",
      "amount": 381.0
    },
    {
      "name": "Vitamin A",
      "amount": 397.0
    },
    {
      "name": "Vitamin C",
      "amount": 0.0
    },
    {
      "name": "Saturated",
      "amount": 0.397
    },
    {
      "name": "Monounsaturated",
      "amount": 0.794
    },
    {
      "name": "Polyunsaturated",
      "amount": 0.397
    },
    {
      "name": "Trans-Fats",
      "amount": 0.0
    },
    {
      "name": "Cholesterol",
      "amount": 8.0
    }
  ],
  "foodSource": "usda",
  "foodType": "deprecated"
}