{
  "name": "CAMPBELL'S Red and White, Manhattan Clam Chowder, condensed",
  "sourceUID": 6364,
  "legacyUID": 6364,
  "pCF": 4.0,
  "cCF": 4.0,
  "lCF": 9.0,
  "comments": [],
  "measures": [
    {
      "grams": 1.0,
      "amount": 1.0,
      "description": "g"
    },
    {
      "grams": 126.0,
      "amount": 1.0,
      "description": "serving 1/2 cup"
    }
  ],
  "nutrients": [
    {
      "name": "Energy",
      "amount": 48.0
    },
    {
      "name": "Protein",
      "amount": 1.59
    },
    {
      "name": "Carbs",
      "amount": 9.52
    },
    {
      "name": "Fiber",
      "amount": 1.6
    },
    {
      "name": "Sugars",
      "amount": 1.59
    },
    {
      "name": "Fat",
      "amount": 0.4
    },
    {
      "name": "Water",
      "amount": 86.4
    },
    {
      "name": "Ash",
      "amount": 2.09
    },
    {
      "name": "Calcium",
      "amount": 16.0
    },
    {
      "name": "Iron",
      "amount": 0.57
    },
    {
      "name": "Potassium",
      "amount": 198.0
    },
    {
      "name": "Sodium",
      "amount": 698.0
    },
    {
      "name": "Vitamin A",
      "amount": 794.0
    },
    {
      "name": "Vitamin C",
      "amount": 1.0
    },
    {
      "name": "Saturated",
      "amount": 0.397
    },
    {
      "name": "Monounsaturated",
      "amount": 0.0
    },
    {
      "name": "Polyunsaturated",
      "amount": 0.0
    },
    {
      "name": "Trans-Fats",
      "amount": 0.0
    },
    {
      "name": "Cholesterol",
      "amount": 0.0
    }
  ],
  "foodSource": "usda",
  "foodType": "deprecated"
}