{
  "name": "CAMPBELL'S Red and White, Minestrone Soup, condensed",
  "sourceUID": 6366,
  "legacyUID": 6366,
  "pCF": 4.0,
  "cCF": 4.0,
  "lCF": 9.0,
  "comments": [],
  "measures": [
    {
      "grams": 1.0,
      "amount": 1.0,
      "description": "g"
    },
    {
      "grams": 126.0,
      "amount": 1.0,
      "description": "serving 1/2 cup"
    }
  ],
  "nutrients": [
    {
      "name": "Energy",
      "amount": 71.0
    },
    {
      "name": "Protein",
      "amount": 3.17
    },
    {
      "name": "Carbs",
      "amount": 13.49
    },
    {
      "name": "Fiber",
      "amount": 2.4
    },
    {
      "name": "Sugars",
      "amount": 2.38
    },
    {
      "name": "Fat",
      "amount": 0.79
    },
    {
      "name": "Water",
      "amount": 79.7
    },
    {
      "name": "Ash",
      "amount": 2.84
    },
    {
      "name": "Calcium",
      "amount": 16.0
    },
    {
      "name": "Iron",
      "amount": 0.86
    },
    {
      "name": "Potassium",
      "amount": 833.0
    },
    {
      "name": "Sodium",
      "amount": 516.0
    },
    {
      "name": "Vitamin A",
      "amount": 794.0
    },
    {
      "name": "Vitamin C",
      "amount": 0.0
    },
    {
      "name": "Saturated",
      "amount": 0.397
    },
    {
      "name": "Monounsaturated",
      "amount": 0.0
    },
    {
      "name": "Polyunsaturated",
      "amount": 0.0
    },
    {
      "name": "Trans-Fats",
      "amount": 0.0
    },
    {
      "name": "Cholesterol",
      "amount": 4.0
    }
  ],
  "foodSource": "usda",
  "foodType": "deprecated"
}