{
  "name": "CAMPBELL'S, Homestyle Chicken Noodle Soup, condensed",
  "sourceUID": 6363,
  "legacyUID": 6363,
  "pCF": 4.0,
  "cCF": 4.0,
  "lCF": 9.0,
  "comments": [],
  "measures": [
    {
      "grams": 1.0,
      "amount": 1.0,
      "description": "g"
    },
    {
      "grams": 126.0,
      "amount": 0.5,
      "description": "cup condensed"
    }
  ],
  "nutrients": [
    {
      "name": "Energy",
      "amount": 51.0
    },
    {
      "name": "Protein",
      "amount": 2.36
    },
    {
      "name": "Carbs",
      "amount": 7.53
    },
    {
      "name": "Fiber",
      "amount": 0.8
    },
    {
      "name": "Sugars",
      "amount": 1.11
    },
    {
      "name": "Fat",
      "amount": 1.28
    },
    {
      "name": "Water",
      "amount": 85.9
    },
    {
      "name": "Ash",
      "amount": 2.29
    },
    {
      "name": "Calcium",
      "amount": 11.0
    },
    {
      "name": "Iron",
      "amount": 0.38
    },
    {
      "name": "Magnesium",
      "amount": 8.0
    },
    {
      "name": "Phosphorus",
      "amount": 43.0
    },
    {
      "name": "Potassium",
      "amount": 22.0
    },
    {
      "name": "Sodium",
      "amount": 739.0
    },
    {
      "name": "Zinc",
      "amount": 0.15
    },
    {
      "name": "Vitamin A",
      "amount": 446.0
    },
    {
      "name": "Vitamin C",
      "amount": 0.1
    },
    {
      "name": "Saturated",
      "amount": 0.34
    },
    {
      "name": "Monounsaturated",
      "amount": 0.56
    },
    {
      "name": "Polyunsaturated",
      "amount": 0.31
    },
    {
      "name": "Trans-Fats",
      "amount": 0.0
    },
    {
      "name": "Cholesterol",
      "amount": 8.0
    }
  ],
  "foodSource": "usda",
  "foodType": "deprecated"
}