{
  "name": "CAMPBELL'S Red and White, Oyster Stew, condensed",
  "sourceUID": 6369,
  "legacyUID": 6369,
  "pCF": 4.0,
  "cCF": 4.0,
  "lCF": 9.0,
  "comments": [],
  "measures": [
    {
      "grams": 1.0,
      "amount": 1.0,
      "description": "g"
    },
    {
      "grams": 126.0,
      "amount": 1.0,
      "description": "serving 1/2 cup"
    }
  ],
  "nutrients": [
    {
      "name": "Energy",
      "amount": 63.0
    },
    {
      "name": "Protein",
      "amount": 2.38
    },
    {
      "name": "Carbs",
      "amount": 2.38
    },
    {
      "name": "Fiber",
      "amount": 0.0
    },
    {
      "name": "Sugars",
      "amount": 0.0
    },
    {
      "name": "Fat",
      "amount": 4.76
    },
    {
      "name": "Water",
      "amount": 89.6
    },
    {
      "name": "Ash",
      "amount": 0.72
    },
    {
      "name": "Calcium",
      "amount": 0.0
    },
    {
      "name": "Iron",
      "amount": 1.43
    },
    {
      "name": "Potassium",
      "amount": 20.0
    },
    {
      "name": "Sodium",
      "amount": 722.0
    },
    {
      "name": "Vitamin C",
      "amount": 0.0
    },
    {
      "name": "Saturated",
      "amount": 2.381
    },
    {
      "name": "Monounsaturated",
      "amount": 0.794
    },
    {
      "name": "Polyunsaturated",
      "amount": 0.794
    },
    {
      "name": "Trans-Fats",
      "amount": 0.0
    },
    {
      "name": "Cholesterol",
      "amount": 16.0
    }
  ],
  "foodSource": "usda",
  "foodType": "deprecated"
}