{
  "name": "CAMPBELL'S Red and White, New England Clam Chowder, condensed",
  "sourceUID": 6367,
  "legacyUID": 6367,
  "pCF": 4.0,
  "cCF": 4.0,
  "lCF": 9.0,
  "comments": [],
  "measures": [
    {
      "grams": 1.0,
      "amount": 1.0,
      "description": "g"
    },
    {
      "grams": 126.0,
      "amount": 1.0,
      "description": "serving 1/2 cup"
    }
  ],
  "nutrients": [
    {
      "name": "Energy",
      "amount": 71.0
    },
    {
      "name": "Protein",
      "amount": 3.17
    },
    {
      "name": "Carbs",
      "amount": 10.32
    },
    {
      "name": "Fiber",
      "amount": 0.8
    },
    {
      "name": "Sugars",
      "amount": 0.79
    },
    {
      "name": "Fat",
      "amount": 1.98
    },
    {
      "name": "Water",
      "amount": 83.3
    },
    {
      "name": "Ash",
      "amount": 1.22
    },
    {
      "name": "Calcium",
      "amount": 16.0
    },
    {
      "name": "Iron",
      "amount": 0.57
    },
    {
      "name": "Potassium",
      "amount": 516.0
    },
    {
      "name": "Sodium",
      "amount": 516.0
    },
    {
      "name": "Vitamin C",
      "amount": 0.0
    },
    {
      "name": "Saturated",
      "amount": 0.397
    },
    {
      "name": "Monounsaturated",
      "amount": 0.0
    },
    {
      "name": "Polyunsaturated",
      "amount": 1.19
    },
    {
      "name": "Trans-Fats",
      "amount": 0.0
    },
    {
      "name": "Cholesterol",
      "amount": 4.0
    }
  ],
  "foodSource": "usda",
  "foodType": "deprecated"
}