{
  "name": "CAMPBELL'S Red and White, Green Pea Soup, condensed",
  "sourceUID": 6361,
  "legacyUID": 6361,
  "pCF": 4.0,
  "cCF": 4.0,
  "lCF": 9.0,
  "comments": [],
  "measures": [
    {
      "grams": 1.0,
      "amount": 1.0,
      "description": "g"
    },
    {
      "grams": 128.0,
      "amount": 1.0,
      "description": "serving 1/2 cup"
    }
  ],
  "nutrients": [
    {
      "name": "Energy",
      "amount": 141.0
    },
    {
      "name": "Protein",
      "amount": 7.03
    },
    {
      "name": "Carbs",
      "amount": 21.88
    },
    {
      "name": "Fiber",
      "amount": 3.1
    },
    {
      "name": "Sugars",
      "amount": 4.69
    },
    {
      "name": "Fat",
      "amount": 2.34
    },
    {
      "name": "Water",
      "amount": 66.8
    },
    {
      "name": "Ash",
      "amount": 1.95
    },
    {
      "name": "Calcium",
      "amount": 16.0
    },
    {
      "name": "Iron",
      "amount": 1.13
    },
    {
      "name": "Potassium",
      "amount": 305.0
    },
    {
      "name": "Sodium",
      "amount": 680.0
    },
    {
      "name": "Vitamin A",
      "amount": 156.0
    },
    {
      "name": "Vitamin C",
      "amount": 0.0
    },
    {
      "name": "Saturated",
      "amount": 0.781
    },
    {
      "name": "Monounsaturated",
      "amount": 0.391
    },
    {
      "name": "Polyunsaturated",
      "amount": 0.781
    },
    {
      "name": "Trans-Fats",
      "amount": 0.0
    },
    {
      "name": "Cholesterol",
      "amount": 0.0
    }
  ],
  "foodSource": "usda",
  "foodType": "deprecated"
}