{
  "name": "CAMPBELL'S Red and White, Pepper Pot Soup, condensed",
  "sourceUID": 6370,
  "legacyUID": 6370,
  "pCF": 4.0,
  "cCF": 4.0,
  "lCF": 9.0,
  "comments": [],
  "measures": [
    {
      "grams": 1.0,
      "amount": 1.0,
      "description": "g"
    },
    {
      "grams": 126.0,
      "amount": 1.0,
      "description": "serving 1/2 cup"
    }
  ],
  "nutrients": [
    {
      "name": "Energy",
      "amount": 71.0
    },
    {
      "name": "Protein",
      "amount": 3.97
    },
    {
      "name": "Carbs",
      "amount": 7.14
    },
    {
      "name": "Fiber",
      "amount": 0.8
    },
    {
      "name": "Sugars",
      "amount": 0.79
    },
    {
      "name": "Fat",
      "amount": 3.17
    },
    {
      "name": "Water",
      "amount": 83.0
    },
    {
      "name": "Ash",
      "amount": 2.71
    },
    {
      "name": "Calcium",
      "amount": 16.0
    },
    {
      "name": "Iron",
      "amount": 0.57
    },
    {
      "name": "Sodium",
      "amount": 778.0
    },
    {
      "name": "Vitamin A",
      "amount": 595.0
    },
    {
      "name": "Vitamin C",
      "amount": 0.0
    },
    {
      "name": "Saturated",
      "amount": 1.19
    },
    {
      "name": "Trans-Fats",
      "amount": 0.0
    },
    {
      "name": "Cholesterol",
      "amount": 20.0
    }
  ],
  "foodSource": "usda",
  "foodType": "deprecated"
}