{
  "name": "CAMPBELL'S Red and White, Vegetarian Vegetable Soup, condensed",
  "sourceUID": 6373,
  "legacyUID": 6373,
  "pCF": 4.0,
  "cCF": 4.0,
  "lCF": 9.0,
  "comments": [],
  "measures": [
    {
      "grams": 1.0,
      "amount": 1.0,
      "description": "g"
    },
    {
      "grams": 126.0,
      "amount": 1.0,
      "description": "serving 1/2 cup"
    }
  ],
  "nutrients": [
    {
      "name": "Energy",
      "amount": 71.0
    },
    {
      "name": "Protein",
      "amount": 2.38
    },
    {
      "name": "Carbs",
      "amount": 14.29
    },
    {
      "name": "Fiber",
      "amount": 1.6
    },
    {
      "name": "Sugars",
      "amount": 4.76
    },
    {
      "name": "Fat",
      "amount": 0.4
    },
    {
      "name": "Water",
      "amount": 81.6
    },
    {
      "name": "Ash",
      "amount": 1.34
    },
    {
      "name": "Calcium",
      "amount": 16.0
    },
    {
      "name": "Iron",
      "amount": 0.57
    },
    {
      "name": "Potassium",
      "amount": 698.0
    },
    {
      "name": "Sodium",
      "amount": 516.0
    },
    {
      "name": "Vitamin A",
      "amount": 1984.0
    },
    {
      "name": "Vitamin C",
      "amount": 0.0
    },
    {
      "name": "Saturated",
      "amount": 0.0
    },
    {
      "name": "Monounsaturated",
      "amount": 0.0
    },
    {
      "name": "Polyunsaturated",
      "amount": 0.0
    },
    {
      "name": "Trans-Fats",
      "amount": 0.0
    },
    {
      "name": "Cholesterol",
      "amount": 0.0
    }
  ],
  "foodSource": "usda",
  "foodType": "deprecated"
}