{
  "name": "CAMPBELL'S Red and White, Tomato Bisque, condensed",
  "sourceUID": 6379,
  "legacyUID": 6379,
  "pCF": 4.0,
  "cCF": 4.0,
  "lCF": 9.0,
  "comments": [],
  "measures": [
    {
      "grams": 1.0,
      "amount": 1.0,
      "description": "g"
    },
    {
      "grams": 126.0,
      "amount": 1.0,
      "description": "serving 1/2 cup"
    }
  ],
  "nutrients": [
    {
      "name": "Energy",
      "amount": 103.0
    },
    {
      "name": "Protein",
      "amount": 1.59
    },
    {
      "name": "Carbs",
      "amount": 18.25
    },
    {
      "name": "Fiber",
      "amount": 0.8
    },
    {
      "name": "Sugars",
      "amount": 11.9
    },
    {
      "name": "Fat",
      "amount": 2.78
    },
    {
      "name": "Water",
      "amount": 75.4
    },
    {
      "name": "Ash",
      "amount": 1.98
    },
    {
      "name": "Calcium",
      "amount": 32.0
    },
    {
      "name": "Iron",
      "amount": 0.29
    },
    {
      "name": "Sodium",
      "amount": 698.0
    },
    {
      "name": "Vitamin A",
      "amount": 238.0
    },
    {
      "name": "Vitamin C",
      "amount": 4.8
    },
    {
      "name": "Saturated",
      "amount": 1.19
    },
    {
      "name": "Monounsaturated",
      "amount": 0.397
    },
    {
      "name": "Polyunsaturated",
      "amount": 0.794
    },
    {
      "name": "Trans-Fats",
      "amount": 0.0
    },
    {
      "name": "Cholesterol",
      "amount": 4.0
    }
  ],
  "foodSource": "usda",
  "foodType": "deprecated"
}