{
  "name": "CAMPBELL'S Red and White, Southwest Style Pepper Jack Soup, condensed",
  "sourceUID": 6372,
  "legacyUID": 6372,
  "pCF": 4.0,
  "cCF": 4.0,
  "lCF": 9.0,
  "comments": [],
  "measures": [
    {
      "grams": 1.0,
      "amount": 1.0,
      "description": "g"
    },
    {
      "grams": 124.0,
      "amount": 1.0,
      "description": "serving 1/2 cup"
    }
  ],
  "nutrients": [
    {
      "name": "Energy",
      "amount": 89.0
    },
    {
      "name": "Protein",
      "amount": 1.61
    },
    {
      "name": "Carbs",
      "amount": 10.48
    },
    {
      "name": "Fiber",
      "amount": 3.2
    },
    {
      "name": "Sugars",
      "amount": 2.42
    },
    {
      "name": "Fat",
      "amount": 4.84
    },
    {
      "name": "Water",
      "amount": 80.3
    },
    {
      "name": "Ash",
      "amount": 2.76
    },
    {
      "name": "Calcium",
      "amount": 16.0
    },
    {
      "name": "Iron",
      "amount": 0.0
    },
    {
      "name": "Sodium",
      "amount": 710.0
    },
    {
      "name": "Vitamin A",
      "amount": 81.0
    },
    {
      "name": "Vitamin C",
      "amount": 0.0
    },
    {
      "name": "Saturated",
      "amount": 1.613
    },
    {
      "name": "Trans-Fats",
      "amount": 0.0
    },
    {
      "name": "Cholesterol",
      "amount": 4.0
    }
  ],
  "foodSource": "usda",
  "foodType": "deprecated"
}