{
  "name": "CAMPBELL'S, Vegetable Beef Soup, condensed",
  "sourceUID": 6375,
  "legacyUID": 6375,
  "pCF": 4.0,
  "cCF": 4.0,
  "lCF": 9.0,
  "comments": [],
  "measures": [
    {
      "grams": 1.0,
      "amount": 1.0,
      "description": "g"
    },
    {
      "grams": 126.0,
      "amount": 0.5,
      "description": "cup condensed"
    }
  ],
  "nutrients": [
    {
      "name": "Energy",
      "amount": 65.0
    },
    {
      "name": "Protein",
      "amount": 3.79
    },
    {
      "name": "Carbs",
      "amount": 11.8
    },
    {
      "name": "Fiber",
      "amount": 2.1
    },
    {
      "name": "Sugars",
      "amount": 1.7
    },
    {
      "name": "Fat",
      "amount": 0.26
    },
    {
      "name": "Water",
      "amount": 82.0
    },
    {
      "name": "Ash",
      "amount": 2.09
    },
    {
      "name": "Calcium",
      "amount": 13.0
    },
    {
      "name": "Iron",
      "amount": 0.6
    },
    {
      "name": "Magnesium",
      "amount": 5.0
    },
    {
      "name": "Phosphorus",
      "amount": 20.0
    },
    {
      "name": "Potassium",
      "amount": 169.0
    },
    {
      "name": "Sodium",
      "amount": 656.0
    },
    {
      "name": "Zinc",
      "amount": 0.64
    },
    {
      "name": "Vitamin A",
      "amount": 601.0
    },
    {
      "name": "Vitamin C",
      "amount": 1.2
    },
    {
      "name": "Saturated",
      "amount": 0.09
    },
    {
      "name": "Monounsaturated",
      "amount": 0.1
    },
    {
      "name": "Polyunsaturated",
      "amount": 0.07
    },
    {
      "name": "Trans-Fats",
      "amount": 0.0
    },
    {
      "name": "Cholesterol",
      "amount": 3.0
    }
  ],
  "foodSource": "usda",
  "foodType": "deprecated"
}