{
  "name": "CAMPBELL'S Red and White, Vegetable Soup, condensed",
  "sourceUID": 6374,
  "legacyUID": 6374,
  "pCF": 4.0,
  "cCF": 4.0,
  "lCF": 9.0,
  "comments": [],
  "measures": [
    {
      "grams": 1.0,
      "amount": 1.0,
      "description": "g"
    },
    {
      "grams": 126.0,
      "amount": 1.0,
      "description": "serving 1/2 cup"
    }
  ],
  "nutrients": [
    {
      "name": "Energy",
      "amount": 79.0
    },
    {
      "name": "Protein",
      "amount": 3.17
    },
    {
      "name": "Carbs",
      "amount": 16.67
    },
    {
      "name": "Fiber",
      "amount": 2.4
    },
    {
      "name": "Sugars",
      "amount": 5.56
    },
    {
      "name": "Fat",
      "amount": 0.4
    },
    {
      "name": "Water",
      "amount": 78.7
    },
    {
      "name": "Ash",
      "amount": 1.06
    },
    {
      "name": "Calcium",
      "amount": 16.0
    },
    {
      "name": "Iron",
      "amount": 0.57
    },
    {
      "name": "Potassium",
      "amount": 579.0
    },
    {
      "name": "Sodium",
      "amount": 516.0
    },
    {
      "name": "Vitamin A",
      "amount": 2381.0
    },
    {
      "name": "Saturated",
      "amount": 0.397
    },
    {
      "name": "Monounsaturated",
      "amount": 0.0
    },
    {
      "name": "Polyunsaturated",
      "amount": 0.0
    },
    {
      "name": "Trans-Fats",
      "amount": 0.0
    },
    {
      "name": "Cholesterol",
      "amount": 4.0
    }
  ],
  "foodSource": "usda",
  "foodType": "deprecated"
}