{
  "name": "CAMPBELL'S CHUNKY Soups, Barbeque Seasoned Burger Soup",
  "sourceUID": 6385,
  "legacyUID": 6385,
  "pCF": 4.0,
  "cCF": 4.0,
  "lCF": 9.0,
  "comments": [],
  "measures": [
    {
      "grams": 1.0,
      "amount": 1.0,
      "description": "g"
    },
    {
      "grams": 245.0,
      "amount": 1.0,
      "description": "cup"
    },
    {
      "grams": 245.0,
      "amount": 1.0,
      "description": "serving"
    }
  ],
  "nutrients": [
    {
      "name": "Energy",
      "amount": 84.0
    },
    {
      "name": "Protein",
      "amount": 4.08
    },
    {
      "name": "Carbs",
      "amount": 11.43
    },
    {
      "name": "Fiber",
      "amount": 2.0
    },
    {
      "name": "Sugars",
      "amount": 4.08
    },
    {
      "name": "Fat",
      "amount": 2.45
    },
    {
      "name": "Water",
      "amount": 80.7
    },
    {
      "name": "Ash",
      "amount": 1.34
    },
    {
      "name": "Calcium",
      "amount": 24.0
    },
    {
      "name": "Iron",
      "amount": 0.59
    },
    {
      "name": "Sodium",
      "amount": 367.0
    },
    {
      "name": "Vitamin A",
      "amount": 122.0
    },
    {
      "name": "Vitamin C",
      "amount": 0.0
    },
    {
      "name": "Saturated",
      "amount": 1.02
    },
    {
      "name": "Trans-Fats",
      "amount": 0.0
    },
    {
      "name": "Cholesterol",
      "amount": 6.0
    }
  ],
  "foodSource": "usda",
  "foodType": "deprecated"
}