{
  "name": "CAMPBELL'S CHUNKY Soups, Beef with White and Wild Rice Soup",
  "sourceUID": 6389,
  "legacyUID": 6389,
  "pCF": 4.0,
  "cCF": 4.0,
  "lCF": 9.0,
  "comments": [],
  "measures": [
    {
      "grams": 1.0,
      "amount": 1.0,
      "description": "g"
    },
    {
      "grams": 245.0,
      "amount": 1.0,
      "description": "cup"
    }
  ],
  "nutrients": [
    {
      "name": "Energy",
      "amount": 57.0
    },
    {
      "name": "Protein",
      "amount": 3.27
    },
    {
      "name": "Carbs",
      "amount": 9.8
    },
    {
      "name": "Fiber",
      "amount": 0.8
    },
    {
      "name": "Sugars",
      "amount": 2.04
    },
    {
      "name": "Fat",
      "amount": 0.61
    },
    {
      "name": "Water",
      "amount": 84.3
    },
    {
      "name": "Ash",
      "amount": 1.62
    },
    {
      "name": "Calcium",
      "amount": 8.0
    },
    {
      "name": "Iron",
      "amount": 0.44
    },
    {
      "name": "Sodium",
      "amount": 363.0
    },
    {
      "name": "Vitamin A",
      "amount": 1020.0
    },
    {
      "name": "Vitamin C",
      "amount": 0.0
    },
    {
      "name": "Saturated",
      "amount": 0.204
    },
    {
      "name": "Trans-Fats",
      "amount": 0.0
    },
    {
      "name": "Cholesterol",
      "amount": 4.0
    }
  ],
  "foodSource": "usda",
  "foodType": "deprecated"
}