{
  "name": "CAMPBELL'S Red and White, Split Pea with Ham and Bacon Soup, condensed",
  "sourceUID": 6380,
  "legacyUID": 6380,
  "pCF": 4.0,
  "cCF": 4.0,
  "lCF": 9.0,
  "comments": [],
  "measures": [
    {
      "grams": 1.0,
      "amount": 1.0,
      "description": "g"
    },
    {
      "grams": 128.0,
      "amount": 1.0,
      "description": "serving 1/2 cup"
    }
  ],
  "nutrients": [
    {
      "name": "Energy",
      "amount": 141.0
    },
    {
      "name": "Protein",
      "amount": 7.81
    },
    {
      "name": "Carbs",
      "amount": 23.44
    },
    {
      "name": "Fiber",
      "amount": 3.1
    },
    {
      "name": "Sugars",
      "amount": 3.13
    },
    {
      "name": "Fat",
      "amount": 1.56
    },
    {
      "name": "Water",
      "amount": 66.0
    },
    {
      "name": "Ash",
      "amount": 1.19
    },
    {
      "name": "Calcium",
      "amount": 16.0
    },
    {
      "name": "Iron",
      "amount": 1.13
    },
    {
      "name": "Potassium",
      "amount": 352.0
    },
    {
      "name": "Sodium",
      "amount": 664.0
    },
    {
      "name": "Vitamin A",
      "amount": 234.0
    },
    {
      "name": "Vitamin C",
      "amount": 0.0
    },
    {
      "name": "Saturated",
      "amount": 0.391
    },
    {
      "name": "Monounsaturated",
      "amount": 0.781
    },
    {
      "name": "Polyunsaturated",
      "amount": 0.391
    },
    {
      "name": "Trans-Fats",
      "amount": 0.0
    },
    {
      "name": "Cholesterol",
      "amount": 4.0
    }
  ],
  "foodSource": "usda",
  "foodType": "deprecated"
}