{
  "name": "CAMPBELL'S CHUNKY Soups, Beef Rib Roast with Potatoes & Herbs Soup",
  "sourceUID": 6387,
  "legacyUID": 6387,
  "pCF": 4.0,
  "cCF": 4.0,
  "lCF": 9.0,
  "comments": [],
  "measures": [
    {
      "grams": 1.0,
      "amount": 1.0,
      "description": "g"
    },
    {
      "grams": 245.0,
      "amount": 1.0,
      "description": "cup"
    }
  ],
  "nutrients": [
    {
      "name": "Energy",
      "amount": 44.0
    },
    {
      "name": "Protein",
      "amount": 2.86
    },
    {
      "name": "Carbs",
      "amount": 6.94
    },
    {
      "name": "Fiber",
      "amount": 0.8
    },
    {
      "name": "Sugars",
      "amount": 2.45
    },
    {
      "name": "Fat",
      "amount": 0.41
    },
    {
      "name": "Water",
      "amount": 87.7
    },
    {
      "name": "Ash",
      "amount": 1.69
    },
    {
      "name": "Calcium",
      "amount": 8.0
    },
    {
      "name": "Iron",
      "amount": 0.29
    },
    {
      "name": "Sodium",
      "amount": 363.0
    },
    {
      "name": "Vitamin A",
      "amount": 918.0
    },
    {
      "name": "Vitamin C",
      "amount": 0.5
    },
    {
      "name": "Saturated",
      "amount": 0.408
    },
    {
      "name": "Trans-Fats",
      "amount": 0.0
    },
    {
      "name": "Cholesterol",
      "amount": 4.0
    }
  ],
  "foodSource": "usda",
  "foodType": "deprecated"
}