{
  "name": "CAMPBELL'S CHUNKY Soups, Beef with Country Vegetables Soup",
  "sourceUID": 6388,
  "legacyUID": 6388,
  "pCF": 4.0,
  "cCF": 4.0,
  "lCF": 9.0,
  "comments": [],
  "measures": [
    {
      "grams": 1.0,
      "amount": 1.0,
      "description": "g"
    },
    {
      "grams": 245.0,
      "amount": 1.0,
      "description": "cup"
    }
  ],
  "nutrients": [
    {
      "name": "Energy",
      "amount": 53.0
    },
    {
      "name": "Protein",
      "amount": 3.27
    },
    {
      "name": "Carbs",
      "amount": 7.35
    },
    {
      "name": "Fiber",
      "amount": 1.2
    },
    {
      "name": "Sugars",
      "amount": 1.63
    },
    {
      "name": "Fat",
      "amount": 1.22
    },
    {
      "name": "Water",
      "amount": 85.3
    },
    {
      "name": "Ash",
      "amount": 2.6
    },
    {
      "name": "Calcium",
      "amount": 8.0
    },
    {
      "name": "Iron",
      "amount": 0.59
    },
    {
      "name": "Sodium",
      "amount": 376.0
    },
    {
      "name": "Vitamin A",
      "amount": 2449.0
    },
    {
      "name": "Vitamin C",
      "amount": 0.0
    },
    {
      "name": "Saturated",
      "amount": 0.408
    },
    {
      "name": "Trans-Fats",
      "amount": 0.0
    },
    {
      "name": "Cholesterol",
      "amount": 6.0
    }
  ],
  "foodSource": "usda",
  "foodType": "deprecated"
}