{
  "name": "CAMPBELL'S CHUNKY Soups, Baked Potato with Cheddar & Bacon Bits Soup",
  "sourceUID": 6383,
  "legacyUID": 6383,
  "pCF": 4.0,
  "cCF": 4.0,
  "lCF": 9.0,
  "comments": [],
  "measures": [
    {
      "grams": 1.0,
      "amount": 1.0,
      "description": "g"
    },
    {
      "grams": 245.0,
      "amount": 1.0,
      "description": "cup"
    }
  ],
  "nutrients": [
    {
      "name": "Energy",
      "amount": 78.0
    },
    {
      "name": "Protein",
      "amount": 2.04
    },
    {
      "name": "Carbs",
      "amount": 9.39
    },
    {
      "name": "Fiber",
      "amount": 0.8
    },
    {
      "name": "Sugars",
      "amount": 1.25
    },
    {
      "name": "Fat",
      "amount": 3.67
    },
    {
      "name": "Water",
      "amount": 83.8
    },
    {
      "name": "Ash",
      "amount": 1.5
    },
    {
      "name": "Calcium",
      "amount": 16.0
    },
    {
      "name": "Iron",
      "amount": 0.29
    },
    {
      "name": "Sodium",
      "amount": 322.0
    },
    {
      "name": "Vitamin A",
      "amount": 41.0
    },
    {
      "name": "Vitamin C",
      "amount": 0.0
    },
    {
      "name": "Saturated",
      "amount": 1.224
    },
    {
      "name": "Trans-Fats",
      "amount": 0.0
    },
    {
      "name": "Cholesterol",
      "amount": 4.0
    }
  ],
  "foodSource": "usda",
  "foodType": "deprecated"
}