{
  "name": "CAMPBELL'S Red and White, Southwestern-Style Chicken Vegetable Soup, condensed",
  "sourceUID": 6381,
  "legacyUID": 6381,
  "pCF": 4.0,
  "cCF": 4.0,
  "lCF": 9.0,
  "comments": [],
  "measures": [
    {
      "grams": 1.0,
      "amount": 1.0,
      "description": "g"
    },
    {
      "grams": 126.0,
      "amount": 1.0,
      "description": "serving 1/2 cup"
    }
  ],
  "nutrients": [
    {
      "name": "Energy",
      "amount": 87.0
    },
    {
      "name": "Protein",
      "amount": 3.97
    },
    {
      "name": "Carbs",
      "amount": 16.67
    },
    {
      "name": "Fiber",
      "amount": 3.2
    },
    {
      "name": "Sugars",
      "amount": 2.38
    },
    {
      "name": "Fat",
      "amount": 0.79
    },
    {
      "name": "Water",
      "amount": 76.0
    },
    {
      "name": "Ash",
      "amount": 2.57
    },
    {
      "name": "Calcium",
      "amount": 32.0
    },
    {
      "name": "Iron",
      "amount": 0.86
    },
    {
      "name": "Sodium",
      "amount": 659.0
    },
    {
      "name": "Vitamin A",
      "amount": 397.0
    },
    {
      "name": "Vitamin C",
      "amount": 1.0
    },
    {
      "name": "Saturated",
      "amount": 0.397
    },
    {
      "name": "Monounsaturated",
      "amount": 0.0
    },
    {
      "name": "Polyunsaturated",
      "amount": 0.0
    },
    {
      "name": "Trans-Fats",
      "amount": 0.0
    },
    {
      "name": "Cholesterol",
      "amount": 4.0
    }
  ],
  "foodSource": "usda",
  "foodType": "deprecated"
}