{
  "name": "CAMPBELL'S CHUNKY Soups, BBQ Seasoned Pork Soup",
  "sourceUID": 6386,
  "legacyUID": 6386,
  "pCF": 4.0,
  "cCF": 4.0,
  "lCF": 9.0,
  "comments": [],
  "measures": [
    {
      "grams": 1.0,
      "amount": 1.0,
      "description": "g"
    },
    {
      "grams": 245.0,
      "amount": 1.0,
      "description": "cup"
    },
    {
      "grams": 245.0,
      "amount": 1.0,
      "description": "serving"
    }
  ],
  "nutrients": [
    {
      "name": "Energy",
      "amount": 68.0
    },
    {
      "name": "Protein",
      "amount": 4.9
    },
    {
      "name": "Carbs",
      "amount": 8.98
    },
    {
      "name": "Fiber",
      "amount": 2.0
    },
    {
      "name": "Sugars",
      "amount": 2.04
    },
    {
      "name": "Fat",
      "amount": 1.43
    },
    {
      "name": "Water",
      "amount": 83.3
    },
    {
      "name": "Ash",
      "amount": 1.39
    },
    {
      "name": "Calcium",
      "amount": 16.0
    },
    {
      "name": "Iron",
      "amount": 0.44
    },
    {
      "name": "Sodium",
      "amount": 376.0
    },
    {
      "name": "Vitamin A",
      "amount": 204.0
    },
    {
      "name": "Vitamin C",
      "amount": 0.0
    },
    {
      "name": "Saturated",
      "amount": 0.612
    },
    {
      "name": "Trans-Fats",
      "amount": 0.0
    },
    {
      "name": "Cholesterol",
      "amount": 6.0
    }
  ],
  "foodSource": "usda",
  "foodType": "deprecated"
}