{
  "name": "CAMPBELL'S CHUNKY Soups, Fajita Chicken with Rice & Beans Soup",
  "sourceUID": 6396,
  "legacyUID": 6396,
  "pCF": 4.0,
  "cCF": 4.0,
  "lCF": 9.0,
  "comments": [],
  "measures": [
    {
      "grams": 1.0,
      "amount": 1.0,
      "description": "g"
    },
    {
      "grams": 245.0,
      "amount": 1.0,
      "description": "cup"
    }
  ],
  "nutrients": [
    {
      "name": "Energy",
      "amount": 53.0
    },
    {
      "name": "Protein",
      "amount": 2.86
    },
    {
      "name": "Carbs",
      "amount": 9.39
    },
    {
      "name": "Fiber",
      "amount": 0.8
    },
    {
      "name": "Sugars",
      "amount": 2.86
    },
    {
      "name": "Fat",
      "amount": 0.61
    },
    {
      "name": "Water",
      "amount": 83.9
    },
    {
      "name": "Ash",
      "amount": 2.9
    },
    {
      "name": "Calcium",
      "amount": 8.0
    },
    {
      "name": "Iron",
      "amount": 0.44
    },
    {
      "name": "Sodium",
      "amount": 347.0
    },
    {
      "name": "Vitamin A",
      "amount": 1224.0
    },
    {
      "name": "Vitamin C",
      "amount": 0.0
    },
    {
      "name": "Saturated",
      "amount": 0.204
    },
    {
      "name": "Trans-Fats",
      "amount": 0.0
    },
    {
      "name": "Cholesterol",
      "amount": 6.0
    }
  ],
  "foodSource": "usda",
  "foodType": "deprecated"
}