{
  "name": "CAMPBELL'S CHUNKY, Creamy Chicken and Dumplings Soup",
  "sourceUID": 6391,
  "legacyUID": 6391,
  "pCF": 4.0,
  "cCF": 4.0,
  "lCF": 9.0,
  "comments": [],
  "measures": [
    {
      "grams": 1.0,
      "amount": 1.0,
      "description": "g"
    },
    {
      "grams": 245.0,
      "amount": 1.0,
      "description": "cup"
    }
  ],
  "nutrients": [
    {
      "name": "Energy",
      "amount": 66.0
    },
    {
      "name": "Protein",
      "amount": 2.32
    },
    {
      "name": "Carbs",
      "amount": 7.09
    },
    {
      "name": "Fiber",
      "amount": 1.5
    },
    {
      "name": "Sugars",
      "amount": 1.09
    },
    {
      "name": "Fat",
      "amount": 3.19
    },
    {
      "name": "Water",
      "amount": 85.59
    },
    {
      "name": "Ash",
      "amount": 1.5
    },
    {
      "name": "Calcium",
      "amount": 16.0
    },
    {
      "name": "Iron",
      "amount": 0.49
    },
    {
      "name": "Magnesium",
      "amount": 18.0
    },
    {
      "name": "Phosphorus",
      "amount": 36.0
    },
    {
      "name": "Potassium",
      "amount": 50.0
    },
    {
      "name": "Sodium",
      "amount": 339.0
    },
    {
      "name": "Zinc",
      "amount": 0.28
    },
    {
      "name": "Vitamin A",
      "amount": 716.0
    },
    {
      "name": "Vitamin C",
      "amount": 0.0
    },
    {
      "name": "Saturated",
      "amount": 0.68
    },
    {
      "name": "Monounsaturated",
      "amount": 0.56
    },
    {
      "name": "Polyunsaturated",
      "amount": 1.95
    },
    {
      "name": "Trans-Fats",
      "amount": 0.01
    },
    {
      "name": "Cholesterol",
      "amount": 12.0
    }
  ],
  "foodSource": "usda",
  "foodType": "deprecated"
}