{
  "name": "CAMPBELL'S CHUNKY Soups, Chicken Corn Chowder",
  "sourceUID": 6393,
  "legacyUID": 6393,
  "pCF": 4.0,
  "cCF": 4.0,
  "lCF": 9.0,
  "comments": [],
  "measures": [
    {
      "grams": 1.0,
      "amount": 1.0,
      "description": "g"
    },
    {
      "grams": 245.0,
      "amount": 1.0,
      "description": "cup"
    }
  ],
  "nutrients": [
    {
      "name": "Energy",
      "amount": 82.0
    },
    {
      "name": "Protein",
      "amount": 2.86
    },
    {
      "name": "Carbs",
      "amount": 8.16
    },
    {
      "name": "Fiber",
      "amount": 0.8
    },
    {
      "name": "Sugars",
      "amount": 1.22
    },
    {
      "name": "Fat",
      "amount": 4.08
    },
    {
      "name": "Water",
      "amount": 83.8
    },
    {
      "name": "Ash",
      "amount": 1.1
    },
    {
      "name": "Calcium",
      "amount": 8.0
    },
    {
      "name": "Iron",
      "amount": 0.29
    },
    {
      "name": "Sodium",
      "amount": 351.0
    },
    {
      "name": "Vitamin A",
      "amount": 816.0
    },
    {
      "name": "Vitamin C",
      "amount": 0.0
    },
    {
      "name": "Saturated",
      "amount": 1.224
    },
    {
      "name": "Trans-Fats",
      "amount": 0.0
    },
    {
      "name": "Cholesterol",
      "amount": 6.0
    }
  ],
  "foodSource": "usda",
  "foodType": "deprecated"
}