{
  "name": "CAMPBELL'S CHUNKY, HEALTHY REQUEST Chicken Noodle Soup",
  "sourceUID": 6405,
  "legacyUID": 6405,
  "pCF": 4.0,
  "cCF": 4.0,
  "lCF": 9.0,
  "comments": [],
  "measures": [
    {
      "grams": 1.0,
      "amount": 1.0,
      "description": "g"
    },
    {
      "grams": 245.0,
      "amount": 1.0,
      "description": "cup"
    }
  ],
  "nutrients": [
    {
      "name": "Energy",
      "amount": 41.0
    },
    {
      "name": "Protein",
      "amount": 2.97
    },
    {
      "name": "Carbs",
      "amount": 5.88
    },
    {
      "name": "Fiber",
      "amount": 0.8
    },
    {
      "name": "Sugars",
      "amount": 1.12
    },
    {
      "name": "Fat",
      "amount": 0.97
    },
    {
      "name": "Water",
      "amount": 87.59
    },
    {
      "name": "Ash",
      "amount": 1.1
    },
    {
      "name": "Calcium",
      "amount": 12.0
    },
    {
      "name": "Iron",
      "amount": 0.34
    },
    {
      "name": "Magnesium",
      "amount": 8.0
    },
    {
      "name": "Phosphorus",
      "amount": 36.0
    },
    {
      "name": "Potassium",
      "amount": 317.0
    },
    {
      "name": "Sodium",
      "amount": 161.0
    },
    {
      "name": "Zinc",
      "amount": 0.47
    },
    {
      "name": "Vitamin A",
      "amount": 491.0
    },
    {
      "name": "Vitamin C",
      "amount": 0.5
    },
    {
      "name": "Saturated",
      "amount": 0.18
    },
    {
      "name": "Monounsaturated",
      "amount": 0.4
    },
    {
      "name": "Polyunsaturated",
      "amount": 0.18
    },
    {
      "name": "Trans-Fats",
      "amount": 0.01
    },
    {
      "name": "Cholesterol",
      "amount": 8.0
    }
  ],
  "foodSource": "usda",
  "foodType": "deprecated"
}