{
  "name": "CAMPBELL'S CHUNKY Soups, HEALTHY REQUEST Vegetable Soup",
  "sourceUID": 6408,
  "legacyUID": 6408,
  "pCF": 4.0,
  "cCF": 4.0,
  "lCF": 9.0,
  "comments": [],
  "measures": [
    {
      "grams": 1.0,
      "amount": 1.0,
      "description": "g"
    },
    {
      "grams": 245.0,
      "amount": 1.0,
      "description": "cup"
    }
  ],
  "nutrients": [
    {
      "name": "Energy",
      "amount": 49.0
    },
    {
      "name": "Protein",
      "amount": 1.63
    },
    {
      "name": "Carbs",
      "amount": 9.8
    },
    {
      "name": "Fiber",
      "amount": 1.6
    },
    {
      "name": "Sugars",
      "amount": 3.27
    },
    {
      "name": "Fat",
      "amount": 0.41
    },
    {
      "name": "Water",
      "amount": 87.7
    },
    {
      "name": "Ash",
      "amount": 0.67
    },
    {
      "name": "Calcium",
      "amount": 24.0
    },
    {
      "name": "Iron",
      "amount": 0.44
    },
    {
      "name": "Sodium",
      "amount": 167.0
    },
    {
      "name": "Vitamin A",
      "amount": 1633.0
    },
    {
      "name": "Vitamin C",
      "amount": 0.0
    },
    {
      "name": "Saturated",
      "amount": 0.204
    },
    {
      "name": "Trans-Fats",
      "amount": 0.0
    },
    {
      "name": "Cholesterol",
      "amount": 0.0
    }
  ],
  "foodSource": "usda",
  "foodType": "deprecated"
}