{
  "name": "CAMPBELL'S CHUNKY Soups, Grilled Chicken with Vegetables & Pasta Soup",
  "sourceUID": 6400,
  "legacyUID": 6400,
  "pCF": 4.0,
  "cCF": 4.0,
  "lCF": 9.0,
  "comments": [],
  "measures": [
    {
      "grams": 1.0,
      "amount": 1.0,
      "description": "g"
    },
    {
      "grams": 245.0,
      "amount": 1.0,
      "description": "cup"
    }
  ],
  "nutrients": [
    {
      "name": "Energy",
      "amount": 41.0
    },
    {
      "name": "Protein",
      "amount": 2.45
    },
    {
      "name": "Carbs",
      "amount": 5.71
    },
    {
      "name": "Fiber",
      "amount": 0.8
    },
    {
      "name": "Sugars",
      "amount": 0.82
    },
    {
      "name": "Fat",
      "amount": 1.02
    },
    {
      "name": "Water",
      "amount": 88.8
    },
    {
      "name": "Ash",
      "amount": 1.9
    },
    {
      "name": "Calcium",
      "amount": 8.0
    },
    {
      "name": "Iron",
      "amount": 0.15
    },
    {
      "name": "Sodium",
      "amount": 359.0
    },
    {
      "name": "Vitamin A",
      "amount": 1224.0
    },
    {
      "name": "Vitamin C",
      "amount": 0.0
    },
    {
      "name": "Saturated",
      "amount": 0.204
    },
    {
      "name": "Trans-Fats",
      "amount": 0.0
    },
    {
      "name": "Cholesterol",
      "amount": 6.0
    }
  ],
  "foodSource": "usda",
  "foodType": "deprecated"
}