{
  "name": "CAMPBELL'S CHUNKY Soups, Hearty Bean 'N' Ham Soup",
  "sourceUID": 6414,
  "legacyUID": 6414,
  "pCF": 4.0,
  "cCF": 4.0,
  "lCF": 9.0,
  "comments": [],
  "measures": [
    {
      "grams": 1.0,
      "amount": 1.0,
      "description": "g"
    },
    {
      "grams": 245.0,
      "amount": 1.0,
      "description": "cup"
    }
  ],
  "nutrients": [
    {
      "name": "Energy",
      "amount": 74.0
    },
    {
      "name": "Protein",
      "amount": 4.49
    },
    {
      "name": "Carbs",
      "amount": 12.24
    },
    {
      "name": "Fiber",
      "amount": 3.3
    },
    {
      "name": "Sugars",
      "amount": 2.04
    },
    {
      "name": "Fat",
      "amount": 0.82
    },
    {
      "name": "Water",
      "amount": 81.6
    },
    {
      "name": "Ash",
      "amount": 0.85
    },
    {
      "name": "Calcium",
      "amount": 24.0
    },
    {
      "name": "Iron",
      "amount": 0.73
    },
    {
      "name": "Sodium",
      "amount": 318.0
    },
    {
      "name": "Vitamin A",
      "amount": 1020.0
    },
    {
      "name": "Vitamin C",
      "amount": 0.0
    },
    {
      "name": "Saturated",
      "amount": 0.204
    },
    {
      "name": "Trans-Fats",
      "amount": 0.0
    },
    {
      "name": "Cholesterol",
      "amount": 4.0
    }
  ],
  "foodSource": "usda",
  "foodType": "deprecated"
}