{
  "name": "Soup, chicken with dumplings, canned, prepared with equal volume water",
  "sourceUID": 6412,
  "legacyUID": 6412,
  "pCF": 4.0,
  "cCF": 4.0,
  "lCF": 9.0,
  "comments": [],
  "measures": [
    {
      "grams": 1.0,
      "amount": 1.0,
      "description": "g"
    },
    {
      "grams": 241.0,
      "amount": 1.0,
      "description": "cup (8 fl oz)"
    },
    {
      "grams": 586.0,
      "amount": 1.0,
      "description": "can (10.5 oz), prepared"
    }
  ],
  "nutrients": [
    {
      "name": "Energy",
      "amount": 40.0
    },
    {
      "name": "Protein",
      "amount": 2.33
    },
    {
      "name": "Carbs",
      "amount": 2.51
    },
    {
      "name": "Fiber",
      "amount": 0.2
    },
    {
      "name": "Sugars",
      "amount": 0.33
    },
    {
      "name": "Fat",
      "amount": 2.29
    },
    {
      "name": "Alcohol",
      "amount": 0.0
    },
    {
      "name": "Caffeine",
      "amount": 0.0
    },
    {
      "name": "Water",
      "amount": 91.78
    },
    {
      "name": "Ash",
      "amount": 1.1
    },
    {
      "name": "Calcium",
      "amount": 6.0
    },
    {
      "name": "Copper",
      "amount": 0.051
    },
    {
      "name": "Iron",
      "amount": 0.26
    },
    {
      "name": "Magnesium",
      "amount": 2.0
    },
    {
      "name": "Manganese",
      "amount": 0.203
    },
    {
      "name": "Phosphorus",
      "amount": 25.0
    },
    {
      "name": "Potassium",
      "amount": 48.0
    },
    {
      "name": "Selenium",
      "amount": 4.9
    },
    {
      "name": "Sodium",
      "amount": 305.0
    },
    {
      "name": "Zinc",
      "amount": 0.15
    },
    {
      "name": "Vitamin A",
      "amount": 218.0
    },
    {
      "name": "Retinol",
      "amount": 9.0
    },
    {
      "name": "Alpha-carotene",
      "amount": 38.0
    },
    {
      "name": "Beta-carotene",
      "amount": 93.0
    },
    {
      "name": "Beta-cryptoxanthin",
      "amount": 0.0
    },
    {
      "name": "Lycopene",
      "amount": 0.0
    },
    {
      "name": "Lutein+Zeaxanthin",
      "amount": 10.0
    },
    {
      "name": "Folate",
      "amount": 1.0
    },
    {
      "name": "B1 (Thiamine)",
      "amount": 0.007
    },
    {
      "name": "B2 (Riboflavin)",
      "amount": 0.03
    },
    {
      "name": "B3 (Niacin)",
      "amount": 0.727
    },
    {
      "name": "B5 (Pantothenic Acid)",
      "amount": 0.06
    },
    {
      "name": "B6 (Pyridoxine)",
      "amount": 0.015
    },
    {
      "name": "B12 (Cyanocobalamin)",
      "amount": 0.07
    },
    {
      "name": "Vitamin C",
      "amount": 0.0
    },
    {
      "name": "Vitamin D",
      "amount": 0.0
    },
    {
      "name": "Vitamin E",
      "amount": 0.23
    },
    {
      "name": "Vitamin K",
      "amount": 1.7
    },
    {
      "name": "Choline",
      "amount": 6.2
    },
    {
      "name": "Saturated",
      "amount": 0.54
    },
    {
      "name": "Monounsaturated",
      "amount": 1.05
    },
    {
      "name": "Polyunsaturated",
      "amount": 0.54
    },
    {
      "name": "Omega-3",
      "amount": 0.01
    },
    {
      "name": "Omega-6",
      "amount": 0.51
    },
    {
      "name": "Cholesterol",
      "amount": 14.0
    },
    {
      "name": "ALA",
      "amount": 0.143
    },
    {
      "name": "ARG",
      "amount": 0.121
    },
    {
      "name": "ASP",
      "amount": 0.199
    },
    {
      "name": "CYS",
      "amount": 0.03
    },
    {
      "name": "GLU",
      "amount": 0.631
    },
    {
      "name": "GLY",
      "amount": 0.171
    },
    {
      "name": "HIS",
      "amount": 0.057
    },
    {
      "name": "ILE",
      "amount": 0.101
    },
    {
      "name": "LEU",
      "amount": 0.169
    },
    {
      "name": "LYS",
      "amount": 0.157
    },
    {
      "name": "MET",
      "amount": 0.045
    },
    {
      "name": "PHE",
      "amount": 0.093
    },
    {
      "name": "PRO",
      "amount": 0.153
    },
    {
      "name": "SER",
      "amount": 0.079
    },
    {
      "name": "THR",
      "amount": 0.08
    },
    {
      "name": "TRP",
      "amount": 0.022
    },
    {
      "name": "TYR",
      "amount": 0.059
    },
    {
      "name": "VAL",
      "amount": 0.115
    }
  ],
  "foodSource": "usda",
  "foodType": "deprecated"
}