{
  "name": "CAMPBELL'S CHUNKY Soups, Hearty Chicken with Vegetables Soup",
  "sourceUID": 6418,
  "legacyUID": 6418,
  "pCF": 4.0,
  "cCF": 4.0,
  "lCF": 9.0,
  "comments": [],
  "measures": [
    {
      "grams": 1.0,
      "amount": 1.0,
      "description": "g"
    },
    {
      "grams": 245.0,
      "amount": 1.0,
      "description": "serving"
    }
  ],
  "nutrients": [
    {
      "name": "Energy",
      "amount": 45.0
    },
    {
      "name": "Protein",
      "amount": 2.45
    },
    {
      "name": "Carbs",
      "amount": 6.94
    },
    {
      "name": "Fiber",
      "amount": 1.2
    },
    {
      "name": "Sugars",
      "amount": 1.22
    },
    {
      "name": "Fat",
      "amount": 0.82
    },
    {
      "name": "Water",
      "amount": 88.6
    },
    {
      "name": "Ash",
      "amount": 1.52
    },
    {
      "name": "Calcium",
      "amount": 8.0
    },
    {
      "name": "Iron",
      "amount": 0.0
    },
    {
      "name": "Sodium",
      "amount": 290.0
    },
    {
      "name": "Vitamin A",
      "amount": 1224.0
    },
    {
      "name": "Vitamin C",
      "amount": 0.0
    },
    {
      "name": "Saturated",
      "amount": 0.204
    },
    {
      "name": "Trans-Fats",
      "amount": 0.0
    },
    {
      "name": "Cholesterol",
      "amount": 6.0
    }
  ],
  "foodSource": "usda",
  "foodType": "deprecated"
}