{
  "name": "CAMPBELL'S CHUNKY Soups, Manhattan Clam Chowder",
  "sourceUID": 6429,
  "legacyUID": 6429,
  "pCF": 4.0,
  "cCF": 4.0,
  "lCF": 9.0,
  "comments": [],
  "measures": [
    {
      "grams": 1.0,
      "amount": 1.0,
      "description": "g"
    },
    {
      "grams": 245.0,
      "amount": 1.0,
      "description": "cup"
    }
  ],
  "nutrients": [
    {
      "name": "Energy",
      "amount": 52.0
    },
    {
      "name": "Protein",
      "amount": 2.04
    },
    {
      "name": "Carbs",
      "amount": 7.76
    },
    {
      "name": "Fiber",
      "amount": 1.2
    },
    {
      "name": "Sugars",
      "amount": 1.63
    },
    {
      "name": "Fat",
      "amount": 1.43
    },
    {
      "name": "Water",
      "amount": 87.9
    },
    {
      "name": "Ash",
      "amount": 0.88
    },
    {
      "name": "Calcium",
      "amount": 16.0
    },
    {
      "name": "Iron",
      "amount": 0.44
    },
    {
      "name": "Sodium",
      "amount": 339.0
    },
    {
      "name": "Vitamin A",
      "amount": 1633.0
    },
    {
      "name": "Vitamin C",
      "amount": 0.0
    },
    {
      "name": "Saturated",
      "amount": 0.408
    },
    {
      "name": "Trans-Fats",
      "amount": 0.0
    },
    {
      "name": "Cholesterol",
      "amount": 2.0
    }
  ],
  "foodSource": "usda",
  "foodType": "deprecated"
}