{
  "name": "CAMPBELL'S CHUNKY Soups, Hearty Vegetable with Pasta Soup",
  "sourceUID": 6420,
  "legacyUID": 6420,
  "pCF": 4.0,
  "cCF": 4.0,
  "lCF": 9.0,
  "comments": [],
  "measures": [
    {
      "grams": 1.0,
      "amount": 1.0,
      "description": "g"
    },
    {
      "grams": 245.0,
      "amount": 1.0,
      "description": "cup"
    }
  ],
  "nutrients": [
    {
      "name": "Energy",
      "amount": 51.0
    },
    {
      "name": "Protein",
      "amount": 1.63
    },
    {
      "name": "Carbs",
      "amount": 9.39
    },
    {
      "name": "Fiber",
      "amount": 1.2
    },
    {
      "name": "Sugars",
      "amount": 3.67
    },
    {
      "name": "Fat",
      "amount": 0.82
    },
    {
      "name": "Water",
      "amount": 86.7
    },
    {
      "name": "Ash",
      "amount": 1.46
    },
    {
      "name": "Calcium",
      "amount": 16.0
    },
    {
      "name": "Iron",
      "amount": 0.44
    },
    {
      "name": "Sodium",
      "amount": 380.0
    },
    {
      "name": "Vitamin A",
      "amount": 1224.0
    },
    {
      "name": "Vitamin C",
      "amount": 1.0
    },
    {
      "name": "Saturated",
      "amount": 0.0
    },
    {
      "name": "Trans-Fats",
      "amount": 0.0
    },
    {
      "name": "Cholesterol",
      "amount": 2.0
    }
  ],
  "foodSource": "usda",
  "foodType": "deprecated"
}