{
  "name": "Soup, chicken vegetable, canned, prepared with equal volume water",
  "sourceUID": 6425,
  "legacyUID": 6425,
  "pCF": 4.0,
  "cCF": 4.0,
  "lCF": 9.0,
  "comments": [],
  "measures": [
    {
      "grams": 1.0,
      "amount": 1.0,
      "description": "g"
    },
    {
      "grams": 248.0,
      "amount": 1.0,
      "description": "cup (8 fl oz)"
    }
  ],
  "nutrients": [
    {
      "name": "Energy",
      "amount": 31.0
    },
    {
      "name": "Protein",
      "amount": 1.5
    },
    {
      "name": "Carbs",
      "amount": 3.56
    },
    {
      "name": "Fiber",
      "amount": 0.4
    },
    {
      "name": "Sugars",
      "amount": 0.54
    },
    {
      "name": "Fat",
      "amount": 1.18
    },
    {
      "name": "Alcohol",
      "amount": 0.0
    },
    {
      "name": "Caffeine",
      "amount": 0.0
    },
    {
      "name": "Water",
      "amount": 92.64
    },
    {
      "name": "Ash",
      "amount": 1.13
    },
    {
      "name": "Calcium",
      "amount": 7.0
    },
    {
      "name": "Copper",
      "amount": 0.051
    },
    {
      "name": "Iron",
      "amount": 0.36
    },
    {
      "name": "Magnesium",
      "amount": 3.0
    },
    {
      "name": "Manganese",
      "amount": 0.152
    },
    {
      "name": "Phosphorus",
      "amount": 17.0
    },
    {
      "name": "Potassium",
      "amount": 64.0
    },
    {
      "name": "Selenium",
      "amount": 2.2
    },
    {
      "name": "Sodium",
      "amount": 392.0
    },
    {
      "name": "Zinc",
      "amount": 0.15
    },
    {
      "name": "Vitamin A",
      "amount": 768.0
    },
    {
      "name": "Retinol",
      "amount": 4.0
    },
    {
      "name": "Alpha-carotene",
      "amount": 163.0
    },
    {
      "name": "Beta-carotene",
      "amount": 369.0
    },
    {
      "name": "Beta-cryptoxanthin",
      "amount": 3.0
    },
    {
      "name": "Lycopene",
      "amount": 54.0
    },
    {
      "name": "Lutein+Zeaxanthin",
      "amount": 47.0
    },
    {
      "name": "Folate",
      "amount": 2.0
    },
    {
      "name": "B1 (Thiamine)",
      "amount": 0.018
    },
    {
      "name": "B2 (Riboflavin)",
      "amount": 0.023
    },
    {
      "name": "B3 (Niacin)",
      "amount": 0.51
    },
    {
      "name": "B5 (Pantothenic Acid)",
      "amount": 0.07
    },
    {
      "name": "B6 (Pyridoxine)",
      "amount": 0.02
    },
    {
      "name": "B12 (Cyanocobalamin)",
      "amount": 0.05
    },
    {
      "name": "Vitamin C",
      "amount": 0.4
    },
    {
      "name": "Vitamin D",
      "amount": 0.0
    },
    {
      "name": "Vitamin E",
      "amount": 0.17
    },
    {
      "name": "Vitamin K",
      "amount": 3.5
    },
    {
      "name": "Choline",
      "amount": 4.3
    },
    {
      "name": "Saturated",
      "amount": 0.35
    },
    {
      "name": "Monounsaturated",
      "amount": 0.53
    },
    {
      "name": "Polyunsaturated",
      "amount": 0.25
    },
    {
      "name": "Omega-3",
      "amount": 0.01
    },
    {
      "name": "Omega-6",
      "amount": 0.23
    },
    {
      "name": "Cholesterol",
      "amount": 4.0
    },
    {
      "name": "ALA",
      "amount": 0.085
    },
    {
      "name": "ARG",
      "amount": 0.07
    },
    {
      "name": "ASP",
      "amount": 0.126
    },
    {
      "name": "CYS",
      "amount": 0.01
    },
    {
      "name": "GLU",
      "amount": 0.377
    },
    {
      "name": "GLY",
      "amount": 0.094
    },
    {
      "name": "HIS",
      "amount": 0.033
    },
    {
      "name": "ILE",
      "amount": 0.056
    },
    {
      "name": "LEU",
      "amount": 0.096
    },
    {
      "name": "LYS",
      "amount": 0.092
    },
    {
      "name": "MET",
      "amount": 0.025
    },
    {
      "name": "PHE",
      "amount": 0.055
    },
    {
      "name": "PRO",
      "amount": 0.086
    },
    {
      "name": "SER",
      "amount": 0.051
    },
    {
      "name": "THR",
      "amount": 0.047
    },
    {
      "name": "TRP",
      "amount": 0.013
    },
    {
      "name": "TYR",
      "amount": 0.039
    },
    {
      "name": "VAL",
      "amount": 0.066
    }
  ],
  "foodSource": "usda",
  "foodType": "deprecated"
}