{
  "name": "CAMPBELL'S CHUNKY Soups, Herb Roasted Chicken with Potatoes & Garlic Soup",
  "sourceUID": 6421,
  "legacyUID": 6421,
  "pCF": 4.0,
  "cCF": 4.0,
  "lCF": 9.0,
  "comments": [],
  "measures": [
    {
      "grams": 1.0,
      "amount": 1.0,
      "description": "g"
    },
    {
      "grams": 245.0,
      "amount": 1.0,
      "description": "cup"
    },
    {
      "grams": 245.0,
      "amount": 1.0,
      "description": "serving"
    }
  ],
  "nutrients": [
    {
      "name": "Energy",
      "amount": 46.0
    },
    {
      "name": "Protein",
      "amount": 3.27
    },
    {
      "name": "Carbs",
      "amount": 6.94
    },
    {
      "name": "Fiber",
      "amount": 1.2
    },
    {
      "name": "Sugars",
      "amount": 1.63
    },
    {
      "name": "Fat",
      "amount": 0.61
    },
    {
      "name": "Water",
      "amount": 87.2
    },
    {
      "name": "Ash",
      "amount": 1.98
    },
    {
      "name": "Calcium",
      "amount": 8.0
    },
    {
      "name": "Iron",
      "amount": 0.29
    },
    {
      "name": "Sodium",
      "amount": 355.0
    },
    {
      "name": "Vitamin A",
      "amount": 1837.0
    },
    {
      "name": "Vitamin C",
      "amount": 0.0
    },
    {
      "name": "Saturated",
      "amount": 0.408
    },
    {
      "name": "Trans-Fats",
      "amount": 0.0
    },
    {
      "name": "Cholesterol",
      "amount": 6.0
    }
  ],
  "foodSource": "usda",
  "foodType": "deprecated"
}