{
  "name": "CAMPBELL'S CHUNKY Soups, Old Fashioned Potato Ham Chowder",
  "sourceUID": 6433,
  "legacyUID": 6433,
  "pCF": 4.0,
  "cCF": 4.0,
  "lCF": 9.0,
  "comments": [],
  "measures": [
    {
      "grams": 1.0,
      "amount": 1.0,
      "description": "g"
    },
    {
      "grams": 245.0,
      "amount": 1.0,
      "description": "cup"
    }
  ],
  "nutrients": [
    {
      "name": "Energy",
      "amount": 78.0
    },
    {
      "name": "Protein",
      "amount": 2.45
    },
    {
      "name": "Carbs",
      "amount": 6.94
    },
    {
      "name": "Fiber",
      "amount": 1.2
    },
    {
      "name": "Sugars",
      "amount": 0.41
    },
    {
      "name": "Fat",
      "amount": 4.49
    },
    {
      "name": "Water",
      "amount": 83.8
    },
    {
      "name": "Ash",
      "amount": 2.32
    },
    {
      "name": "Calcium",
      "amount": 8.0
    },
    {
      "name": "Iron",
      "amount": 0.15
    },
    {
      "name": "Sodium",
      "amount": 327.0
    },
    {
      "name": "Vitamin A",
      "amount": 0.0
    },
    {
      "name": "Vitamin C",
      "amount": 1.0
    },
    {
      "name": "Saturated",
      "amount": 1.633
    },
    {
      "name": "Trans-Fats",
      "amount": 0.0
    },
    {
      "name": "Cholesterol",
      "amount": 8.0
    }
  ],
  "foodSource": "usda",
  "foodType": "deprecated"
}