{
  "name": "CAMPBELL'S CHUNKY Soups, Savory Chicken with White & Wild Rice Soup",
  "sourceUID": 6439,
  "legacyUID": 6439,
  "pCF": 4.0,
  "cCF": 4.0,
  "lCF": 9.0,
  "comments": [],
  "measures": [
    {
      "grams": 1.0,
      "amount": 1.0,
      "description": "g"
    },
    {
      "grams": 245.0,
      "amount": 1.0,
      "description": "cup"
    }
  ],
  "nutrients": [
    {
      "name": "Energy",
      "amount": 45.0
    },
    {
      "name": "Protein",
      "amount": 2.86
    },
    {
      "name": "Carbs",
      "amount": 7.35
    },
    {
      "name": "Fiber",
      "amount": 0.8
    },
    {
      "name": "Sugars",
      "amount": 0.41
    },
    {
      "name": "Fat",
      "amount": 0.82
    },
    {
      "name": "Water",
      "amount": 88.0
    },
    {
      "name": "Ash",
      "amount": 0.98
    },
    {
      "name": "Calcium",
      "amount": 8.0
    },
    {
      "name": "Iron",
      "amount": 0.0
    },
    {
      "name": "Sodium",
      "amount": 331.0
    },
    {
      "name": "Vitamin A",
      "amount": 1020.0
    },
    {
      "name": "Vitamin C",
      "amount": 0.0
    },
    {
      "name": "Saturated",
      "amount": 0.204
    },
    {
      "name": "Trans-Fats",
      "amount": 0.0
    },
    {
      "name": "Cholesterol",
      "amount": 4.0
    }
  ],
  "foodSource": "usda",
  "foodType": "deprecated"
}