{
  "name": "CAMPBELL'S CHUNKY Soups, Pork Roast with Carrots & Potatoes Soup",
  "sourceUID": 6436,
  "legacyUID": 6436,
  "pCF": 4.0,
  "cCF": 4.0,
  "lCF": 9.0,
  "comments": [],
  "measures": [
    {
      "grams": 1.0,
      "amount": 1.0,
      "description": "g"
    },
    {
      "grams": 245.0,
      "amount": 1.0,
      "description": "cup"
    },
    {
      "grams": 245.0,
      "amount": 1.0,
      "description": "serving"
    }
  ],
  "nutrients": [
    {
      "name": "Energy",
      "amount": 50.0
    },
    {
      "name": "Protein",
      "amount": 3.27
    },
    {
      "name": "Carbs",
      "amount": 6.53
    },
    {
      "name": "Fiber",
      "amount": 1.2
    },
    {
      "name": "Sugars",
      "amount": 1.22
    },
    {
      "name": "Fat",
      "amount": 1.22
    },
    {
      "name": "Water",
      "amount": 85.6
    },
    {
      "name": "Ash",
      "amount": 3.38
    },
    {
      "name": "Calcium",
      "amount": 8.0
    },
    {
      "name": "Iron",
      "amount": 0.15
    },
    {
      "name": "Sodium",
      "amount": 363.0
    },
    {
      "name": "Vitamin A",
      "amount": 1224.0
    },
    {
      "name": "Vitamin C",
      "amount": 0.0
    },
    {
      "name": "Saturated",
      "amount": 0.612
    },
    {
      "name": "Trans-Fats",
      "amount": 0.0
    },
    {
      "name": "Cholesterol",
      "amount": 6.0
    }
  ],
  "foodSource": "usda",
  "foodType": "deprecated"
}