{
  "name": "CAMPBELL'S CHUNKY Soups, Roadhouse - Beef & Bean Chili",
  "sourceUID": 6437,
  "legacyUID": 6437,
  "pCF": 4.0,
  "cCF": 4.0,
  "lCF": 9.0,
  "comments": [],
  "measures": [
    {
      "grams": 1.0,
      "amount": 1.0,
      "description": "g"
    },
    {
      "grams": 245.0,
      "amount": 1.0,
      "description": "cup"
    }
  ],
  "nutrients": [
    {
      "name": "Energy",
      "amount": 95.0
    },
    {
      "name": "Protein",
      "amount": 6.12
    },
    {
      "name": "Carbs",
      "amount": 10.2
    },
    {
      "name": "Fiber",
      "amount": 2.4
    },
    {
      "name": "Sugars",
      "amount": 2.86
    },
    {
      "name": "Fat",
      "amount": 3.27
    },
    {
      "name": "Water",
      "amount": 78.7
    },
    {
      "name": "Ash",
      "amount": 1.71
    },
    {
      "name": "Calcium",
      "amount": 16.0
    },
    {
      "name": "Iron",
      "amount": 0.73
    },
    {
      "name": "Sodium",
      "amount": 359.0
    },
    {
      "name": "Vitamin A",
      "amount": 204.0
    },
    {
      "name": "Vitamin C",
      "amount": 0.5
    },
    {
      "name": "Saturated",
      "amount": 1.429
    },
    {
      "name": "Trans-Fats",
      "amount": 0.204
    },
    {
      "name": "Cholesterol",
      "amount": 10.0
    }
  ],
  "foodSource": "usda",
  "foodType": "deprecated"
}