{
  "name": "CAMPBELL'S CHUNKY Soups, Savory Vegetable Soup",
  "sourceUID": 6447,
  "legacyUID": 6447,
  "pCF": 4.0,
  "cCF": 4.0,
  "lCF": 9.0,
  "comments": [],
  "measures": [
    {
      "grams": 1.0,
      "amount": 1.0,
      "description": "g"
    },
    {
      "grams": 245.0,
      "amount": 1.0,
      "description": "cup"
    }
  ],
  "nutrients": [
    {
      "name": "Energy",
      "amount": 44.0
    },
    {
      "name": "Protein",
      "amount": 1.22
    },
    {
      "name": "Carbs",
      "amount": 8.98
    },
    {
      "name": "Fiber",
      "amount": 1.6
    },
    {
      "name": "Sugars",
      "amount": 2.45
    },
    {
      "name": "Fat",
      "amount": 0.41
    },
    {
      "name": "Water",
      "amount": 88.2
    },
    {
      "name": "Ash",
      "amount": 1.19
    },
    {
      "name": "Calcium",
      "amount": 16.0
    },
    {
      "name": "Iron",
      "amount": 0.29
    },
    {
      "name": "Sodium",
      "amount": 314.0
    },
    {
      "name": "Vitamin A",
      "amount": 1633.0
    },
    {
      "name": "Vitamin C",
      "amount": 0.0
    },
    {
      "name": "Saturated",
      "amount": 0.204
    },
    {
      "name": "Trans-Fats",
      "amount": 0.0
    },
    {
      "name": "Cholesterol",
      "amount": 0.0
    }
  ],
  "foodSource": "usda",
  "foodType": "deprecated"
}