{
  "name": "Soup, onion, canned, prepared with equal volume water",
  "sourceUID": 6445,
  "legacyUID": 6445,
  "pCF": 4.0,
  "cCF": 4.0,
  "lCF": 9.0,
  "comments": [],
  "measures": [
    {
      "grams": 1.0,
      "amount": 1.0,
      "description": "g"
    },
    {
      "grams": 243.0,
      "amount": 1.0,
      "description": "serving 1 cup"
    },
    {
      "grams": 30.4,
      "amount": 1.0,
      "description": "fl oz"
    }
  ],
  "nutrients": [
    {
      "name": "Energy",
      "amount": 23.0
    },
    {
      "name": "Protein",
      "amount": 1.5
    },
    {
      "name": "Carbs",
      "amount": 3.27
    },
    {
      "name": "Fiber",
      "amount": 0.3
    },
    {
      "name": "Sugars",
      "amount": 1.33
    },
    {
      "name": "Fat",
      "amount": 0.7
    },
    {
      "name": "Alcohol",
      "amount": 0.0
    },
    {
      "name": "Caffeine",
      "amount": 0.0
    },
    {
      "name": "Water",
      "amount": 93.26
    },
    {
      "name": "Ash",
      "amount": 1.27
    },
    {
      "name": "Calcium",
      "amount": 12.0
    },
    {
      "name": "Copper",
      "amount": 0.054
    },
    {
      "name": "Iron",
      "amount": 0.27
    },
    {
      "name": "Magnesium",
      "amount": 1.0
    },
    {
      "name": "Manganese",
      "amount": 0.098
    },
    {
      "name": "Phosphorus",
      "amount": 4.0
    },
    {
      "name": "Potassium",
      "amount": 28.0
    },
    {
      "name": "Selenium",
      "amount": 1.7
    },
    {
      "name": "Sodium",
      "amount": 423.0
    },
    {
      "name": "Zinc",
      "amount": 0.25
    },
    {
      "name": "Vitamin A",
      "amount": 5.0
    },
    {
      "name": "Retinol",
      "amount": 1.0
    },
    {
      "name": "Alpha-carotene",
      "amount": 0.0
    },
    {
      "name": "Beta-carotene",
      "amount": 1.0
    },
    {
      "name": "Beta-cryptoxanthin",
      "amount": 0.0
    },
    {
      "name": "Lycopene",
      "amount": 0.0
    },
    {
      "name": "Lutein+Zeaxanthin",
      "amount": 0.0
    },
    {
      "name": "Folate",
      "amount": 6.0
    },
    {
      "name": "B1 (Thiamine)",
      "amount": 0.013
    },
    {
      "name": "B2 (Riboflavin)",
      "amount": 0.01
    },
    {
      "name": "B3 (Niacin)",
      "amount": 0.24
    },
    {
      "name": "B5 (Pantothenic Acid)",
      "amount": 0.0
    },
    {
      "name": "B6 (Pyridoxine)",
      "amount": 0.02
    },
    {
      "name": "B12 (Cyanocobalamin)",
      "amount": 0.0
    },
    {
      "name": "Vitamin C",
      "amount": 0.5
    },
    {
      "name": "Vitamin D",
      "amount": 0.0
    },
    {
      "name": "Vitamin E",
      "amount": 0.11
    },
    {
      "name": "Vitamin K",
      "amount": 0.2
    },
    {
      "name": "Choline",
      "amount": 2.0
    },
    {
      "name": "Saturated",
      "amount": 0.103
    },
    {
      "name": "Monounsaturated",
      "amount": 0.299
    },
    {
      "name": "Polyunsaturated",
      "amount": 0.26
    },
    {
      "name": "Omega-3",
      "amount": 0.02
    },
    {
      "name": "Omega-6",
      "amount": 0.245
    },
    {
      "name": "Cholesterol",
      "amount": 0.0
    }
  ],
  "foodSource": "usda",
  "foodType": "deprecated"
}