{
  "name": "CAMPBELL'S CHUNKY Soups, Smoked Chicken with Roasted Corn Chowder",
  "sourceUID": 6458,
  "legacyUID": 6458,
  "pCF": 4.0,
  "cCF": 4.0,
  "lCF": 9.0,
  "comments": [],
  "measures": [
    {
      "grams": 1.0,
      "amount": 1.0,
      "description": "g"
    },
    {
      "grams": 245.0,
      "amount": 1.0,
      "description": "cup"
    },
    {
      "grams": 245.0,
      "amount": 1.0,
      "description": "serving"
    }
  ],
  "nutrients": [
    {
      "name": "Energy",
      "amount": 84.0
    },
    {
      "name": "Protein",
      "amount": 4.08
    },
    {
      "name": "Carbs",
      "amount": 7.76
    },
    {
      "name": "Fiber",
      "amount": 2.0
    },
    {
      "name": "Sugars",
      "amount": 1.22
    },
    {
      "name": "Fat",
      "amount": 4.08
    },
    {
      "name": "Water",
      "amount": 82.2
    },
    {
      "name": "Ash",
      "amount": 1.88
    },
    {
      "name": "Calcium",
      "amount": 8.0
    },
    {
      "name": "Iron",
      "amount": 0.15
    },
    {
      "name": "Sodium",
      "amount": 363.0
    },
    {
      "name": "Vitamin A",
      "amount": 510.0
    },
    {
      "name": "Vitamin C",
      "amount": 0.0
    },
    {
      "name": "Saturated",
      "amount": 0.816
    },
    {
      "name": "Trans-Fats",
      "amount": 0.0
    },
    {
      "name": "Cholesterol",
      "amount": 6.0
    }
  ],
  "foodSource": "usda",
  "foodType": "deprecated"
}