{
  "name": "CAMPBELL'S CHUNKY Soups, Split Pea 'N' Ham Soup",
  "sourceUID": 6459,
  "legacyUID": 6459,
  "pCF": 4.0,
  "cCF": 4.0,
  "lCF": 9.0,
  "comments": [],
  "measures": [
    {
      "grams": 1.0,
      "amount": 1.0,
      "description": "g"
    },
    {
      "grams": 245.0,
      "amount": 1.0,
      "description": "cup"
    }
  ],
  "nutrients": [
    {
      "name": "Energy",
      "amount": 78.0
    },
    {
      "name": "Protein",
      "amount": 4.9
    },
    {
      "name": "Carbs",
      "amount": 12.24
    },
    {
      "name": "Fiber",
      "amount": 2.0
    },
    {
      "name": "Sugars",
      "amount": 2.04
    },
    {
      "name": "Fat",
      "amount": 1.02
    },
    {
      "name": "Water",
      "amount": 81.0
    },
    {
      "name": "Ash",
      "amount": 1.16
    },
    {
      "name": "Calcium",
      "amount": 8.0
    },
    {
      "name": "Iron",
      "amount": 0.59
    },
    {
      "name": "Sodium",
      "amount": 318.0
    },
    {
      "name": "Vitamin A",
      "amount": 1020.0
    },
    {
      "name": "Vitamin C",
      "amount": 1.0
    },
    {
      "name": "Saturated",
      "amount": 0.408
    },
    {
      "name": "Trans-Fats",
      "amount": 0.0
    },
    {
      "name": "Cholesterol",
      "amount": 4.0
    }
  ],
  "foodSource": "usda",
  "foodType": "deprecated"
}