{
  "name": "Soup, scotch broth, canned, prepared with equal volume water",
  "sourceUID": 6455,
  "legacyUID": 6455,
  "pCF": 4.0,
  "cCF": 4.0,
  "lCF": 9.0,
  "comments": [],
  "measures": [
    {
      "grams": 1.0,
      "amount": 1.0,
      "description": "g"
    },
    {
      "grams": 241.0,
      "amount": 1.0,
      "description": "cup"
    },
    {
      "grams": 586.0,
      "amount": 1.0,
      "description": "can (10.5 oz), prepared"
    }
  ],
  "nutrients": [
    {
      "name": "Energy",
      "amount": 33.0
    },
    {
      "name": "Protein",
      "amount": 2.03
    },
    {
      "name": "Carbs",
      "amount": 3.87
    },
    {
      "name": "Fiber",
      "amount": 0.5
    },
    {
      "name": "Sugars",
      "amount": 0.26
    },
    {
      "name": "Fat",
      "amount": 1.07
    },
    {
      "name": "Alcohol",
      "amount": 0.0
    },
    {
      "name": "Caffeine",
      "amount": 0.0
    },
    {
      "name": "Water",
      "amount": 91.84
    },
    {
      "name": "Ash",
      "amount": 1.2
    },
    {
      "name": "Calcium",
      "amount": 8.0
    },
    {
      "name": "Copper",
      "amount": 0.105
    },
    {
      "name": "Iron",
      "amount": 0.34
    },
    {
      "name": "Magnesium",
      "amount": 2.0
    },
    {
      "name": "Manganese",
      "amount": 0.15
    },
    {
      "name": "Phosphorus",
      "amount": 23.0
    },
    {
      "name": "Potassium",
      "amount": 65.0
    },
    {
      "name": "Selenium",
      "amount": 1.1
    },
    {
      "name": "Sodium",
      "amount": 415.0
    },
    {
      "name": "Zinc",
      "amount": 0.65
    },
    {
      "name": "Vitamin A",
      "amount": 0.0
    },
    {
      "name": "Retinol",
      "amount": 0.0
    },
    {
      "name": "Alpha-carotene",
      "amount": 0.0
    },
    {
      "name": "Beta-carotene",
      "amount": 0.0
    },
    {
      "name": "Beta-cryptoxanthin",
      "amount": 0.0
    },
    {
      "name": "Lycopene",
      "amount": 0.0
    },
    {
      "name": "Lutein+Zeaxanthin",
      "amount": 0.0
    },
    {
      "name": "Folate",
      "amount": 4.0
    },
    {
      "name": "B1 (Thiamine)",
      "amount": 0.008
    },
    {
      "name": "B2 (Riboflavin)",
      "amount": 0.019
    },
    {
      "name": "B3 (Niacin)",
      "amount": 0.475
    },
    {
      "name": "B5 (Pantothenic Acid)",
      "amount": 0.14
    },
    {
      "name": "B6 (Pyridoxine)",
      "amount": 0.03
    },
    {
      "name": "B12 (Cyanocobalamin)",
      "amount": 0.11
    },
    {
      "name": "Vitamin C",
      "amount": 0.4
    },
    {
      "name": "Vitamin D",
      "amount": 0.0
    },
    {
      "name": "Vitamin E",
      "amount": 0.03
    },
    {
      "name": "Vitamin K",
      "amount": 0.0
    },
    {
      "name": "Choline",
      "amount": 5.1
    },
    {
      "name": "Saturated",
      "amount": 0.455
    },
    {
      "name": "Monounsaturated",
      "amount": 0.315
    },
    {
      "name": "Polyunsaturated",
      "amount": 0.225
    },
    {
      "name": "Omega-3",
      "amount": 0.035
    },
    {
      "name": "Omega-6",
      "amount": 0.185
    },
    {
      "name": "Cholesterol",
      "amount": 2.0
    }
  ],
  "foodSource": "usda",
  "foodType": "deprecated"
}