{
  "name": "CAMPBELL'S CHUNKY Soups, Grilled Steak- Steak Chili with Beans",
  "sourceUID": 6454,
  "legacyUID": 6454,
  "pCF": 4.0,
  "cCF": 4.0,
  "lCF": 9.0,
  "comments": [],
  "measures": [
    {
      "grams": 1.0,
      "amount": 1.0,
      "description": "g"
    },
    {
      "grams": 245.0,
      "amount": 1.0,
      "description": "cup"
    }
  ],
  "nutrients": [
    {
      "name": "Energy",
      "amount": 81.0
    },
    {
      "name": "Protein",
      "amount": 6.53
    },
    {
      "name": "Carbs",
      "amount": 11.02
    },
    {
      "name": "Fiber",
      "amount": 2.9
    },
    {
      "name": "Sugars",
      "amount": 3.67
    },
    {
      "name": "Fat",
      "amount": 1.22
    },
    {
      "name": "Water",
      "amount": 80.0
    },
    {
      "name": "Ash",
      "amount": 1.22
    },
    {
      "name": "Calcium",
      "amount": 16.0
    },
    {
      "name": "Iron",
      "amount": 0.73
    },
    {
      "name": "Sodium",
      "amount": 355.0
    },
    {
      "name": "Vitamin A",
      "amount": 306.0
    },
    {
      "name": "Vitamin C",
      "amount": 0.5
    },
    {
      "name": "Saturated",
      "amount": 0.408
    },
    {
      "name": "Trans-Fats",
      "amount": 0.0
    },
    {
      "name": "Cholesterol",
      "amount": 6.0
    }
  ],
  "foodSource": "usda",
  "foodType": "deprecated"
}