{
  "name": "Soup, pepperpot, canned, prepared with equal volume water",
  "sourceUID": 6452,
  "legacyUID": 6452,
  "pCF": 4.0,
  "cCF": 4.0,
  "lCF": 9.0,
  "comments": [],
  "measures": [
    {
      "grams": 1.0,
      "amount": 1.0,
      "description": "g"
    },
    {
      "grams": 243.0,
      "amount": 1.0,
      "description": "serving 1 cup"
    },
    {
      "grams": 30.4,
      "amount": 1.0,
      "description": "fl oz"
    }
  ],
  "nutrients": [
    {
      "name": "Energy",
      "amount": 41.0
    },
    {
      "name": "Protein",
      "amount": 2.54
    },
    {
      "name": "Carbs",
      "amount": 3.75
    },
    {
      "name": "Fiber",
      "amount": 0.2
    },
    {
      "name": "Sugars",
      "amount": 0.0
    },
    {
      "name": "Fat",
      "amount": 1.85
    },
    {
      "name": "Alcohol",
      "amount": 0.0
    },
    {
      "name": "Caffeine",
      "amount": 0.0
    },
    {
      "name": "Water",
      "amount": 90.46
    },
    {
      "name": "Ash",
      "amount": 1.4
    },
    {
      "name": "Calcium",
      "amount": 11.0
    },
    {
      "name": "Copper",
      "amount": 0.054
    },
    {
      "name": "Fluoride",
      "amount": 36.4
    },
    {
      "name": "Iron",
      "amount": 0.36
    },
    {
      "name": "Magnesium",
      "amount": 2.0
    },
    {
      "name": "Manganese",
      "amount": 0.245
    },
    {
      "name": "Phosphorus",
      "amount": 17.0
    },
    {
      "name": "Potassium",
      "amount": 61.0
    },
    {
      "name": "Selenium",
      "amount": 0.0
    },
    {
      "name": "Sodium",
      "amount": 385.0
    },
    {
      "name": "Zinc",
      "amount": 0.49
    },
    {
      "name": "Vitamin A",
      "amount": 384.0
    },
    {
      "name": "Retinol",
      "amount": 0.0
    },
    {
      "name": "Alpha-carotene",
      "amount": 79.0
    },
    {
      "name": "Beta-carotene",
      "amount": 190.0
    },
    {
      "name": "Beta-cryptoxanthin",
      "amount": 2.0
    },
    {
      "name": "Lycopene",
      "amount": 576.0
    },
    {
      "name": "Lutein+Zeaxanthin",
      "amount": 13.0
    },
    {
      "name": "Folate",
      "amount": 4.0
    },
    {
      "name": "B1 (Thiamine)",
      "amount": 0.021
    },
    {
      "name": "B2 (Riboflavin)",
      "amount": 0.019
    },
    {
      "name": "B3 (Niacin)",
      "amount": 0.489
    },
    {
      "name": "B5 (Pantothenic Acid)",
      "amount": 0.137
    },
    {
      "name": "B6 (Pyridoxine)",
      "amount": 0.024
    },
    {
      "name": "B12 (Cyanocobalamin)",
      "amount": 0.07
    },
    {
      "name": "Vitamin C",
      "amount": 0.5
    },
    {
      "name": "Vitamin D",
      "amount": 0.0
    },
    {
      "name": "Vitamin E",
      "amount": 0.03
    },
    {
      "name": "Vitamin K",
      "amount": 0.0
    },
    {
      "name": "Choline",
      "amount": 5.0
    },
    {
      "name": "Saturated",
      "amount": 0.822
    },
    {
      "name": "Monounsaturated",
      "amount": 0.803
    },
    {
      "name": "Polyunsaturated",
      "amount": 0.142
    },
    {
      "name": "Omega-3",
      "amount": 0.015
    },
    {
      "name": "Omega-6",
      "amount": 0.122
    },
    {
      "name": "Cholesterol",
      "amount": 4.0
    }
  ],
  "foodSource": "usda",
  "foodType": "deprecated"
}