{
  "name": "CAMPBELL'S CHUNKY Soups, Tantalizin' Turkey - Turkey Chili with Beans Soup",
  "sourceUID": 6464,
  "legacyUID": 6464,
  "pCF": 4.0,
  "cCF": 4.0,
  "lCF": 9.0,
  "comments": [],
  "measures": [
    {
      "grams": 1.0,
      "amount": 1.0,
      "description": "g"
    },
    {
      "grams": 245.0,
      "amount": 1.0,
      "description": "serving"
    }
  ],
  "nutrients": [
    {
      "name": "Energy",
      "amount": 78.0
    },
    {
      "name": "Protein",
      "amount": 6.12
    },
    {
      "name": "Carbs",
      "amount": 11.02
    },
    {
      "name": "Fiber",
      "amount": 3.3
    },
    {
      "name": "Sugars",
      "amount": 3.67
    },
    {
      "name": "Fat",
      "amount": 1.02
    },
    {
      "name": "Water",
      "amount": 80.6
    },
    {
      "name": "Ash",
      "amount": 1.24
    },
    {
      "name": "Calcium",
      "amount": 24.0
    },
    {
      "name": "Iron",
      "amount": 0.73
    },
    {
      "name": "Sodium",
      "amount": 359.0
    },
    {
      "name": "Vitamin A",
      "amount": 408.0
    },
    {
      "name": "Vitamin C",
      "amount": 1.0
    },
    {
      "name": "Saturated",
      "amount": 0.408
    },
    {
      "name": "Trans-Fats",
      "amount": 0.0
    },
    {
      "name": "Cholesterol",
      "amount": 6.0
    }
  ],
  "foodSource": "usda",
  "foodType": "deprecated"
}