{
  "name": "Soup, stockpot, canned, prepared with equal volume water",
  "sourceUID": 6460,
  "legacyUID": 6460,
  "pCF": 4.0,
  "cCF": 4.0,
  "lCF": 9.0,
  "comments": [],
  "measures": [
    {
      "grams": 1.0,
      "amount": 1.0,
      "description": "g"
    },
    {
      "grams": 247.0,
      "amount": 1.0,
      "description": "cup (8 fl oz)"
    },
    {
      "grams": 600.0,
      "amount": 1.0,
      "description": "can (11 oz), prepared"
    }
  ],
  "nutrients": [
    {
      "name": "Energy",
      "amount": 40.0
    },
    {
      "name": "Protein",
      "amount": 1.97
    },
    {
      "name": "Carbs",
      "amount": 4.65
    },
    {
      "name": "Fat",
      "amount": 1.58
    },
    {
      "name": "Water",
      "amount": 90.58
    },
    {
      "name": "Ash",
      "amount": 1.22
    },
    {
      "name": "Calcium",
      "amount": 9.0
    },
    {
      "name": "Copper",
      "amount": 0.052
    },
    {
      "name": "Iron",
      "amount": 0.35
    },
    {
      "name": "Magnesium",
      "amount": 2.0
    },
    {
      "name": "Manganese",
      "amount": 0.104
    },
    {
      "name": "Phosphorus",
      "amount": 22.0
    },
    {
      "name": "Potassium",
      "amount": 96.0
    },
    {
      "name": "Sodium",
      "amount": 424.0
    },
    {
      "name": "Zinc",
      "amount": 0.47
    },
    {
      "name": "Vitamin A",
      "amount": 1611.0
    },
    {
      "name": "Retinol",
      "amount": 0.0
    },
    {
      "name": "Folate",
      "amount": 4.0
    },
    {
      "name": "B1 (Thiamine)",
      "amount": 0.018
    },
    {
      "name": "B2 (Riboflavin)",
      "amount": 0.021
    },
    {
      "name": "B3 (Niacin)",
      "amount": 0.494
    },
    {
      "name": "B5 (Pantothenic Acid)",
      "amount": 0.14
    },
    {
      "name": "B6 (Pyridoxine)",
      "amount": 0.036
    },
    {
      "name": "B12 (Cyanocobalamin)",
      "amount": 0.0
    },
    {
      "name": "Vitamin C",
      "amount": 0.8
    },
    {
      "name": "Saturated",
      "amount": 0.35
    },
    {
      "name": "Monounsaturated",
      "amount": 0.41
    },
    {
      "name": "Polyunsaturated",
      "amount": 0.71
    },
    {
      "name": "Omega-3",
      "amount": 0.05
    },
    {
      "name": "Omega-6",
      "amount": 0.65
    },
    {
      "name": "Cholesterol",
      "amount": 2.0
    },
    {
      "name": "ALA",
      "amount": 0.112
    },
    {
      "name": "ARG",
      "amount": 0.092
    },
    {
      "name": "ASP",
      "amount": 0.166
    },
    {
      "name": "CYS",
      "amount": 0.014
    },
    {
      "name": "GLU",
      "amount": 0.496
    },
    {
      "name": "GLY",
      "amount": 0.124
    },
    {
      "name": "HIS",
      "amount": 0.044
    },
    {
      "name": "ILE",
      "amount": 0.074
    },
    {
      "name": "LEU",
      "amount": 0.126
    },
    {
      "name": "LYS",
      "amount": 0.121
    },
    {
      "name": "MET",
      "amount": 0.033
    },
    {
      "name": "PHE",
      "amount": 0.072
    },
    {
      "name": "PRO",
      "amount": 0.113
    },
    {
      "name": "SER",
      "amount": 0.068
    },
    {
      "name": "THR",
      "amount": 0.061
    },
    {
      "name": "TRP",
      "amount": 0.017
    },
    {
      "name": "TYR",
      "amount": 0.051
    },
    {
      "name": "VAL",
      "amount": 0.087
    }
  ],
  "foodSource": "usda",
  "foodType": "deprecated"
}