{
  "name": "Soup, cauliflower, dry, mix, prepared with water",
  "sourceUID": 6478,
  "legacyUID": 6478,
  "pCF": 4.0,
  "cCF": 4.0,
  "lCF": 9.0,
  "comments": [],
  "measures": [
    {
      "grams": 1.0,
      "amount": 1.0,
      "description": "g"
    },
    {
      "grams": 256.0,
      "amount": 1.0,
      "description": "cup (8 fl oz)"
    }
  ],
  "nutrients": [
    {
      "name": "Energy",
      "amount": 27.0
    },
    {
      "name": "Protein",
      "amount": 1.13
    },
    {
      "name": "Carbs",
      "amount": 4.19
    },
    {
      "name": "Fat",
      "amount": 0.67
    },
    {
      "name": "Water",
      "amount": 92.93
    },
    {
      "name": "Ash",
      "amount": 1.08
    },
    {
      "name": "Calcium",
      "amount": 4.0
    },
    {
      "name": "Copper",
      "amount": 0.01
    },
    {
      "name": "Iron",
      "amount": 0.2
    },
    {
      "name": "Magnesium",
      "amount": 1.0
    },
    {
      "name": "Manganese",
      "amount": 0.02
    },
    {
      "name": "Phosphorus",
      "amount": 20.0
    },
    {
      "name": "Potassium",
      "amount": 41.0
    },
    {
      "name": "Sodium",
      "amount": 329.0
    },
    {
      "name": "Zinc",
      "amount": 0.1
    },
    {
      "name": "Vitamin A",
      "amount": 2.0
    },
    {
      "name": "Retinol",
      "amount": 0.0
    },
    {
      "name": "Folate",
      "amount": 1.0
    },
    {
      "name": "B1 (Thiamine)",
      "amount": 0.03
    },
    {
      "name": "B2 (Riboflavin)",
      "amount": 0.03
    },
    {
      "name": "B3 (Niacin)",
      "amount": 0.2
    },
    {
      "name": "B5 (Pantothenic Acid)",
      "amount": 0.04
    },
    {
      "name": "B6 (Pyridoxine)",
      "amount": 0.01
    },
    {
      "name": "B12 (Cyanocobalamin)",
      "amount": 0.07
    },
    {
      "name": "Vitamin C",
      "amount": 1.0
    },
    {
      "name": "Saturated",
      "amount": 0.1
    },
    {
      "name": "Monounsaturated",
      "amount": 0.29
    },
    {
      "name": "Polyunsaturated",
      "amount": 0.25
    },
    {
      "name": "Omega-3",
      "amount": 0.02
    },
    {
      "name": "Omega-6",
      "amount": 0.23
    },
    {
      "name": "Cholesterol",
      "amount": 0.0
    }
  ],
  "foodSource": "usda",
  "foodType": "deprecated"
}