{
  "name": "Soup, bean with bacon, dry, mix, prepared with water",
  "sourceUID": 6474,
  "legacyUID": 6474,
  "pCF": 4.0,
  "cCF": 4.0,
  "lCF": 9.0,
  "comments": [],
  "measures": [
    {
      "grams": 1.0,
      "amount": 1.0,
      "description": "g"
    },
    {
      "grams": 265.0,
      "amount": 1.0,
      "description": "cup (8 fl oz)"
    }
  ],
  "nutrients": [
    {
      "name": "Energy",
      "amount": 40.0
    },
    {
      "name": "Protein",
      "amount": 2.07
    },
    {
      "name": "Carbs",
      "amount": 6.18
    },
    {
      "name": "Fiber",
      "amount": 3.4
    },
    {
      "name": "Sugars",
      "amount": 0.23
    },
    {
      "name": "Fat",
      "amount": 0.81
    },
    {
      "name": "Alcohol",
      "amount": 0.0
    },
    {
      "name": "Caffeine",
      "amount": 0.0
    },
    {
      "name": "Water",
      "amount": 89.73
    },
    {
      "name": "Ash",
      "amount": 1.21
    },
    {
      "name": "Calcium",
      "amount": 21.0
    },
    {
      "name": "Copper",
      "amount": 0.1
    },
    {
      "name": "Iron",
      "amount": 0.5
    },
    {
      "name": "Magnesium",
      "amount": 11.0
    },
    {
      "name": "Manganese",
      "amount": 0.2
    },
    {
      "name": "Phosphorus",
      "amount": 34.0
    },
    {
      "name": "Potassium",
      "amount": 123.0
    },
    {
      "name": "Selenium",
      "amount": 2.2
    },
    {
      "name": "Sodium",
      "amount": 350.0
    },
    {
      "name": "Zinc",
      "amount": 0.26
    },
    {
      "name": "Vitamin A",
      "amount": 20.0
    },
    {
      "name": "Retinol",
      "amount": 0.0
    },
    {
      "name": "Alpha-carotene",
      "amount": 0.0
    },
    {
      "name": "Beta-carotene",
      "amount": 11.0
    },
    {
      "name": "Beta-cryptoxanthin",
      "amount": 0.0
    },
    {
      "name": "Lycopene",
      "amount": 752.0
    },
    {
      "name": "Lutein+Zeaxanthin",
      "amount": 0.0
    },
    {
      "name": "Folate",
      "amount": 3.0
    },
    {
      "name": "B1 (Thiamine)",
      "amount": 0.02
    },
    {
      "name": "B2 (Riboflavin)",
      "amount": 0.1
    },
    {
      "name": "B3 (Niacin)",
      "amount": 0.15
    },
    {
      "name": "B5 (Pantothenic Acid)",
      "amount": 0.02
    },
    {
      "name": "B6 (Pyridoxine)",
      "amount": 0.01
    },
    {
      "name": "B12 (Cyanocobalamin)",
      "amount": 0.01
    },
    {
      "name": "Vitamin C",
      "amount": 0.4
    },
    {
      "name": "Vitamin D",
      "amount": 0.0
    },
    {
      "name": "Vitamin E",
      "amount": 0.21
    },
    {
      "name": "Vitamin K",
      "amount": 0.6
    },
    {
      "name": "Choline",
      "amount": 9.2
    },
    {
      "name": "Saturated",
      "amount": 0.36
    },
    {
      "name": "Monounsaturated",
      "amount": 0.35
    },
    {
      "name": "Polyunsaturated",
      "amount": 0.06
    },
    {
      "name": "Omega-3",
      "amount": 0.01
    },
    {
      "name": "Omega-6",
      "amount": 0.05
    },
    {
      "name": "Cholesterol",
      "amount": 1.0
    }
  ],
  "foodSource": "usda",
  "foodType": "deprecated"
}