{
  "name": "Soup, beef noodle, dry, mix, prepared with water",
  "sourceUID": 6477,
  "legacyUID": 6477,
  "pCF": 4.0,
  "cCF": 4.0,
  "lCF": 9.0,
  "comments": [],
  "measures": [
    {
      "grams": 1.0,
      "amount": 1.0,
      "description": "g"
    },
    {
      "grams": 251.0,
      "amount": 1.0,
      "description": "cup"
    },
    {
      "grams": 31.4,
      "amount": 1.0,
      "description": "fl oz"
    },
    {
      "grams": 187.0,
      "amount": 1.0,
      "description": "packet (6 fl oz prepared)"
    }
  ],
  "nutrients": [
    {
      "name": "Energy",
      "amount": 16.0
    },
    {
      "name": "Protein",
      "amount": 0.88
    },
    {
      "name": "Carbs",
      "amount": 2.4
    },
    {
      "name": "Fiber",
      "amount": 0.3
    },
    {
      "name": "Fat",
      "amount": 0.32
    },
    {
      "name": "Alcohol",
      "amount": 0.0
    },
    {
      "name": "Water",
      "amount": 95.32
    },
    {
      "name": "Ash",
      "amount": 1.09
    },
    {
      "name": "Calcium",
      "amount": 2.0
    },
    {
      "name": "Copper",
      "amount": 0.02
    },
    {
      "name": "Iron",
      "amount": 0.13
    },
    {
      "name": "Magnesium",
      "amount": 4.0
    },
    {
      "name": "Manganese",
      "amount": 0.04
    },
    {
      "name": "Phosphorus",
      "amount": 16.0
    },
    {
      "name": "Potassium",
      "amount": 32.0
    },
    {
      "name": "Selenium",
      "amount": 1.8
    },
    {
      "name": "Sodium",
      "amount": 415.0
    },
    {
      "name": "Zinc",
      "amount": 0.04
    },
    {
      "name": "Vitamin A",
      "amount": 3.0
    },
    {
      "name": "Retinol",
      "amount": 0.0
    },
    {
      "name": "Folate",
      "amount": 6.0
    },
    {
      "name": "B1 (Thiamine)",
      "amount": 0.049
    },
    {
      "name": "B2 (Riboflavin)",
      "amount": 0.024
    },
    {
      "name": "B3 (Niacin)",
      "amount": 0.275
    },
    {
      "name": "B5 (Pantothenic Acid)",
      "amount": 0.001
    },
    {
      "name": "B6 (Pyridoxine)",
      "amount": 0.014
    },
    {
      "name": "B12 (Cyanocobalamin)",
      "amount": 0.0
    },
    {
      "name": "Vitamin C",
      "amount": 0.2
    },
    {
      "name": "Saturated",
      "amount": 0.1
    },
    {
      "name": "Monounsaturated",
      "amount": 0.14
    },
    {
      "name": "Polyunsaturated",
      "amount": 0.07
    },
    {
      "name": "Omega-3",
      "amount": 0.01
    },
    {
      "name": "Omega-6",
      "amount": 0.06
    },
    {
      "name": "Cholesterol",
      "amount": 1.0
    }
  ],
  "foodSource": "usda",
  "foodType": "deprecated"
}