{
  "name": "CAMPBELL'S Low Sodium Soups, Chicken Broth",
  "sourceUID": 6470,
  "legacyUID": 6470,
  "pCF": 4.0,
  "cCF": 4.0,
  "lCF": 9.0,
  "comments": [],
  "measures": [
    {
      "grams": 1.0,
      "amount": 1.0,
      "description": "g"
    },
    {
      "grams": 298.0,
      "amount": 1.0,
      "description": "serving 1 container"
    }
  ],
  "nutrients": [
    {
      "name": "Energy",
      "amount": 10.0
    },
    {
      "name": "Protein",
      "amount": 1.01
    },
    {
      "name": "Carbs",
      "amount": 0.34
    },
    {
      "name": "Fiber",
      "amount": 0.0
    },
    {
      "name": "Sugars",
      "amount": 0.34
    },
    {
      "name": "Fat",
      "amount": 0.34
    },
    {
      "name": "Water",
      "amount": 98.2
    },
    {
      "name": "Ash",
      "amount": 0.46
    },
    {
      "name": "Calcium",
      "amount": 0.0
    },
    {
      "name": "Iron",
      "amount": 0.0
    },
    {
      "name": "Potassium",
      "amount": 77.0
    },
    {
      "name": "Sodium",
      "amount": 47.0
    },
    {
      "name": "Saturated",
      "amount": 0.168
    },
    {
      "name": "Monounsaturated",
      "amount": 0.0
    },
    {
      "name": "Polyunsaturated",
      "amount": 0.0
    },
    {
      "name": "Trans-Fats",
      "amount": 0.0
    },
    {
      "name": "Cholesterol",
      "amount": 2.0
    }
  ],
  "foodSource": "usda",
  "foodType": "deprecated"
}