{
  "name": "Soup, cream of celery, dry, mix, prepared with water",
  "sourceUID": 6479,
  "legacyUID": 6479,
  "pCF": 4.0,
  "cCF": 4.0,
  "lCF": 9.0,
  "comments": [],
  "measures": [
    {
      "grams": 1.0,
      "amount": 1.0,
      "description": "g"
    },
    {
      "grams": 254.0,
      "amount": 1.0,
      "description": "cup (8 fl oz)"
    }
  ],
  "nutrients": [
    {
      "name": "Energy",
      "amount": 25.0
    },
    {
      "name": "Protein",
      "amount": 1.03
    },
    {
      "name": "Carbs",
      "amount": 3.84
    },
    {
      "name": "Fat",
      "amount": 0.64
    },
    {
      "name": "Water",
      "amount": 93.45
    },
    {
      "name": "Ash",
      "amount": 1.04
    },
    {
      "name": "Calcium",
      "amount": 14.0
    },
    {
      "name": "Copper",
      "amount": 0.05
    },
    {
      "name": "Iron",
      "amount": 0.2
    },
    {
      "name": "Magnesium",
      "amount": 2.0
    },
    {
      "name": "Manganese",
      "amount": 0.09
    },
    {
      "name": "Phosphorus",
      "amount": 13.0
    },
    {
      "name": "Potassium",
      "amount": 43.0
    },
    {
      "name": "Sodium",
      "amount": 330.0
    },
    {
      "name": "Zinc",
      "amount": 0.05
    },
    {
      "name": "Vitamin A",
      "amount": 106.0
    },
    {
      "name": "Retinol",
      "amount": 0.0
    },
    {
      "name": "Folate",
      "amount": 1.0
    },
    {
      "name": "B1 (Thiamine)",
      "amount": 0.01
    },
    {
      "name": "B2 (Riboflavin)",
      "amount": 0.02
    },
    {
      "name": "B3 (Niacin)",
      "amount": 0.12
    },
    {
      "name": "B5 (Pantothenic Acid)",
      "amount": 0.4
    },
    {
      "name": "B6 (Pyridoxine)",
      "amount": 0.0
    },
    {
      "name": "B12 (Cyanocobalamin)",
      "amount": 0.02
    },
    {
      "name": "Vitamin C",
      "amount": 0.1
    },
    {
      "name": "Saturated",
      "amount": 0.1
    },
    {
      "name": "Monounsaturated",
      "amount": 0.28
    },
    {
      "name": "Polyunsaturated",
      "amount": 0.24
    },
    {
      "name": "Omega-3",
      "amount": 0.02
    },
    {
      "name": "Omega-6",
      "amount": 0.22
    },
    {
      "name": "Cholesterol",
      "amount": 0.0
    }
  ],
  "foodSource": "usda",
  "foodType": "deprecated"
}