{
  "name": "Soup, cream of asparagus, dry, mix, prepared with water",
  "sourceUID": 6473,
  "legacyUID": 6473,
  "pCF": 4.0,
  "cCF": 4.0,
  "lCF": 9.0,
  "comments": [],
  "measures": [
    {
      "grams": 1.0,
      "amount": 1.0,
      "description": "g"
    },
    {
      "grams": 251.0,
      "amount": 1.0,
      "description": "cup (8 fl oz)"
    },
    {
      "grams": 1129.0,
      "amount": 1.0,
      "description": "packet"
    }
  ],
  "nutrients": [
    {
      "name": "Energy",
      "amount": 23.0
    },
    {
      "name": "Protein",
      "amount": 0.88
    },
    {
      "name": "Carbs",
      "amount": 3.57
    },
    {
      "name": "Fat",
      "amount": 0.69
    },
    {
      "name": "Water",
      "amount": 93.9
    },
    {
      "name": "Ash",
      "amount": 0.96
    },
    {
      "name": "Calcium",
      "amount": 9.0
    },
    {
      "name": "Copper",
      "amount": 0.051
    },
    {
      "name": "Iron",
      "amount": 0.2
    },
    {
      "name": "Magnesium",
      "amount": 1.0
    },
    {
      "name": "Manganese",
      "amount": 0.102
    },
    {
      "name": "Phosphorus",
      "amount": 12.0
    },
    {
      "name": "Potassium",
      "amount": 53.0
    },
    {
      "name": "Sodium",
      "amount": 319.0
    },
    {
      "name": "Zinc",
      "amount": 0.27
    },
    {
      "name": "Vitamin A",
      "amount": 108.0
    },
    {
      "name": "Retinol",
      "amount": 0.0
    },
    {
      "name": "Folate",
      "amount": 3.0
    },
    {
      "name": "B1 (Thiamine)",
      "amount": 0.02
    },
    {
      "name": "B2 (Riboflavin)",
      "amount": 0.02
    },
    {
      "name": "B3 (Niacin)",
      "amount": 0.2
    },
    {
      "name": "B5 (Pantothenic Acid)",
      "amount": 0.03
    },
    {
      "name": "B6 (Pyridoxine)",
      "amount": 0.003
    },
    {
      "name": "B12 (Cyanocobalamin)",
      "amount": 0.01
    },
    {
      "name": "Vitamin C",
      "amount": 0.3
    },
    {
      "name": "Saturated",
      "amount": 0.02
    },
    {
      "name": "Monounsaturated",
      "amount": 0.3
    },
    {
      "name": "Polyunsaturated",
      "amount": 0.26
    },
    {
      "name": "Omega-3",
      "amount": 0.02
    },
    {
      "name": "Omega-6",
      "amount": 0.24
    },
    {
      "name": "Cholesterol",
      "amount": 0.0
    }
  ],
  "foodSource": "usda",
  "foodType": "deprecated"
}