{
  "name": "Soup, chicken vegetable, dry, mix, prepared with water",
  "sourceUID": 6486,
  "legacyUID": 6486,
  "pCF": 4.0,
  "cCF": 4.0,
  "lCF": 9.0,
  "comments": [],
  "measures": [
    {
      "grams": 1.0,
      "amount": 1.0,
      "description": "g"
    },
    {
      "grams": 251.0,
      "amount": 1.0,
      "description": "cup (8 fl oz)"
    },
    {
      "grams": 188.0,
      "amount": 1.0,
      "description": "packet (6 fl oz)"
    }
  ],
  "nutrients": [
    {
      "name": "Energy",
      "amount": 20.0
    },
    {
      "name": "Protein",
      "amount": 1.07
    },
    {
      "name": "Carbs",
      "amount": 3.11
    },
    {
      "name": "Fat",
      "amount": 0.32
    },
    {
      "name": "Water",
      "amount": 94.61
    },
    {
      "name": "Ash",
      "amount": 0.89
    },
    {
      "name": "Calcium",
      "amount": 6.0
    },
    {
      "name": "Copper",
      "amount": 0.01
    },
    {
      "name": "Iron",
      "amount": 0.23
    },
    {
      "name": "Magnesium",
      "amount": 9.0
    },
    {
      "name": "Manganese",
      "amount": 0.1
    },
    {
      "name": "Phosphorus",
      "amount": 13.0
    },
    {
      "name": "Potassium",
      "amount": 27.0
    },
    {
      "name": "Selenium",
      "amount": 1.7
    },
    {
      "name": "Sodium",
      "amount": 322.0
    },
    {
      "name": "Zinc",
      "amount": 0.08
    },
    {
      "name": "Vitamin A",
      "amount": 6.0
    },
    {
      "name": "Retinol",
      "amount": 0.0
    },
    {
      "name": "Folate",
      "amount": 1.0
    },
    {
      "name": "B1 (Thiamine)",
      "amount": 0.028
    },
    {
      "name": "B2 (Riboflavin)",
      "amount": 0.019
    },
    {
      "name": "B3 (Niacin)",
      "amount": 0.274
    },
    {
      "name": "B5 (Pantothenic Acid)",
      "amount": 0.1
    },
    {
      "name": "B6 (Pyridoxine)",
      "amount": 0.035
    },
    {
      "name": "B12 (Cyanocobalamin)",
      "amount": 0.04
    },
    {
      "name": "Vitamin C",
      "amount": 0.5
    },
    {
      "name": "Saturated",
      "amount": 0.07
    },
    {
      "name": "Monounsaturated",
      "amount": 0.12
    },
    {
      "name": "Polyunsaturated",
      "amount": 0.06
    },
    {
      "name": "Omega-6",
      "amount": 0.06
    },
    {
      "name": "Cholesterol",
      "amount": 1.0
    }
  ],
  "foodSource": "usda",
  "foodType": "deprecated"
}