{
  "name": "CAMPBELL'S Low Sodium Soups, Chicken with Noodles Soup",
  "sourceUID": 6482,
  "legacyUID": 6482,
  "pCF": 4.0,
  "cCF": 4.0,
  "lCF": 9.0,
  "comments": [],
  "measures": [
    {
      "grams": 1.0,
      "amount": 1.0,
      "description": "g"
    },
    {
      "grams": 305.0,
      "amount": 1.0,
      "description": "serving 1 container"
    }
  ],
  "nutrients": [
    {
      "name": "Energy",
      "amount": 52.0
    },
    {
      "name": "Protein",
      "amount": 3.93
    },
    {
      "name": "Carbs",
      "amount": 5.57
    },
    {
      "name": "Fiber",
      "amount": 0.7
    },
    {
      "name": "Sugars",
      "amount": 1.31
    },
    {
      "name": "Fat",
      "amount": 1.48
    },
    {
      "name": "Water",
      "amount": 88.8
    },
    {
      "name": "Ash",
      "amount": 0.5
    },
    {
      "name": "Calcium",
      "amount": 7.0
    },
    {
      "name": "Iron",
      "amount": 0.35
    },
    {
      "name": "Potassium",
      "amount": 161.0
    },
    {
      "name": "Sodium",
      "amount": 46.0
    },
    {
      "name": "Vitamin A",
      "amount": 492.0
    },
    {
      "name": "Vitamin C",
      "amount": 0.0
    },
    {
      "name": "Saturated",
      "amount": 0.492
    },
    {
      "name": "Monounsaturated",
      "amount": 0.656
    },
    {
      "name": "Polyunsaturated",
      "amount": 0.328
    },
    {
      "name": "Trans-Fats",
      "amount": 0.0
    },
    {
      "name": "Cholesterol",
      "amount": 10.0
    }
  ],
  "foodSource": "usda",
  "foodType": "deprecated"
}