{
  "name": "Soup, chicken rice, dry, mix, prepared with water",
  "sourceUID": 6485,
  "legacyUID": 6485,
  "pCF": 4.0,
  "cCF": 4.0,
  "lCF": 9.0,
  "comments": [],
  "measures": [
    {
      "grams": 1.0,
      "amount": 1.0,
      "description": "g"
    },
    {
      "grams": 240.0,
      "amount": 1.0,
      "description": "cup 8 fl oz"
    },
    {
      "grams": 30.0,
      "amount": 1.0,
      "description": "fl oz"
    }
  ],
  "nutrients": [
    {
      "name": "Energy",
      "amount": 24.0
    },
    {
      "name": "Protein",
      "amount": 0.97
    },
    {
      "name": "Carbs",
      "amount": 3.66
    },
    {
      "name": "Fiber",
      "amount": 0.3
    },
    {
      "name": "Sugars",
      "amount": 0.29
    },
    {
      "name": "Fat",
      "amount": 0.57
    },
    {
      "name": "Alcohol",
      "amount": 0.0
    },
    {
      "name": "Caffeine",
      "amount": 0.0
    },
    {
      "name": "Water",
      "amount": 93.84
    },
    {
      "name": "Ash",
      "amount": 0.97
    },
    {
      "name": "Calcium",
      "amount": 3.0
    },
    {
      "name": "Copper",
      "amount": 0.02
    },
    {
      "name": "Iron",
      "amount": 0.0
    },
    {
      "name": "Magnesium",
      "amount": 0.0
    },
    {
      "name": "Manganese",
      "amount": 0.08
    },
    {
      "name": "Phosphorus",
      "amount": 4.0
    },
    {
      "name": "Potassium",
      "amount": 4.0
    },
    {
      "name": "Selenium",
      "amount": 2.1
    },
    {
      "name": "Sodium",
      "amount": 388.0
    },
    {
      "name": "Zinc",
      "amount": 0.05
    },
    {
      "name": "Vitamin A",
      "amount": 2.0
    },
    {
      "name": "Retinol",
      "amount": 0.0
    },
    {
      "name": "Alpha-carotene",
      "amount": 0.0
    },
    {
      "name": "Beta-carotene",
      "amount": 1.0
    },
    {
      "name": "Beta-cryptoxanthin",
      "amount": 0.0
    },
    {
      "name": "Lycopene",
      "amount": 0.0
    },
    {
      "name": "Lutein+Zeaxanthin",
      "amount": 1.0
    },
    {
      "name": "Folate",
      "amount": 0.0
    },
    {
      "name": "B1 (Thiamine)",
      "amount": 0.0
    },
    {
      "name": "B2 (Riboflavin)",
      "amount": 0.0
    },
    {
      "name": "B3 (Niacin)",
      "amount": 0.144
    },
    {
      "name": "B5 (Pantothenic Acid)",
      "amount": 0.03
    },
    {
      "name": "B6 (Pyridoxine)",
      "amount": 0.01
    },
    {
      "name": "B12 (Cyanocobalamin)",
      "amount": 0.03
    },
    {
      "name": "Vitamin C",
      "amount": 0.0
    },
    {
      "name": "Vitamin D",
      "amount": 0.0
    },
    {
      "name": "Vitamin E",
      "amount": 0.02
    },
    {
      "name": "Vitamin K",
      "amount": 0.1
    },
    {
      "name": "Choline",
      "amount": 4.9
    },
    {
      "name": "Saturated",
      "amount": 0.13
    },
    {
      "name": "Monounsaturated",
      "amount": 0.25
    },
    {
      "name": "Polyunsaturated",
      "amount": 0.17
    },
    {
      "name": "Omega-3",
      "amount": 0.01
    },
    {
      "name": "Omega-6",
      "amount": 0.16
    },
    {
      "name": "Cholesterol",
      "amount": 1.0
    }
  ],
  "foodSource": "usda",
  "foodType": "deprecated"
}