{
  "name": "Soup, consomme with gelatin, dry, mix, prepared with water",
  "sourceUID": 6489,
  "legacyUID": 6489,
  "pCF": 4.0,
  "cCF": 4.0,
  "lCF": 9.0,
  "comments": [],
  "measures": [
    {
      "grams": 1.0,
      "amount": 1.0,
      "description": "g"
    },
    {
      "grams": 249.0,
      "amount": 1.0,
      "description": "cup 8 fl oz"
    },
    {
      "grams": 31.1,
      "amount": 1.0,
      "description": "fl oz"
    }
  ],
  "nutrients": [
    {
      "name": "Energy",
      "amount": 7.0
    },
    {
      "name": "Protein",
      "amount": 0.87
    },
    {
      "name": "Carbs",
      "amount": 0.78
    },
    {
      "name": "Fiber",
      "amount": 0.0
    },
    {
      "name": "Sugars",
      "amount": 0.45
    },
    {
      "name": "Fat",
      "amount": 0.08
    },
    {
      "name": "Alcohol",
      "amount": 0.0
    },
    {
      "name": "Caffeine",
      "amount": 0.0
    },
    {
      "name": "Water",
      "amount": 94.75
    },
    {
      "name": "Ash",
      "amount": 3.52
    },
    {
      "name": "Calcium",
      "amount": 5.0
    },
    {
      "name": "Copper",
      "amount": 0.022
    },
    {
      "name": "Iron",
      "amount": 0.09
    },
    {
      "name": "Magnesium",
      "amount": 3.0
    },
    {
      "name": "Manganese",
      "amount": 0.012
    },
    {
      "name": "Phosphorus",
      "amount": 6.0
    },
    {
      "name": "Potassium",
      "amount": 23.0
    },
    {
      "name": "Selenium",
      "amount": 0.8
    },
    {
      "name": "Sodium",
      "amount": 310.0
    },
    {
      "name": "Zinc",
      "amount": 0.02
    },
    {
      "name": "Vitamin A",
      "amount": 3.0
    },
    {
      "name": "Retinol",
      "amount": 0.0
    },
    {
      "name": "Alpha-carotene",
      "amount": 0.0
    },
    {
      "name": "Beta-carotene",
      "amount": 2.0
    },
    {
      "name": "Beta-cryptoxanthin",
      "amount": 0.0
    },
    {
      "name": "Lycopene",
      "amount": 127.0
    },
    {
      "name": "Lutein+Zeaxanthin",
      "amount": 0.0
    },
    {
      "name": "Folate",
      "amount": 5.0
    },
    {
      "name": "B1 (Thiamine)",
      "amount": 0.047
    },
    {
      "name": "B2 (Riboflavin)",
      "amount": 0.07
    },
    {
      "name": "B3 (Niacin)",
      "amount": 0.506
    },
    {
      "name": "B5 (Pantothenic Acid)",
      "amount": 0.009
    },
    {
      "name": "B6 (Pyridoxine)",
      "amount": 0.011
    },
    {
      "name": "B12 (Cyanocobalamin)",
      "amount": 0.02
    },
    {
      "name": "Vitamin C",
      "amount": 0.1
    },
    {
      "name": "Vitamin D",
      "amount": 0.0
    },
    {
      "name": "Vitamin E",
      "amount": 0.01
    },
    {
      "name": "Vitamin K",
      "amount": 0.0
    },
    {
      "name": "Choline",
      "amount": 2.4
    },
    {
      "name": "Saturated",
      "amount": 0.0
    },
    {
      "name": "Monounsaturated",
      "amount": 0.0
    },
    {
      "name": "Polyunsaturated",
      "amount": 0.0
    },
    {
      "name": "Omega-3",
      "amount": 0.0
    },
    {
      "name": "Omega-6",
      "amount": 0.0
    },
    {
      "name": "Cholesterol",
      "amount": 0.0
    }
  ],
  "foodSource": "usda",
  "foodType": "deprecated"
}