{
  "name": "CAMPBELL'S Low Sodium Soups, Cream of Mushroom Soup",
  "sourceUID": 6487,
  "legacyUID": 6487,
  "pCF": 4.0,
  "cCF": 4.0,
  "lCF": 9.0,
  "comments": [],
  "measures": [
    {
      "grams": 1.0,
      "amount": 1.0,
      "description": "g"
    },
    {
      "grams": 298.0,
      "amount": 1.0,
      "description": "serving 1 container"
    }
  ],
  "nutrients": [
    {
      "name": "Energy",
      "amount": 54.0
    },
    {
      "name": "Protein",
      "amount": 1.01
    },
    {
      "name": "Carbs",
      "amount": 6.38
    },
    {
      "name": "Fiber",
      "amount": 0.0
    },
    {
      "name": "Sugars",
      "amount": 2.01
    },
    {
      "name": "Fat",
      "amount": 2.68
    },
    {
      "name": "Water",
      "amount": 89.4
    },
    {
      "name": "Ash",
      "amount": 0.53
    },
    {
      "name": "Calcium",
      "amount": 13.0
    },
    {
      "name": "Potassium",
      "amount": 57.0
    },
    {
      "name": "Sodium",
      "amount": 20.0
    },
    {
      "name": "Saturated",
      "amount": 0.839
    },
    {
      "name": "Monounsaturated",
      "amount": 0.503
    },
    {
      "name": "Polyunsaturated",
      "amount": 1.342
    },
    {
      "name": "Trans-Fats",
      "amount": 0.0
    },
    {
      "name": "Cholesterol",
      "amount": 5.0
    }
  ],
  "foodSource": "usda",
  "foodType": "deprecated"
}