{
  "name": "Soup, mushroom, dry, mix, prepared with water",
  "sourceUID": 6493,
  "legacyUID": 6493,
  "pCF": 4.0,
  "cCF": 4.0,
  "lCF": 9.0,
  "comments": [],
  "measures": [
    {
      "grams": 1.0,
      "amount": 1.0,
      "description": "g"
    },
    {
      "grams": 253.0,
      "amount": 1.0,
      "description": "cup"
    },
    {
      "grams": 194.0,
      "amount": 1.0,
      "description": "packet (6 fl oz prepared)"
    }
  ],
  "nutrients": [
    {
      "name": "Energy",
      "amount": 33.0
    },
    {
      "name": "Protein",
      "amount": 0.66
    },
    {
      "name": "Carbs",
      "amount": 4.4
    },
    {
      "name": "Fiber",
      "amount": 0.2
    },
    {
      "name": "Sugars",
      "amount": 0.18
    },
    {
      "name": "Fat",
      "amount": 1.82
    },
    {
      "name": "Alcohol",
      "amount": 0.0
    },
    {
      "name": "Caffeine",
      "amount": 0.0
    },
    {
      "name": "Water",
      "amount": 92.36
    },
    {
      "name": "Ash",
      "amount": 1.19
    },
    {
      "name": "Calcium",
      "amount": 5.0
    },
    {
      "name": "Copper",
      "amount": 0.031
    },
    {
      "name": "Iron",
      "amount": 0.18
    },
    {
      "name": "Magnesium",
      "amount": 3.0
    },
    {
      "name": "Manganese",
      "amount": 0.027
    },
    {
      "name": "Phosphorus",
      "amount": 9.0
    },
    {
      "name": "Potassium",
      "amount": 38.0
    },
    {
      "name": "Selenium",
      "amount": 1.3
    },
    {
      "name": "Sodium",
      "amount": 403.0
    },
    {
      "name": "Zinc",
      "amount": 0.05
    },
    {
      "name": "Vitamin A",
      "amount": 39.0
    },
    {
      "name": "Retinol",
      "amount": 6.0
    },
    {
      "name": "Alpha-carotene",
      "amount": 0.0
    },
    {
      "name": "Beta-carotene",
      "amount": 12.0
    },
    {
      "name": "Beta-cryptoxanthin",
      "amount": 0.0
    },
    {
      "name": "Lycopene",
      "amount": 507.0
    },
    {
      "name": "Lutein+Zeaxanthin",
      "amount": 0.0
    },
    {
      "name": "Folate",
      "amount": 2.0
    },
    {
      "name": "B1 (Thiamine)",
      "amount": 0.007
    },
    {
      "name": "B2 (Riboflavin)",
      "amount": 0.013
    },
    {
      "name": "B3 (Niacin)",
      "amount": 0.239
    },
    {
      "name": "B5 (Pantothenic Acid)",
      "amount": 0.076
    },
    {
      "name": "B6 (Pyridoxine)",
      "amount": 0.009
    },
    {
      "name": "B12 (Cyanocobalamin)",
      "amount": 0.02
    },
    {
      "name": "Vitamin C",
      "amount": 0.4
    },
    {
      "name": "Vitamin D",
      "amount": 0.0
    },
    {
      "name": "Vitamin E",
      "amount": 0.22
    },
    {
      "name": "Beta Tocopherol",
      "amount": 0.0
    },
    {
      "name": "Vitamin K",
      "amount": 1.1
    },
    {
      "name": "Choline",
      "amount": 4.7
    },
    {
      "name": "Saturated",
      "amount": 0.32
    },
    {
      "name": "Monounsaturated",
      "amount": 0.89
    },
    {
      "name": "Polyunsaturated",
      "amount": 0.61
    },
    {
      "name": "Omega-3",
      "amount": 0.021
    },
    {
      "name": "Omega-6",
      "amount": 0.589
    },
    {
      "name": "Cholesterol",
      "amount": 0.0
    }
  ],
  "foodSource": "usda",
  "foodType": "deprecated"
}