{
  "name": "Soup, tomato vegetable, dry, mix, prepared with water",
  "sourceUID": 6499,
  "legacyUID": 6499,
  "pCF": 4.0,
  "cCF": 4.0,
  "lCF": 9.0,
  "comments": [],
  "measures": [
    {
      "grams": 1.0,
      "amount": 1.0,
      "description": "g"
    },
    {
      "grams": 245.0,
      "amount": 1.0,
      "description": "cup 8 fl oz"
    }
  ],
  "nutrients": [
    {
      "name": "Energy",
      "amount": 22.0
    },
    {
      "name": "Protein",
      "amount": 0.79
    },
    {
      "name": "Carbs",
      "amount": 4.04
    },
    {
      "name": "Fiber",
      "amount": 0.3
    },
    {
      "name": "Sugars",
      "amount": 0.99
    },
    {
      "name": "Fat",
      "amount": 0.34
    },
    {
      "name": "Alcohol",
      "amount": 0.0
    },
    {
      "name": "Caffeine",
      "amount": 0.0
    },
    {
      "name": "Water",
      "amount": 94.24
    },
    {
      "name": "Ash",
      "amount": 0.59
    },
    {
      "name": "Calcium",
      "amount": 8.0
    },
    {
      "name": "Copper",
      "amount": 0.045
    },
    {
      "name": "Iron",
      "amount": 0.24
    },
    {
      "name": "Magnesium",
      "amount": 4.0
    },
    {
      "name": "Manganese",
      "amount": 0.046
    },
    {
      "name": "Phosphorus",
      "amount": 14.0
    },
    {
      "name": "Potassium",
      "amount": 67.0
    },
    {
      "name": "Selenium",
      "amount": 0.8
    },
    {
      "name": "Sodium",
      "amount": 132.0
    },
    {
      "name": "Zinc",
      "amount": 0.08
    },
    {
      "name": "Vitamin A",
      "amount": 75.0
    },
    {
      "name": "Retinol",
      "amount": 0.0
    },
    {
      "name": "Alpha-carotene",
      "amount": 0.0
    },
    {
      "name": "Beta-carotene",
      "amount": 44.0
    },
    {
      "name": "Beta-cryptoxanthin",
      "amount": 0.0
    },
    {
      "name": "Lycopene",
      "amount": 1589.0
    },
    {
      "name": "Lutein+Zeaxanthin",
      "amount": 36.0
    },
    {
      "name": "Folate",
      "amount": 5.0
    },
    {
      "name": "B1 (Thiamine)",
      "amount": 0.025
    },
    {
      "name": "B2 (Riboflavin)",
      "amount": 0.038
    },
    {
      "name": "B3 (Niacin)",
      "amount": 0.498
    },
    {
      "name": "B5 (Pantothenic Acid)",
      "amount": 0.046
    },
    {
      "name": "B6 (Pyridoxine)",
      "amount": 0.026
    },
    {
      "name": "B12 (Cyanocobalamin)",
      "amount": 0.02
    },
    {
      "name": "Vitamin C",
      "amount": 1.2
    },
    {
      "name": "Vitamin D",
      "amount": 0.0
    },
    {
      "name": "Vitamin E",
      "amount": 0.17
    },
    {
      "name": "Beta Tocopherol",
      "amount": 0.0
    },
    {
      "name": "Vitamin K",
      "amount": 1.2
    },
    {
      "name": "Choline",
      "amount": 4.7
    },
    {
      "name": "Saturated",
      "amount": 0.15
    },
    {
      "name": "Monounsaturated",
      "amount": 0.12
    },
    {
      "name": "Polyunsaturated",
      "amount": 0.03
    },
    {
      "name": "Omega-3",
      "amount": 0.002
    },
    {
      "name": "Omega-6",
      "amount": 0.028
    },
    {
      "name": "Trans-Fats",
      "amount": 0.0
    },
    {
      "name": "Cholesterol",
      "amount": 0.0
    }
  ],
  "foodSource": "usda",
  "foodType": "deprecated"
}