{
  "name": "Soup, minestrone, dry, mix, prepared with water",
  "sourceUID": 6492,
  "legacyUID": 6492,
  "pCF": 4.0,
  "cCF": 4.0,
  "lCF": 9.0,
  "comments": [],
  "measures": [
    {
      "grams": 1.0,
      "amount": 1.0,
      "description": "g"
    },
    {
      "grams": 254.0,
      "amount": 1.0,
      "description": "cup (8 fl oz)"
    },
    {
      "grams": 1143.0,
      "amount": 1.0,
      "description": "packet (36 fl oz prepared)"
    }
  ],
  "nutrients": [
    {
      "name": "Energy",
      "amount": 31.0
    },
    {
      "name": "Protein",
      "amount": 1.75
    },
    {
      "name": "Carbs",
      "amount": 4.69
    },
    {
      "name": "Fat",
      "amount": 0.68
    },
    {
      "name": "Water",
      "amount": 91.67
    },
    {
      "name": "Ash",
      "amount": 1.21
    },
    {
      "name": "Calcium",
      "amount": 15.0
    },
    {
      "name": "Copper",
      "amount": 0.05
    },
    {
      "name": "Iron",
      "amount": 0.4
    },
    {
      "name": "Magnesium",
      "amount": 3.0
    },
    {
      "name": "Manganese",
      "amount": 0.16
    },
    {
      "name": "Phosphorus",
      "amount": 24.0
    },
    {
      "name": "Potassium",
      "amount": 134.0
    },
    {
      "name": "Selenium",
      "amount": 1.4
    },
    {
      "name": "Sodium",
      "amount": 404.0
    },
    {
      "name": "Zinc",
      "amount": 0.3
    },
    {
      "name": "Vitamin A",
      "amount": 116.0
    },
    {
      "name": "Retinol",
      "amount": 0.0
    },
    {
      "name": "Folate",
      "amount": 14.0
    },
    {
      "name": "B1 (Thiamine)",
      "amount": 0.03
    },
    {
      "name": "B2 (Riboflavin)",
      "amount": 0.02
    },
    {
      "name": "B3 (Niacin)",
      "amount": 0.4
    },
    {
      "name": "B5 (Pantothenic Acid)",
      "amount": 0.15
    },
    {
      "name": "B6 (Pyridoxine)",
      "amount": 0.04
    },
    {
      "name": "B12 (Cyanocobalamin)",
      "amount": 0.0
    },
    {
      "name": "Vitamin C",
      "amount": 0.4
    },
    {
      "name": "Saturated",
      "amount": 0.32
    },
    {
      "name": "Monounsaturated",
      "amount": 0.29
    },
    {
      "name": "Polyunsaturated",
      "amount": 0.04
    },
    {
      "name": "Omega-3",
      "amount": 0.01
    },
    {
      "name": "Omega-6",
      "amount": 0.03
    },
    {
      "name": "Cholesterol",
      "amount": 1.0
    }
  ],
  "foodSource": "usda",
  "foodType": "deprecated"
}