{
  "name": "Soup, oxtail, dry, mix, prepared with water",
  "sourceUID": 6495,
  "legacyUID": 6495,
  "pCF": 4.0,
  "cCF": 4.0,
  "lCF": 9.0,
  "comments": [],
  "measures": [
    {
      "grams": 1.0,
      "amount": 1.0,
      "description": "g"
    },
    {
      "grams": 244.0,
      "amount": 1.0,
      "description": "cup"
    }
  ],
  "nutrients": [
    {
      "name": "Energy",
      "amount": 28.0
    },
    {
      "name": "Protein",
      "amount": 1.11
    },
    {
      "name": "Carbs",
      "amount": 3.54
    },
    {
      "name": "Fiber",
      "amount": 0.1
    },
    {
      "name": "Sugars",
      "amount": 0.98
    },
    {
      "name": "Fat",
      "amount": 1.01
    },
    {
      "name": "Alcohol",
      "amount": 0.0
    },
    {
      "name": "Caffeine",
      "amount": 0.0
    },
    {
      "name": "Water",
      "amount": 92.96
    },
    {
      "name": "Ash",
      "amount": 1.38
    },
    {
      "name": "Calcium",
      "amount": 8.0
    },
    {
      "name": "Copper",
      "amount": 0.029
    },
    {
      "name": "Iron",
      "amount": 0.19
    },
    {
      "name": "Magnesium",
      "amount": 3.0
    },
    {
      "name": "Manganese",
      "amount": 0.033
    },
    {
      "name": "Phosphorus",
      "amount": 14.0
    },
    {
      "name": "Potassium",
      "amount": 13.0
    },
    {
      "name": "Selenium",
      "amount": 0.8
    },
    {
      "name": "Sodium",
      "amount": 475.0
    },
    {
      "name": "Zinc",
      "amount": 0.07
    },
    {
      "name": "Vitamin A",
      "amount": 4.0
    },
    {
      "name": "Retinol",
      "amount": 0.0
    },
    {
      "name": "Alpha-carotene",
      "amount": 0.0
    },
    {
      "name": "Beta-carotene",
      "amount": 2.0
    },
    {
      "name": "Beta-cryptoxanthin",
      "amount": 0.0
    },
    {
      "name": "Lycopene",
      "amount": 11.0
    },
    {
      "name": "Lutein+Zeaxanthin",
      "amount": 1.0
    },
    {
      "name": "Folate",
      "amount": 3.0
    },
    {
      "name": "B1 (Thiamine)",
      "amount": 0.008
    },
    {
      "name": "B2 (Riboflavin)",
      "amount": 0.005
    },
    {
      "name": "B3 (Niacin)",
      "amount": 0.079
    },
    {
      "name": "B5 (Pantothenic Acid)",
      "amount": 0.011
    },
    {
      "name": "B6 (Pyridoxine)",
      "amount": 0.011
    },
    {
      "name": "B12 (Cyanocobalamin)",
      "amount": 0.01
    },
    {
      "name": "Vitamin C",
      "amount": 0.1
    },
    {
      "name": "Vitamin D",
      "amount": 0.0
    },
    {
      "name": "Vitamin E",
      "amount": 0.13
    },
    {
      "name": "Beta Tocopherol",
      "amount": 0.0
    },
    {
      "name": "Vitamin K",
      "amount": 0.3
    },
    {
      "name": "Choline",
      "amount": 1.0
    },
    {
      "name": "Saturated",
      "amount": 0.5
    },
    {
      "name": "Monounsaturated",
      "amount": 0.42
    },
    {
      "name": "Polyunsaturated",
      "amount": 0.04
    },
    {
      "name": "Omega-3",
      "amount": 0.002
    },
    {
      "name": "Omega-6",
      "amount": 0.038
    },
    {
      "name": "Cholesterol",
      "amount": 0.0
    },
    {
      "name": "Phytosterol",
      "amount": 2.0
    },
    {
      "name": "ALA",
      "amount": 0.041
    },
    {
      "name": "ARG",
      "amount": 0.078
    },
    {
      "name": "ASP",
      "amount": 0.106
    },
    {
      "name": "CYS",
      "amount": 0.015
    },
    {
      "name": "GLU",
      "amount": 0.235
    },
    {
      "name": "GLY",
      "amount": 0.042
    },
    {
      "name": "HIS",
      "amount": 0.026
    },
    {
      "name": "ILE",
      "amount": 0.048
    },
    {
      "name": "LEU",
      "amount": 0.078
    },
    {
      "name": "LYS",
      "amount": 0.057
    },
    {
      "name": "MET",
      "amount": 0.014
    },
    {
      "name": "PHE",
      "amount": 0.053
    },
    {
      "name": "PRO",
      "amount": 0.069
    },
    {
      "name": "SER",
      "amount": 0.053
    },
    {
      "name": "THR",
      "amount": 0.035
    },
    {
      "name": "TRP",
      "amount": 0.013
    },
    {
      "name": "TYR",
      "amount": 0.037
    },
    {
      "name": "VAL",
      "amount": 0.047
    }
  ],
  "foodSource": "usda",
  "foodType": "deprecated"
}