{
  "name": "Soup, pea, green, mix, dry, mix, prepared with water",
  "sourceUID": 6496,
  "legacyUID": 6496,
  "pCF": 4.0,
  "cCF": 4.0,
  "lCF": 9.0,
  "comments": [],
  "measures": [
    {
      "grams": 1.0,
      "amount": 1.0,
      "description": "g"
    },
    {
      "grams": 271.0,
      "amount": 1.0,
      "description": "cup"
    },
    {
      "grams": 206.0,
      "amount": 1.0,
      "description": "packet (6 fl oz prepared)"
    }
  ],
  "nutrients": [
    {
      "name": "Energy",
      "amount": 40.0
    },
    {
      "name": "Protein",
      "amount": 0.24
    },
    {
      "name": "Carbs",
      "amount": 8.37
    },
    {
      "name": "Fiber",
      "amount": 0.3
    },
    {
      "name": "Sugars",
      "amount": 1.06
    },
    {
      "name": "Fat",
      "amount": 0.58
    },
    {
      "name": "Alcohol",
      "amount": 0.0
    },
    {
      "name": "Caffeine",
      "amount": 0.0
    },
    {
      "name": "Water",
      "amount": 89.5
    },
    {
      "name": "Ash",
      "amount": 1.3
    },
    {
      "name": "Calcium",
      "amount": 7.0
    },
    {
      "name": "Copper",
      "amount": 0.021
    },
    {
      "name": "Iron",
      "amount": 0.09
    },
    {
      "name": "Magnesium",
      "amount": 3.0
    },
    {
      "name": "Manganese",
      "amount": 0.033
    },
    {
      "name": "Phosphorus",
      "amount": 7.0
    },
    {
      "name": "Potassium",
      "amount": 25.0
    },
    {
      "name": "Selenium",
      "amount": 0.3
    },
    {
      "name": "Sodium",
      "amount": 452.0
    },
    {
      "name": "Zinc",
      "amount": 0.06
    },
    {
      "name": "Vitamin A",
      "amount": 18.0
    },
    {
      "name": "Retinol",
      "amount": 0.0
    },
    {
      "name": "Alpha-carotene",
      "amount": 0.0
    },
    {
      "name": "Beta-carotene",
      "amount": 11.0
    },
    {
      "name": "Beta-cryptoxanthin",
      "amount": 0.0
    },
    {
      "name": "Lycopene",
      "amount": 0.0
    },
    {
      "name": "Lutein+Zeaxanthin",
      "amount": 58.0
    },
    {
      "name": "Folate",
      "amount": 3.0
    },
    {
      "name": "B1 (Thiamine)",
      "amount": 0.012
    },
    {
      "name": "B2 (Riboflavin)",
      "amount": 0.004
    },
    {
      "name": "B3 (Niacin)",
      "amount": 0.056
    },
    {
      "name": "B5 (Pantothenic Acid)",
      "amount": 0.019
    },
    {
      "name": "B6 (Pyridoxine)",
      "amount": 0.023
    },
    {
      "name": "B12 (Cyanocobalamin)",
      "amount": 0.0
    },
    {
      "name": "Vitamin C",
      "amount": 1.2
    },
    {
      "name": "Vitamin E",
      "amount": 0.01
    },
    {
      "name": "Beta Tocopherol",
      "amount": 0.0
    },
    {
      "name": "Vitamin K",
      "amount": 0.9
    },
    {
      "name": "Choline",
      "amount": 9.0
    },
    {
      "name": "Saturated",
      "amount": 0.16
    },
    {
      "name": "Monounsaturated",
      "amount": 0.27
    },
    {
      "name": "Polyunsaturated",
      "amount": 0.11
    },
    {
      "name": "Omega-3",
      "amount": 0.006
    },
    {
      "name": "Omega-6",
      "amount": 0.104
    },
    {
      "name": "Cholesterol",
      "amount": 0.0
    }
  ],
  "foodSource": "usda",
  "foodType": "deprecated"
}