{
  "name": "Soup, leek, dry, mix, prepared with water",
  "sourceUID": 6490,
  "legacyUID": 6490,
  "pCF": 4.0,
  "cCF": 4.0,
  "lCF": 9.0,
  "comments": [],
  "measures": [
    {
      "grams": 1.0,
      "amount": 1.0,
      "description": "g"
    },
    {
      "grams": 254.0,
      "amount": 1.0,
      "description": "cup"
    },
    {
      "grams": 254.0,
      "amount": 1.0,
      "description": "cup (8 fl oz)"
    },
    {
      "grams": 1143.0,
      "amount": 1.0,
      "description": "packet (36 fl oz prepared)"
    }
  ],
  "nutrients": [
    {
      "name": "Energy",
      "amount": 29.0
    },
    {
      "name": "Protein",
      "amount": 0.83
    },
    {
      "name": "Carbs",
      "amount": 4.5
    },
    {
      "name": "Fiber",
      "amount": 0.4
    },
    {
      "name": "Sugars",
      "amount": 0.8
    },
    {
      "name": "Fat",
      "amount": 0.88
    },
    {
      "name": "Alcohol",
      "amount": 0.0
    },
    {
      "name": "Caffeine",
      "amount": 0.0
    },
    {
      "name": "Water",
      "amount": 92.7
    },
    {
      "name": "Ash",
      "amount": 1.08
    },
    {
      "name": "Calcium",
      "amount": 10.0
    },
    {
      "name": "Copper",
      "amount": 0.03
    },
    {
      "name": "Iron",
      "amount": 0.14
    },
    {
      "name": "Magnesium",
      "amount": 5.0
    },
    {
      "name": "Manganese",
      "amount": 0.055
    },
    {
      "name": "Phosphorus",
      "amount": 14.0
    },
    {
      "name": "Potassium",
      "amount": 55.0
    },
    {
      "name": "Selenium",
      "amount": 0.8
    },
    {
      "name": "Sodium",
      "amount": 333.0
    },
    {
      "name": "Zinc",
      "amount": 0.09
    },
    {
      "name": "Vitamin A",
      "amount": 2.0
    },
    {
      "name": "Retinol",
      "amount": 0.0
    },
    {
      "name": "Alpha-carotene",
      "amount": 0.0
    },
    {
      "name": "Beta-carotene",
      "amount": 1.0
    },
    {
      "name": "Beta-cryptoxanthin",
      "amount": 0.0
    },
    {
      "name": "Lycopene",
      "amount": 0.0
    },
    {
      "name": "Lutein+Zeaxanthin",
      "amount": 2.0
    },
    {
      "name": "Folate",
      "amount": 5.0
    },
    {
      "name": "B1 (Thiamine)",
      "amount": 0.031
    },
    {
      "name": "B2 (Riboflavin)",
      "amount": 0.005
    },
    {
      "name": "B3 (Niacin)",
      "amount": 0.171
    },
    {
      "name": "B5 (Pantothenic Acid)",
      "amount": 0.076
    },
    {
      "name": "B6 (Pyridoxine)",
      "amount": 0.051
    },
    {
      "name": "B12 (Cyanocobalamin)",
      "amount": 0.0
    },
    {
      "name": "Vitamin C",
      "amount": 3.0
    },
    {
      "name": "Vitamin E",
      "amount": 0.07
    },
    {
      "name": "Beta Tocopherol",
      "amount": 0.0
    },
    {
      "name": "Vitamin K",
      "amount": 0.4
    },
    {
      "name": "Choline",
      "amount": 0.0
    },
    {
      "name": "Saturated",
      "amount": 0.4
    },
    {
      "name": "Monounsaturated",
      "amount": 0.34
    },
    {
      "name": "Polyunsaturated",
      "amount": 0.03
    },
    {
      "name": "Omega-3",
      "amount": 0.002
    },
    {
      "name": "Omega-6",
      "amount": 0.028
    },
    {
      "name": "Cholesterol",
      "amount": 0.0
    }
  ],
  "foodSource": "usda",
  "foodType": "deprecated"
}