{
  "name": "CAMPBELL'S Red and White - Microwaveable Bowls, Chicken Noodle Soup",
  "sourceUID": 6497,
  "legacyUID": 6497,
  "pCF": 4.0,
  "cCF": 4.0,
  "lCF": 9.0,
  "comments": [],
  "measures": [
    {
      "grams": 1.0,
      "amount": 1.0,
      "description": "g"
    },
    {
      "grams": 245.0,
      "amount": 1.0,
      "description": "cup"
    },
    {
      "grams": 245.0,
      "amount": 1.0,
      "description": "serving"
    }
  ],
  "nutrients": [
    {
      "name": "Energy",
      "amount": 30.0
    },
    {
      "name": "Protein",
      "amount": 1.63
    },
    {
      "name": "Carbs",
      "amount": 4.08
    },
    {
      "name": "Fiber",
      "amount": 0.4
    },
    {
      "name": "Sugars",
      "amount": 0.0
    },
    {
      "name": "Fat",
      "amount": 0.82
    },
    {
      "name": "Water",
      "amount": 92.4
    },
    {
      "name": "Ash",
      "amount": 1.07
    },
    {
      "name": "Calcium",
      "amount": 0.0
    },
    {
      "name": "Iron",
      "amount": 0.29
    },
    {
      "name": "Sodium",
      "amount": 355.0
    },
    {
      "name": "Vitamin A",
      "amount": 204.0
    },
    {
      "name": "Vitamin C",
      "amount": 0.0
    },
    {
      "name": "Saturated",
      "amount": 0.204
    },
    {
      "name": "Trans-Fats",
      "amount": 0.0
    },
    {
      "name": "Cholesterol",
      "amount": 6.0
    }
  ],
  "foodSource": "usda",
  "foodType": "deprecated"
}