{
  "name": "CAMPBELL'S Red and White - Microwaveable Bowls, Creamy Tomato Soup",
  "sourceUID": 6503,
  "legacyUID": 6503,
  "pCF": 4.0,
  "cCF": 4.0,
  "lCF": 9.0,
  "comments": [],
  "measures": [
    {
      "grams": 1.0,
      "amount": 1.0,
      "description": "g"
    },
    {
      "grams": 245.0,
      "amount": 1.0,
      "description": "cup"
    },
    {
      "grams": 245.0,
      "amount": 1.0,
      "description": "serving"
    }
  ],
  "nutrients": [
    {
      "name": "Energy",
      "amount": 64.0
    },
    {
      "name": "Protein",
      "amount": 1.22
    },
    {
      "name": "Carbs",
      "amount": 10.2
    },
    {
      "name": "Fiber",
      "amount": 1.2
    },
    {
      "name": "Sugars",
      "amount": 6.53
    },
    {
      "name": "Fat",
      "amount": 2.04
    },
    {
      "name": "Water",
      "amount": 84.7
    },
    {
      "name": "Ash",
      "amount": 1.83
    },
    {
      "name": "Calcium",
      "amount": 16.0
    },
    {
      "name": "Iron",
      "amount": 0.15
    },
    {
      "name": "Sodium",
      "amount": 306.0
    },
    {
      "name": "Vitamin A",
      "amount": 204.0
    },
    {
      "name": "Vitamin C",
      "amount": 2.4
    },
    {
      "name": "Saturated",
      "amount": 0.408
    },
    {
      "name": "Trans-Fats",
      "amount": 0.0
    },
    {
      "name": "Cholesterol",
      "amount": 2.0
    }
  ],
  "foodSource": "usda",
  "foodType": "deprecated"
}