{
  "name": "Soup, vegetable beef, dry, mix, prepared with water",
  "sourceUID": 6500,
  "legacyUID": 6500,
  "pCF": 4.0,
  "cCF": 4.0,
  "lCF": 9.0,
  "comments": [],
  "measures": [
    {
      "grams": 1.0,
      "amount": 1.0,
      "description": "g"
    },
    {
      "grams": 253.0,
      "amount": 1.0,
      "description": "cup 8 fl oz"
    }
  ],
  "nutrients": [
    {
      "name": "Energy",
      "amount": 21.0
    },
    {
      "name": "Protein",
      "amount": 1.16
    },
    {
      "name": "Carbs",
      "amount": 3.17
    },
    {
      "name": "Fiber",
      "amount": 0.3
    },
    {
      "name": "Sugars",
      "amount": 0.36
    },
    {
      "name": "Fat",
      "amount": 0.44
    },
    {
      "name": "Alcohol",
      "amount": 0.0
    },
    {
      "name": "Caffeine",
      "amount": 0.0
    },
    {
      "name": "Water",
      "amount": 94.2
    },
    {
      "name": "Ash",
      "amount": 1.07
    },
    {
      "name": "Calcium",
      "amount": 6.0
    },
    {
      "name": "Copper",
      "amount": 0.035
    },
    {
      "name": "Iron",
      "amount": 0.21
    },
    {
      "name": "Magnesium",
      "amount": 5.0
    },
    {
      "name": "Manganese",
      "amount": 0.03
    },
    {
      "name": "Phosphorus",
      "amount": 14.0
    },
    {
      "name": "Potassium",
      "amount": 72.0
    },
    {
      "name": "Selenium",
      "amount": 0.7
    },
    {
      "name": "Sodium",
      "amount": 312.0
    },
    {
      "name": "Zinc",
      "amount": 0.11
    },
    {
      "name": "Vitamin A",
      "amount": 94.0
    },
    {
      "name": "Retinol",
      "amount": 0.0
    },
    {
      "name": "Alpha-carotene",
      "amount": 18.0
    },
    {
      "name": "Beta-carotene",
      "amount": 47.0
    },
    {
      "name": "Beta-cryptoxanthin",
      "amount": 1.0
    },
    {
      "name": "Lycopene",
      "amount": 139.0
    },
    {
      "name": "Lutein+Zeaxanthin",
      "amount": 8.0
    },
    {
      "name": "Folate",
      "amount": 8.0
    },
    {
      "name": "B1 (Thiamine)",
      "amount": 0.064
    },
    {
      "name": "B2 (Riboflavin)",
      "amount": 0.081
    },
    {
      "name": "B3 (Niacin)",
      "amount": 0.73
    },
    {
      "name": "B5 (Pantothenic Acid)",
      "amount": 0.058
    },
    {
      "name": "B6 (Pyridoxine)",
      "amount": 0.044
    },
    {
      "name": "B12 (Cyanocobalamin)",
      "amount": 0.03
    },
    {
      "name": "Vitamin C",
      "amount": 0.8
    },
    {
      "name": "Vitamin D",
      "amount": 0.0
    },
    {
      "name": "Vitamin E",
      "amount": 0.08
    },
    {
      "name": "Beta Tocopherol",
      "amount": 0.0
    },
    {
      "name": "Vitamin K",
      "amount": 0.5
    },
    {
      "name": "Choline",
      "amount": 3.6
    },
    {
      "name": "Saturated",
      "amount": 0.22
    },
    {
      "name": "Monounsaturated",
      "amount": 0.18
    },
    {
      "name": "Polyunsaturated",
      "amount": 0.02
    },
    {
      "name": "Omega-3",
      "amount": 0.001
    },
    {
      "name": "Omega-6",
      "amount": 0.019
    },
    {
      "name": "Cholesterol",
      "amount": 0.0
    }
  ],
  "foodSource": "usda",
  "foodType": "deprecated"
}