{
  "name": "CAMPBELL'S Red and White - Microwaveable Bowls, Tomato Soup",
  "sourceUID": 6504,
  "legacyUID": 6504,
  "pCF": 4.0,
  "cCF": 4.0,
  "lCF": 9.0,
  "comments": [],
  "measures": [
    {
      "grams": 1.0,
      "amount": 1.0,
      "description": "g"
    },
    {
      "grams": 245.0,
      "amount": 1.0,
      "description": "cup"
    },
    {
      "grams": 245.0,
      "amount": 1.0,
      "description": "serving"
    }
  ],
  "nutrients": [
    {
      "name": "Energy",
      "amount": 44.0
    },
    {
      "name": "Protein",
      "amount": 1.22
    },
    {
      "name": "Carbs",
      "amount": 9.8
    },
    {
      "name": "Fiber",
      "amount": 1.2
    },
    {
      "name": "Sugars",
      "amount": 7.35
    },
    {
      "name": "Fat",
      "amount": 0.0
    },
    {
      "name": "Water",
      "amount": 87.4
    },
    {
      "name": "Ash",
      "amount": 1.58
    },
    {
      "name": "Calcium",
      "amount": 8.0
    },
    {
      "name": "Iron",
      "amount": 0.15
    },
    {
      "name": "Sodium",
      "amount": 322.0
    },
    {
      "name": "Vitamin A",
      "amount": 163.0
    },
    {
      "name": "Vitamin C",
      "amount": 2.4
    },
    {
      "name": "Saturated",
      "amount": 0.0
    },
    {
      "name": "Trans-Fats",
      "amount": 0.0
    },
    {
      "name": "Cholesterol",
      "amount": 0.0
    }
  ],
  "foodSource": "usda",
  "foodType": "deprecated"
}