{
  "name": "Soup, cream of vegetable, dry, mix, prepared with water",
  "sourceUID": 6501,
  "legacyUID": 6501,
  "pCF": 4.0,
  "cCF": 4.0,
  "lCF": 9.0,
  "comments": [],
  "measures": [
    {
      "grams": 1.0,
      "amount": 1.0,
      "description": "g"
    },
    {
      "grams": 260.0,
      "amount": 1.0,
      "description": "cup (8 fl oz)"
    },
    {
      "grams": 195.0,
      "amount": 1.0,
      "description": "packet (6 fl oz prepared)"
    }
  ],
  "nutrients": [
    {
      "name": "Energy",
      "amount": 41.0
    },
    {
      "name": "Protein",
      "amount": 0.73
    },
    {
      "name": "Carbs",
      "amount": 4.73
    },
    {
      "name": "Fiber",
      "amount": 0.2
    },
    {
      "name": "Sugars",
      "amount": 0.17
    },
    {
      "name": "Fat",
      "amount": 2.19
    },
    {
      "name": "Alcohol",
      "amount": 0.0
    },
    {
      "name": "Caffeine",
      "amount": 0.0
    },
    {
      "name": "Water",
      "amount": 91.18
    },
    {
      "name": "Ash",
      "amount": 1.17
    },
    {
      "name": "Calcium",
      "amount": 12.0
    },
    {
      "name": "Copper",
      "amount": 0.04
    },
    {
      "name": "Iron",
      "amount": 0.2
    },
    {
      "name": "Magnesium",
      "amount": 4.0
    },
    {
      "name": "Manganese",
      "amount": 0.07
    },
    {
      "name": "Phosphorus",
      "amount": 21.0
    },
    {
      "name": "Potassium",
      "amount": 37.0
    },
    {
      "name": "Selenium",
      "amount": 1.9
    },
    {
      "name": "Sodium",
      "amount": 450.0
    },
    {
      "name": "Zinc",
      "amount": 0.1
    },
    {
      "name": "Vitamin A",
      "amount": 1.0
    },
    {
      "name": "Retinol",
      "amount": 0.0
    },
    {
      "name": "Alpha-carotene",
      "amount": 0.0
    },
    {
      "name": "Beta-carotene",
      "amount": 1.0
    },
    {
      "name": "Beta-cryptoxanthin",
      "amount": 0.0
    },
    {
      "name": "Lycopene",
      "amount": 0.0
    },
    {
      "name": "Lutein+Zeaxanthin",
      "amount": 1.0
    },
    {
      "name": "Folate",
      "amount": 3.0
    },
    {
      "name": "B1 (Thiamine)",
      "amount": 0.47
    },
    {
      "name": "B2 (Riboflavin)",
      "amount": 0.041
    },
    {
      "name": "B3 (Niacin)",
      "amount": 0.2
    },
    {
      "name": "B5 (Pantothenic Acid)",
      "amount": 0.06
    },
    {
      "name": "B6 (Pyridoxine)",
      "amount": 0.01
    },
    {
      "name": "B12 (Cyanocobalamin)",
      "amount": 0.05
    },
    {
      "name": "Vitamin C",
      "amount": 1.5
    },
    {
      "name": "Vitamin E",
      "amount": 0.17
    },
    {
      "name": "Vitamin K",
      "amount": 0.7
    },
    {
      "name": "Saturated",
      "amount": 0.55
    },
    {
      "name": "Monounsaturated",
      "amount": 0.98
    },
    {
      "name": "Polyunsaturated",
      "amount": 0.57
    },
    {
      "name": "Omega-3",
      "amount": 0.04
    },
    {
      "name": "Omega-6",
      "amount": 0.54
    },
    {
      "name": "Cholesterol",
      "amount": 0.0
    }
  ],
  "foodSource": "usda",
  "foodType": "deprecated"
}